carrier_id,firm_id,depot_zone,contract_firms,depot_lower,depot_upper,depot_time_before,depot_time_after,c_x,c_y,md_D,md_E,hdt_D,hdt_E,hdv_D,hdv_E,ev_type
B2B_98420_0md_D,B2B_98420_0,176,['98420_0'],577,1514,10,20,-97.3092946819527,30.093453629269,18,12,6,5,12,5,Battery Electric
B2B_98420_0md_E,B2B_98420_0,176,['98420_0'],577,1514,10,20,-97.3092946819527,30.093453629269,18,12,6,5,12,5,Battery Electric
B2B_98420_0hdv_D,B2B_98420_0,176,['98420_0'],577,1514,10,20,-97.3092946819527,30.093453629269,18,12,6,5,12,5,Battery Electric
B2B_119437_1md_D_0,B2B_119437_1,166,['119437_1'],444,1383,10,20,-97.3567528575161,30.3296253447903,68,33,36,12,32,14,Battery Electric
B2B_119437_1md_D_1,B2B_119437_1,166,['119437_1'],444,1383,10,20,-97.3567528575161,30.3296253447903,68,33,36,12,32,14,Battery Electric
B2B_119437_1md_D_2,B2B_119437_1,166,['119437_1'],444,1383,10,20,-97.3567528575161,30.3296253447903,68,33,36,12,32,14,Battery Electric
B2B_119437_1md_D_3,B2B_119437_1,166,['119437_1'],444,1383,10,20,-97.3567528575161,30.3296253447903,68,33,36,12,32,14,Battery Electric
B2B_119437_1md_E_0,B2B_119437_1,166,['119437_1'],444,1383,10,20,-97.3567528575161,30.3296253447903,68,33,36,12,32,14,Battery Electric
B2B_119437_1md_E_1,B2B_119437_1,166,['119437_1'],444,1383,10,20,-97.3567528575161,30.3296253447903,68,33,36,12,32,14,Battery Electric
B2B_119437_1hdt_D_0,B2B_119437_1,166,['119437_1'],444,1383,10,20,-97.3567528575161,30.3296253447903,68,33,36,12,32,14,Battery Electric
B2B_119437_1hdt_D_1,B2B_119437_1,166,['119437_1'],444,1383,10,20,-97.3567528575161,30.3296253447903,68,33,36,12,32,14,Battery Electric
B2B_119437_1hdt_E,B2B_119437_1,166,['119437_1'],444,1383,10,20,-97.3567528575161,30.3296253447903,68,33,36,12,32,14,Battery Electric
B2B_119437_1hdv_D_0,B2B_119437_1,166,['119437_1'],444,1383,10,20,-97.3567528575161,30.3296253447903,68,33,36,12,32,14,Battery Electric
B2B_119437_1hdv_D_1,B2B_119437_1,166,['119437_1'],444,1383,10,20,-97.3567528575161,30.3296253447903,68,33,36,12,32,14,Battery Electric
B2B_119437_1hdv_E,B2B_119437_1,166,['119437_1'],444,1383,10,20,-97.3567528575161,30.3296253447903,68,33,36,12,32,14,Battery Electric
B2B_121545_2hdt_D,B2B_121545_2,3148,['121545_2'],421,1640,25,20,-98.23208406606597,30.04127162823274,22,8,38,7,22,7,Battery Electric
B2B_121545_2hdt_E,B2B_121545_2,3148,['121545_2'],421,1640,25,20,-98.23208406606597,30.04127162823274,22,8,38,7,22,7,Battery Electric
B2B_121545_2hdv_D,B2B_121545_2,3148,['121545_2'],421,1640,25,20,-98.23208406606597,30.04127162823274,22,8,38,7,22,7,Battery Electric
B2B_854569_3hdt_D,B2B_854569_3,192,['854569_3'],776,2880,10,20,-97.4500037823944,29.9630410650742,5,5,13,5,11,5,Battery Electric
B2B_854569_3hdv_D,B2B_854569_3,192,['854569_3'],776,2880,10,20,-97.4500037823944,29.9630410650742,5,5,13,5,11,5,Battery Electric
B2B_854798_4hdt_D,B2B_854798_4,6556,['854798_4'],253,1550,5,5,-97.92081127994568,30.74437684458417,8,5,8,5,7,5,Battery Electric
B2B_854798_4hdv_D,B2B_854798_4,6556,['854798_4'],253,1550,5,5,-97.92081127994568,30.74437684458417,8,5,8,5,7,5,Battery Electric
B2B_856025_5hdt_D,B2B_856025_5,184,['856025_5'],194,1321,25,20,-97.15074579105176,30.118563342981947,10,5,20,6,10,6,Battery Electric
B2B_856025_5hdt_E,B2B_856025_5,184,['856025_5'],194,1321,25,20,-97.15074579105176,30.118563342981947,10,5,20,6,10,6,Battery Electric
B2B_856945_6md_D,B2B_856945_6,3132,['856945_6'],347,1640,5,5,-98.00981900273317,29.80132702891156,15,11,9,5,7,5,Battery Electric
B2B_856945_6md_E,B2B_856945_6,3132,['856945_6'],347,1640,5,5,-98.00981900273317,29.80132702891156,15,11,9,5,7,5,Battery Electric
B2B_862589_7hdt_D,B2B_862589_7,167,['862589_7'],815,2880,20,5,-97.3539670227327,30.3467139401019,5,5,6,5,5,5,Battery Electric
B2B_864558_8hdv_D,B2B_864558_8,3132,['864558_8'],127,1285,20,20,-98.00981900273317,29.80132702891156,6,5,10,5,11,5,Battery Electric
B2B_864996_9hdt_D,B2B_864996_9,159,['864996_9'],882,1285,5,10,-97.3696796712803,30.2432082897841,16,11,22,11,16,5,Battery Electric
B2B_864996_10md_D,B2B_864996_10,159,['864996_10'],768,2880,10,25,-97.3696796712803,30.2432082897841,16,11,22,11,16,5,Battery Electric
B2B_864996_10md_E,B2B_864996_10,159,['864996_10'],768,2880,10,25,-97.3696796712803,30.2432082897841,16,11,22,11,16,5,Battery Electric
B2B_864996_10hdt_D,B2B_864996_10,159,['864996_10'],768,2880,10,25,-97.3696796712803,30.2432082897841,16,11,22,11,16,5,Battery Electric
B2B_864996_10hdt_E,B2B_864996_10,159,['864996_10'],768,2880,10,25,-97.3696796712803,30.2432082897841,16,11,22,11,16,5,Battery Electric
B2B_864996_10hdv_D,B2B_864996_10,159,['864996_10'],768,2880,10,25,-97.3696796712803,30.2432082897841,16,11,22,11,16,5,Battery Electric
B2B_877119_11hdt_D,B2B_877119_11,184,['877119_11'],417,1658,10,5,-97.15074579105176,30.118563342981947,5,5,7,5,5,5,Battery Electric
B2B_879940_12hdt_D,B2B_879940_12,184,['879940_12'],320,1352,25,10,-97.15074579105176,30.118563342981947,5,5,7,5,7,5,Battery Electric
B2B_879940_12hdv_D,B2B_879940_12,184,['879940_12'],320,1352,25,10,-97.15074579105176,30.118563342981947,5,5,7,5,7,5,Battery Electric
B2B_881570_13md_D,B2B_881570_13,172,['881570_13'],542,1640,20,5,-97.2867855440191,30.0504291685332,14,12,12,5,6,5,Battery Electric
B2B_881570_13md_E,B2B_881570_13,172,['881570_13'],542,1640,20,5,-97.2867855440191,30.0504291685332,14,12,12,5,6,5,Battery Electric
B2B_881570_13hdt_D,B2B_881570_13,172,['881570_13'],542,1640,20,5,-97.2867855440191,30.0504291685332,14,12,12,5,6,5,Battery Electric
B2B_887848_14hdt_D,B2B_887848_14,175,['887848_14'],725,2880,5,10,-97.3221849427473,30.1137822582258,5,5,11,5,6,5,Battery Electric
B2B_887848_14hdv_D,B2B_887848_14,175,['887848_14'],725,2880,5,10,-97.3221849427473,30.1137822582258,5,5,11,5,6,5,Battery Electric
B2B_889020_15md_D,B2B_889020_15,162,['889020_15'],666,1428,15,10,-97.2746891155909,30.3397759292207,14,14,14,5,5,5,Battery Electric
B2B_889020_15md_E,B2B_889020_15,162,['889020_15'],666,1428,15,10,-97.2746891155909,30.3397759292207,14,14,14,5,5,5,Battery Electric
B2B_889020_15hdt_D,B2B_889020_15,162,['889020_15'],666,1428,15,10,-97.2746891155909,30.3397759292207,14,14,14,5,5,5,Battery Electric
B2B_898072_16hdt_D,B2B_898072_16,6553,['898072_16'],121,1522,20,15,-97.73598913607752,30.876302785723396,5,5,6,5,6,5,PHEV
B2B_905183_17md_D,B2B_905183_17,3148,['905183_17'],300,1405,10,20,-98.23208406606597,30.04127162823274,17,5,9,5,6,5,Battery Electric
B2B_905183_17hdt_D,B2B_905183_17,3148,['905183_17'],300,1405,10,20,-98.23208406606597,30.04127162823274,17,5,9,5,6,5,Battery Electric
B2B_906687_18hdv_D,B2B_906687_18,192,['906687_18'],770,1329,15,15,-97.5010971959478,29.9971354046287,5,5,9,5,12,6,Battery Electric
B2B_906687_18hdv_E,B2B_906687_18,192,['906687_18'],770,1329,15,15,-97.5010971959478,29.9971354046287,5,5,9,5,12,6,Battery Electric
B2B_907849_19hdt_D,B2B_907849_19,6553,['907849_19'],198,1550,5,5,-97.73598913607752,30.876302785723396,7,5,12,5,8,5,Battery Electric
B2B_913099_20hdt_D,B2B_913099_20,184,['913099_20'],225,1262,15,25,-97.15074579105176,30.118563342981947,9,5,7,5,6,5,Battery Electric
B2B_920570_21md_D,B2B_920570_21,3148,['920570_21'],390,1536,20,20,-98.23208406606597,30.04127162823274,14,10,6,5,6,5,Battery Electric
B2B_920570_21md_E,B2B_920570_21,3148,['920570_21'],390,1536,20,20,-98.23208406606597,30.04127162823274,14,10,6,5,6,5,Battery Electric
B2B_921259_22hdt_D,B2B_921259_22,6556,['921259_22'],344,1420,25,15,-97.92081127994568,30.74437684458417,5,5,6,5,5,5,Battery Electric
B2B_934733_23hdv_D,B2B_934733_23,189,['934733_23'],275,2880,15,25,-97.1426478430752,30.0022054769005,5,5,5,5,7,5,Battery Electric
B2B_947112_24hdt_D,B2B_947112_24,187,['947112_24'],482,2880,10,10,-97.1509361747227,30.0115653044345,6,5,6,5,5,5,Battery Electric
B2B_967139_25hdv_D,B2B_967139_25,186,['967139_25'],442,2880,5,15,-97.2040715806587,29.9726900937924,5,5,6,5,11,5,Battery Electric
B2B_976678_26md_D,B2B_976678_26,3132,['976678_26'],306,1507,25,10,-98.00981900273317,29.80132702891156,16,6,9,5,7,5,Battery Electric
B2B_976678_26md_E,B2B_976678_26,3132,['976678_26'],306,1507,25,10,-98.00981900273317,29.80132702891156,16,6,9,5,7,5,Battery Electric
B2B_977636_27hdt_D,B2B_977636_27,168,['977636_27'],830,2880,10,10,-97.5317668455208,30.1383943998543,7,5,13,5,7,5,Battery Electric
B2B_977636_27hdv_D,B2B_977636_27,168,['977636_27'],830,2880,10,10,-97.5317668455208,30.1383943998543,7,5,13,5,7,5,Battery Electric
B2B_977638_28md_D,B2B_977638_28,159,['977638_28'],495,2880,5,10,-97.3692914618333,30.2464717011925,16,11,19,11,14,5,Battery Electric
B2B_977638_28md_E,B2B_977638_28,159,['977638_28'],495,2880,5,10,-97.3692914618333,30.2464717011925,16,11,19,11,14,5,Battery Electric
B2B_977638_28hdt_D,B2B_977638_28,159,['977638_28'],495,2880,5,10,-97.3692914618333,30.2464717011925,16,11,19,11,14,5,Battery Electric
B2B_977638_28hdt_E,B2B_977638_28,159,['977638_28'],495,2880,5,10,-97.3692914618333,30.2464717011925,16,11,19,11,14,5,Battery Electric
B2B_977638_28hdv_D,B2B_977638_28,159,['977638_28'],495,2880,5,10,-97.3692914618333,30.2464717011925,16,11,19,11,14,5,Battery Electric
B2B_979604_29hdt_D,B2B_979604_29,3164,['979604_29'],441,1670,10,5,-98.1475744617834,30.208051188734967,9,5,13,5,7,5,Battery Electric
B2B_979632_30md_D,B2B_979632_30,3132,['979632_30'],344,1298,20,5,-98.00981900273317,29.80132702891156,16,11,8,5,11,5,Battery Electric
B2B_979632_30md_E,B2B_979632_30,3132,['979632_30'],344,1298,20,5,-98.00981900273317,29.80132702891156,16,11,8,5,11,5,Battery Electric
B2B_979632_30hdv_D,B2B_979632_30,3132,['979632_30'],344,1298,20,5,-98.00981900273317,29.80132702891156,16,11,8,5,11,5,Battery Electric
B2B_985717_31md_D,B2B_985717_31,186,['985717_31'],415,2880,15,5,-97.3361821464952,29.9500888376366,16,11,20,11,22,5,Battery Electric
B2B_985717_31md_E,B2B_985717_31,186,['985717_31'],415,2880,15,5,-97.3361821464952,29.9500888376366,16,11,20,11,22,5,Battery Electric
B2B_985717_31hdt_D,B2B_985717_31,186,['985717_31'],415,2880,15,5,-97.3361821464952,29.9500888376366,16,11,20,11,22,5,Battery Electric
B2B_985717_31hdt_E,B2B_985717_31,186,['985717_31'],415,2880,15,5,-97.3361821464952,29.9500888376366,16,11,20,11,22,5,Battery Electric
B2B_985717_31hdv_D,B2B_985717_31,186,['985717_31'],415,2880,15,5,-97.3361821464952,29.9500888376366,16,11,20,11,22,5,Battery Electric
B2B_986709_32hdt_D,B2B_986709_32,194,['986709_32'],822,2880,15,5,-97.636178579088,30.0583690276126,5,5,7,5,6,5,Battery Electric
B2B_992009_33hdv_D,B2B_992009_33,184,['992009_33'],148,1374,25,10,-97.15074579105176,30.118563342981947,7,6,6,6,11,5,Battery Electric
B2B_992726_34hdt_D,B2B_992726_34,3132,['992726_34'],249,1356,5,10,-98.00981900273317,29.80132702891156,5,5,8,5,6,5,Battery Electric
B2B_1053745_35md_D,B2B_1053745_35,193,['1053745_35'],264,2880,10,20,-97.5804464169138,30.1210252790802,11,5,6,5,5,5,Battery Electric
B2B_1053745_35hdt_D,B2B_1053745_35,193,['1053745_35'],264,2880,10,20,-97.5804464169138,30.1210252790802,11,5,6,5,5,5,Battery Electric
B2B_1064889_36md_D,B2B_1064889_36,184,['1064889_36'],262,1624,5,25,-97.15074579105176,30.118563342981947,10,6,6,5,5,5,Battery Electric
B2B_1064889_36md_E,B2B_1064889_36,184,['1064889_36'],262,1624,5,25,-97.15074579105176,30.118563342981947,10,6,6,5,5,5,Battery Electric
B2B_1076588_37hdv_D,B2B_1076588_37,179,['1076588_37'],712,1330,15,20,-97.3272656408307,30.1566995712101,6,5,5,5,6,5,Battery Electric
B2B_1078460_38md_D,B2B_1078460_38,163,['1078460_38'],836,1391,25,15,-97.3620893406669,30.3701002773118,6,5,5,5,6,5,Battery Electric
B2B_1078460_39md_D,B2B_1078460_39,163,['1078460_39'],715,2880,25,15,-97.3620893406669,30.3701002773118,6,5,5,5,6,5,Battery Electric
B2B_1080592_40md_D,B2B_1080592_40,181,['1080592_40'],415,1405,20,15,-97.0920964395242,30.1517694469264,12,5,6,5,6,5,Battery Electric
B2B_1080592_40hdt_D,B2B_1080592_40,181,['1080592_40'],415,1405,20,15,-97.0920964395242,30.1517694469264,12,5,6,5,6,5,Battery Electric
B2B_1080592_40hdv_D,B2B_1080592_40,181,['1080592_40'],415,1405,20,15,-97.0920964395242,30.1517694469264,12,5,6,5,6,5,Battery Electric
B2B_1081619_41md_D,B2B_1081619_41,3132,['1081619_41'],460,1428,10,25,-98.00981900273317,29.80132702891156,6,5,6,5,5,5,Battery Electric
B2B_1086167_42hdt_D,B2B_1086167_42,5821,['1086167_42'],680,1616,20,20,-97.97278849095936,30.502671582093864,5,5,6,5,5,5,Battery Electric
B2B_1106680_43md_D,B2B_1106680_43,159,['1106680_43'],820,2880,5,10,-97.3805229034009,30.1987622509422,7,5,6,5,5,5,Battery Electric
B2B_1106682_44md_D,B2B_1106682_44,162,['1106682_44'],302,1656,15,5,-97.170903812659,30.2902661850596,11,5,6,5,5,5,Battery Electric
B2B_1106682_44hdt_D,B2B_1106682_44,162,['1106682_44'],302,1656,15,5,-97.170903812659,30.2902661850596,11,5,6,5,5,5,Battery Electric
B2B_1106682_45hdt_D,B2B_1106682_45,162,['1106682_45'],466,2880,5,15,-97.170903812659,30.2902661850596,11,5,6,5,5,5,Battery Electric
B2B_1108564_46hdt_D,B2B_1108564_46,184,['1108564_46'],430,1284,15,25,-97.15074579105176,30.118563342981947,5,5,6,5,5,5,Battery Electric
B2B_1122541_47hdv_D,B2B_1122541_47,6730,['1122541_47'],556,1613,15,25,-97.42082228392508,30.75682337175888,6,5,6,5,7,5,Battery Electric
B2B_1123080_48hdv_D,B2B_1123080_48,184,['1123080_48'],140,1348,20,5,-97.15074579105176,30.118563342981947,5,5,5,5,6,5,Battery Electric
B2B_1126173_49hdt_D,B2B_1126173_49,3148,['1126173_49'],567,1401,20,10,-98.23208406606597,30.04127162823274,5,5,6,5,5,5,Battery Electric
B2B_1258962_50hdt_D,B2B_1258962_50,3148,['1258962_50'],410,1418,15,20,-98.23208406606597,30.04127162823274,5,5,6,5,5,5,Battery Electric
B2B_1392855_51md_D,B2B_1392855_51,184,['1392855_51'],368,1302,10,20,-97.15074579105176,30.118563342981947,6,5,5,5,5,5,Battery Electric
B2B_1543371_52hdt_D,B2B_1543371_52,191,['1543371_52'],746,2880,25,15,-97.5880573383662,30.099514855035,5,5,10,5,5,5,Battery Electric
B2B_1543376_53hdv_D,B2B_1543376_53,194,['1543376_53'],810,2880,20,15,-97.5986651633145,30.0854602177778,5,5,5,5,6,5,Battery Electric
B2B_2627740_0hdt_D,B2B_2627740_0,6730,"[950650, 950650, 950650, 950650]",208,1365,30,35,-97.42082228392508,30.75682337175888,5,5,8,5,5,5,Battery Electric
B2B_2627856_1hdt_D,B2B_2627856_1,162,"[119437, 119437, 119437]",945,1278,10,35,-97.2746416346007,30.3276691484095,5,5,8,5,5,5,Battery Electric
B2B_2629232_2hdt_D,B2B_2629232_2,6679,"[119437, 119437, 119437]",930,1500,15,5,-97.6719820563977,30.5033589593195,5,5,8,5,5,5,Battery Electric
B2B_2630523_3hdv_D,B2B_2630523_3,6045,"[119437, 119437, 119437]",422,1624,15,15,-97.6666019537163,30.3090346831666,5,5,5,5,8,5,Battery Electric
B2B_2630529_4hdt_D,B2B_2630529_4,5980,"[889020, 889020, 889020, 889020]",859,1337,10,25,-97.511598929469,30.4262586501847,5,5,8,5,5,5,Battery Electric
B2B_2630543_5hdt_D,B2B_2630543_5,5673,"[864996, 864996]",910,1472,35,5,-97.7779201918023,30.2520947187685,5,5,8,5,5,5,PHEV
B2B_2630544_6hdt_D,B2B_2630544_6,6053,"[16084, 16084]",319,2880,25,25,-97.679677441994,30.2619411471157,5,5,8,5,5,5,Battery Electric
B2B_2631464_7hdt_D,B2B_2631464_7,6553,[898072],215,1440,5,35,-97.73598913607752,30.876302785723396,5,5,8,5,5,5,Battery Electric
B2B_2632054_8hdt_D,B2B_2632054_8,6730,[1113790],336,1483,30,35,-97.42082228392508,30.75682337175888,5,5,8,5,5,5,Battery Electric
B2B_2633641_9hdt_D,B2B_2633641_9,6553,"[1270811, 1270811, 1270811]",60,1318,15,30,-97.73598913607752,30.876302785723396,5,5,8,5,5,5,Battery Electric
B2B_2639530_10hdt_D,B2B_2639530_10,6730,"[909655, 909655]",580,1641,5,30,-97.42082228392508,30.75682337175888,5,5,8,5,5,5,Battery Electric
B2B_2641349_11hdt_D,B2B_2641349_11,184,"[860753, 860753]",360,1513,35,15,-97.15074579105176,30.118563342981947,5,5,8,5,5,5,Battery Electric
B2B_2641408_12hdt_D,B2B_2641408_12,184,"[1096767, 1096767]",456,1670,30,35,-97.15074579105176,30.118563342981947,5,5,8,5,5,5,Battery Electric
B2B_2641739_13hdt_D,B2B_2641739_13,184,[1091127],349,1406,35,5,-97.15074579105176,30.118563342981947,5,5,8,5,5,5,Battery Electric
B2B_2653237_14hdt_D,B2B_2653237_14,1824,"[967139, 967139, 967139, 967139]",174,2880,20,5,-97.482365146365,29.789716257180924,5,5,8,5,5,5,Battery Electric
B2B_2655691_15hdt_D,B2B_2655691_15,6730,"[854213, 854213]",166,1550,35,20,-97.42082228392508,30.75682337175888,5,5,8,5,5,5,Battery Electric
B2B_2656543_16hdt_D_0,B2B_2656543_16,5993,"[1053745, 1053745, 1053745, 1053745, 1053745, 1053745, 1053745, 1053745, 1053745, 1053745, 1053745, 1053745, 1053745, 1053745, 1053745, 1053745, 1053745, 1053745, 1053745, 1053745, 1053745, 1053745]",367,2880,20,20,-97.8010707132722,30.2436993005897,8,5,20,5,11,5,Battery Electric
B2B_2656543_16hdt_D_1,B2B_2656543_16,5993,"[1053745, 1053745, 1053745, 1053745, 1053745, 1053745, 1053745, 1053745, 1053745, 1053745, 1053745, 1053745, 1053745, 1053745, 1053745, 1053745, 1053745, 1053745, 1053745, 1053745, 1053745, 1053745]",367,2880,20,20,-97.8010707132722,30.2436993005897,8,5,20,5,11,5,Battery Electric
B2B_2656546_17hdt_D,B2B_2656546_17,6076,"[98420, 98420, 98420, 98420, 98420, 98420, 98420, 98420, 98420, 98420, 98420, 98420, 98420, 98420, 98420]",564,1576,30,25,-97.4658978484719,30.2766636615342,5,5,26,5,8,5,Battery Electric
B2B_2657228_18hdt_D,B2B_2657228_18,184,"[7332, 7332, 7332, 7332, 7332, 7332, 7332, 7332, 7332, 7332, 7332, 7332, 7332, 7332]",345,1590,15,30,-97.15074579105176,30.118563342981947,5,5,29,5,5,5,Battery Electric
B2B_2657231_19hdt_D,B2B_2657231_19,184,[1086722],199,1426,30,20,-97.15074579105176,30.118563342981947,5,8,26,5,5,5,Battery Electric
B2B_2657233_20hdv_D,B2B_2657233_20,184,"[990884, 990884]",350,1428,20,20,-97.15074579105176,30.118563342981947,5,5,17,8,11,5,Battery Electric
B2B_2657380_21hdt_D,B2B_2657380_21,6730,"[979538, 979538, 979538, 979538]",183,1379,30,5,-97.42082228392508,30.75682337175888,8,5,23,5,8,5,Battery Electric
B2B_2663314_22hdt_D,B2B_2663314_22,184,"[125353, 125353]",267,1464,35,5,-97.15074579105176,30.118563342981947,5,5,8,5,5,5,Battery Electric
B2B_2663362_23hdt_D,B2B_2663362_23,184,"[979150, 979150]",417,1372,20,20,-97.15074579105176,30.118563342981947,5,5,8,5,5,5,PHEV
B2B_2663466_24hdt_D,B2B_2663466_24,184,[1094849],600,1570,20,20,-97.15074579105176,30.118563342981947,5,5,8,5,5,5,Battery Electric
B2B_2663925_25hdt_D,B2B_2663925_25,3148,"[911947, 911947]",320,1555,10,25,-98.23208406606597,30.04127162823274,5,5,8,5,5,5,PHEV
B2B_2664615_26hdt_D,B2B_2664615_26,6730,[1122541],190,1591,25,5,-97.42082228392508,30.75682337175888,5,5,8,5,5,5,Battery Electric
B2B_2664638_27hdt_D,B2B_2664638_27,1827,"[979511, 979511]",340,1529,20,15,-97.61934699500397,29.65414699810788,5,5,8,5,5,5,PHEV
B2B_2665174_28hdt_D,B2B_2665174_28,6553,"[856329, 856329]",490,1565,30,35,-97.73598913607752,30.876302785723396,5,5,8,5,5,5,Battery Electric
B2B_2665776_29hdt_D,B2B_2665776_29,6553,"[950615, 950615]",260,1557,5,5,-97.73598913607752,30.876302785723396,5,5,8,5,5,5,Battery Electric
B2B_2666347_30hdt_D,B2B_2666347_30,6730,[998412],148,1391,20,30,-97.42082228392508,30.75682337175888,5,5,8,5,5,5,Battery Electric
B2B_2667307_31hdt_D,B2B_2667307_31,6730,[1394790],236,1392,30,10,-97.42082228392508,30.75682337175888,5,5,8,5,5,5,Battery Electric
B2B_2673244_32hdt_D,B2B_2673244_32,186,"[947112, 947112]",289,2880,20,25,-97.3747465790237,29.8673287894282,5,5,8,5,5,5,Battery Electric
B2B_2674704_33hdt_D,B2B_2674704_33,3164,"[979530, 979530]",192,1590,10,15,-98.1475744617834,30.208051188734967,5,5,8,5,5,5,Battery Electric
B2B_2681696_34hdv_D,B2B_2681696_34,6684,"[119437, 119437, 119437]",187,1463,5,15,-97.6497530491681,30.5141722294965,5,5,5,5,8,5,Battery Electric
B2B_2686199_35hdt_D,B2B_2686199_35,6730,"[1015277, 1015277, 1015277]",331,1607,30,5,-97.42082228392508,30.75682337175888,5,5,8,5,5,5,Battery Electric
B2B_2686998_36hdt_D,B2B_2686998_36,6553,"[992042, 992042]",524,1497,20,5,-97.73598913607752,30.876302785723396,5,5,8,5,5,5,Battery Electric
B2B_2687449_37hdt_D,B2B_2687449_37,5948,"[119437, 119437, 119437]",324,1480,5,5,-97.6939202570692,30.4205368113912,5,5,8,5,5,5,Battery Electric
B2B_2687454_38hdt_D,B2B_2687454_38,5865,"[119437, 119437, 119437]",418,1670,30,25,-97.7496166344853,30.4386131007432,5,5,8,5,5,5,Battery Electric
B2B_2687461_39hdt_D,B2B_2687461_39,5635,"[119437, 119437, 119437]",533,1470,5,30,-97.7490209842644,30.2895428024925,5,5,8,5,5,5,Battery Electric
B2B_2687463_40hdt_D,B2B_2687463_40,6092,"[119437, 119437, 119437]",850,1323,5,25,-97.7013538913651,30.2264359250395,5,5,8,5,5,5,Battery Electric
B2B_2687468_41hdt_D,B2B_2687468_41,5946,"[119437, 119437, 119437]",729,1427,10,5,-97.6953641705342,30.4385642675634,5,5,8,5,5,5,Battery Electric
B2B_2687470_42hdt_D,B2B_2687470_42,5930,"[1076588, 1076588, 1076588, 1076588]",684,1281,15,15,-97.6373123165277,30.4269293882523,5,5,8,5,5,5,Battery Electric
B2B_2689389_43hdt_D,B2B_2689389_43,6556,"[34194, 34194]",284,1540,10,15,-97.92081127994568,30.74437684458417,5,5,8,5,5,5,Battery Electric
B2B_2690575_44hdt_D,B2B_2690575_44,6730,[1071303],620,1487,15,30,-97.42082228392508,30.75682337175888,8,5,50,8,14,5,Battery Electric
B2B_2692063_45md_D,B2B_2692063_45,184,[1083766],640,1357,10,35,-97.15074579105176,30.118563342981947,17,5,44,8,11,5,Battery Electric
B2B_2692269_46hdt_D,B2B_2692269_46,3132,"[980746, 980746]",592,1665,5,35,-98.00981900273317,29.80132702891156,5,5,62,5,11,8,Battery Electric
B2B_2692638_47hdt_D,B2B_2692638_47,6730,"[856211, 856211, 856211, 856211, 856211, 856211, 856211, 856211, 856211, 856211]",103,1370,10,20,-97.42082228392508,30.75682337175888,5,5,65,8,8,5,Battery Electric
B2B_2692638_47hdt_E,B2B_2692638_47,6730,"[856211, 856211, 856211, 856211, 856211, 856211, 856211, 856211, 856211, 856211]",103,1370,10,20,-97.42082228392508,30.75682337175888,5,5,65,8,8,5,Battery Electric
B2B_2692831_48hdt_D,B2B_2692831_48,182,[1067872],331,1586,10,35,-97.1439851650562,30.283083541879144,5,5,65,8,11,5,PHEV
B2B_2693434_49hdt_D,B2B_2693434_49,6047,"[864996, 864996, 864996, 864996, 864996, 864996, 864996, 864996, 864996, 864996]",601,2880,25,10,-97.6922047744939,30.2838493228527,5,5,62,5,8,5,Battery Electric
B2B_2693816_50hdt_D_0,B2B_2693816_50,5903,"[124947, 124947, 124947, 124947, 124947, 124947, 124947, 124947, 124947, 124947, 124947, 124947, 124947, 124947, 124947, 124947, 124947, 124947, 124947, 124947, 124947, 124947, 124947, 124947, 124947, 124947, 124947, 124947, 124947, 124947, 124947, 124947, 124947, 124947, 124947, 124947, 124947, 124947, 124947, 124947, 124947, 124947, 124947, 124947]",450,2880,20,5,-97.6865681427962,30.3757593266225,5,5,89,14,8,5,Battery Electric
B2B_2693816_50hdt_D_1,B2B_2693816_50,5903,"[124947, 124947, 124947, 124947, 124947, 124947, 124947, 124947, 124947, 124947, 124947, 124947, 124947, 124947, 124947, 124947, 124947, 124947, 124947, 124947, 124947, 124947, 124947, 124947, 124947, 124947, 124947, 124947, 124947, 124947, 124947, 124947, 124947, 124947, 124947, 124947, 124947, 124947, 124947, 124947, 124947, 124947, 124947, 124947]",450,2880,20,5,-97.6865681427962,30.3757593266225,5,5,89,14,8,5,Battery Electric
B2B_2693816_50hdt_E,B2B_2693816_50,5903,"[124947, 124947, 124947, 124947, 124947, 124947, 124947, 124947, 124947, 124947, 124947, 124947, 124947, 124947, 124947, 124947, 124947, 124947, 124947, 124947, 124947, 124947, 124947, 124947, 124947, 124947, 124947, 124947, 124947, 124947, 124947, 124947, 124947, 124947, 124947, 124947, 124947, 124947, 124947, 124947, 124947, 124947, 124947, 124947]",450,2880,20,5,-97.6865681427962,30.3757593266225,5,5,89,14,8,5,Battery Electric
B2B_2693817_51md_D,B2B_2693817_51,6061,"[119437, 119437, 119437, 1080592, 1080592, 1080592, 1080592, 1080592, 1080592, 1080592, 1080592, 1080592, 1080592, 1080592, 1080592, 1080592, 1080592, 1080592, 1080592, 1080592, 1080592, 1080592, 1080592, 1080592, 1080592, 1080592, 1080592, 1080592]",784,1584,30,30,-97.6513167298549,30.3035840174344,11,8,83,5,14,8,Battery Electric
B2B_2693817_51md_E,B2B_2693817_51,6061,"[119437, 119437, 119437, 1080592, 1080592, 1080592, 1080592, 1080592, 1080592, 1080592, 1080592, 1080592, 1080592, 1080592, 1080592, 1080592, 1080592, 1080592, 1080592, 1080592, 1080592, 1080592, 1080592, 1080592, 1080592, 1080592, 1080592, 1080592]",784,1584,30,30,-97.6513167298549,30.3035840174344,11,8,83,5,14,8,Battery Electric
B2B_2693817_51hdv_D,B2B_2693817_51,6061,"[119437, 119437, 119437, 1080592, 1080592, 1080592, 1080592, 1080592, 1080592, 1080592, 1080592, 1080592, 1080592, 1080592, 1080592, 1080592, 1080592, 1080592, 1080592, 1080592, 1080592, 1080592, 1080592, 1080592, 1080592, 1080592, 1080592, 1080592]",784,1584,30,30,-97.6513167298549,30.3035840174344,11,8,83,5,14,8,Battery Electric
B2B_2693817_51hdv_E,B2B_2693817_51,6061,"[119437, 119437, 119437, 1080592, 1080592, 1080592, 1080592, 1080592, 1080592, 1080592, 1080592, 1080592, 1080592, 1080592, 1080592, 1080592, 1080592, 1080592, 1080592, 1080592, 1080592, 1080592, 1080592, 1080592, 1080592, 1080592, 1080592, 1080592]",784,1584,30,30,-97.6513167298549,30.3035840174344,11,8,83,5,14,8,Battery Electric
B2B_2693818_52hdv_D,B2B_2693818_52,5635,"[119437, 119437, 119437]",780,1302,25,30,-97.7467070584311,30.2930419520468,11,5,95,5,8,5,Battery Electric
B2B_2693819_53hdt_D_0,B2B_2693819_53,6155,"[977636, 977636, 977636, 977636, 977636, 977636, 977636, 977636, 977636, 977636, 977636, 977636, 977636, 977636, 977636, 977636, 977636, 977636, 977636, 977636, 977636, 977636, 977636, 977636, 977636, 977636, 977636, 977636, 977636, 977636, 977636, 977636, 977636, 977636, 977636, 977636, 977636, 977636]",451,2880,15,5,-97.7615253632366,30.1324129222654,11,5,77,8,17,8,Battery Electric
B2B_2693819_53hdt_D_1,B2B_2693819_53,6155,"[977636, 977636, 977636, 977636, 977636, 977636, 977636, 977636, 977636, 977636, 977636, 977636, 977636, 977636, 977636, 977636, 977636, 977636, 977636, 977636, 977636, 977636, 977636, 977636, 977636, 977636, 977636, 977636, 977636, 977636, 977636, 977636, 977636, 977636, 977636, 977636, 977636, 977636]",451,2880,15,5,-97.7615253632366,30.1324129222654,11,5,77,8,17,8,Battery Electric
B2B_2693819_53hdt_E,B2B_2693819_53,6155,"[977636, 977636, 977636, 977636, 977636, 977636, 977636, 977636, 977636, 977636, 977636, 977636, 977636, 977636, 977636, 977636, 977636, 977636, 977636, 977636, 977636, 977636, 977636, 977636, 977636, 977636, 977636, 977636, 977636, 977636, 977636, 977636, 977636, 977636, 977636, 977636, 977636, 977636]",451,2880,15,5,-97.7615253632366,30.1324129222654,11,5,77,8,17,8,Battery Electric
B2B_2694368_54md_D,B2B_2694368_54,6727,"[119437, 119437, 119437, 119437, 119437, 119437, 119437, 119437, 119437, 119437, 119437, 119437, 119437, 119437, 119437, 119437, 119437, 119437, 119437, 119437, 119437, 119437]",238,1330,25,20,-97.41651008215128,30.785260108813404,26,14,221,8,29,8,Battery Electric
B2B_2694368_54md_E,B2B_2694368_54,6727,"[119437, 119437, 119437, 119437, 119437, 119437, 119437, 119437, 119437, 119437, 119437, 119437, 119437, 119437, 119437, 119437, 119437, 119437, 119437, 119437, 119437, 119437]",238,1330,25,20,-97.41651008215128,30.785260108813404,26,14,221,8,29,8,Battery Electric
B2B_2694368_55hdt_D_0,B2B_2694368_55,6727,"[977638, 977638, 977638, 977638, 977638, 977638, 977638, 977638, 977638, 977638, 977638, 977638, 977638, 977638, 977638, 977638, 977638, 977638, 977638, 977638, 977638, 977638, 977638, 977638, 977638, 977638, 977638, 977638, 977638, 977638, 977638, 977638, 977638, 977638, 977638, 977638, 977638, 977638, 977638, 977638, 977638, 977638, 977638, 977638, 977638, 977638, 977638, 977638, 977638, 977638, 977638, 977638, 977638, 977638, 977638, 977638, 977638, 977638, 977638, 977638, 977638, 977638, 977638, 977638, 977638, 977638, 977638, 977638, 977638, 977638, 977638, 977638, 977638, 977638, 977638, 977638, 977638, 977638, 977638, 977638, 977638, 977638, 977638, 977638, 977638, 977638, 977638, 977638, 977638, 977638, 977638, 977638, 977638, 977638, 977638, 977638, 977638, 977638, 977638, 977638, 977638, 977638, 977638, 977638, 977638, 977638, 977638, 977638, 977638, 977638, 977638, 977638, 977638, 977638, 977638, 977638, 977638, 977638, 977638, 977638, 977638, 977638, 977638, 977638, 977638, 977638]",541,2880,20,10,-97.41651008215128,30.785260108813404,26,14,221,8,29,8,Battery Electric
B2B_2694368_55hdt_D_1,B2B_2694368_55,6727,"[977638, 977638, 977638, 977638, 977638, 977638, 977638, 977638, 977638, 977638, 977638, 977638, 977638, 977638, 977638, 977638, 977638, 977638, 977638, 977638, 977638, 977638, 977638, 977638, 977638, 977638, 977638, 977638, 977638, 977638, 977638, 977638, 977638, 977638, 977638, 977638, 977638, 977638, 977638, 977638, 977638, 977638, 977638, 977638, 977638, 977638, 977638, 977638, 977638, 977638, 977638, 977638, 977638, 977638, 977638, 977638, 977638, 977638, 977638, 977638, 977638, 977638, 977638, 977638, 977638, 977638, 977638, 977638, 977638, 977638, 977638, 977638, 977638, 977638, 977638, 977638, 977638, 977638, 977638, 977638, 977638, 977638, 977638, 977638, 977638, 977638, 977638, 977638, 977638, 977638, 977638, 977638, 977638, 977638, 977638, 977638, 977638, 977638, 977638, 977638, 977638, 977638, 977638, 977638, 977638, 977638, 977638, 977638, 977638, 977638, 977638, 977638, 977638, 977638, 977638, 977638, 977638, 977638, 977638, 977638, 977638, 977638, 977638, 977638, 977638, 977638]",541,2880,20,10,-97.41651008215128,30.785260108813404,26,14,221,8,29,8,Battery Electric
B2B_2694368_55hdt_D_2,B2B_2694368_55,6727,"[977638, 977638, 977638, 977638, 977638, 977638, 977638, 977638, 977638, 977638, 977638, 977638, 977638, 977638, 977638, 977638, 977638, 977638, 977638, 977638, 977638, 977638, 977638, 977638, 977638, 977638, 977638, 977638, 977638, 977638, 977638, 977638, 977638, 977638, 977638, 977638, 977638, 977638, 977638, 977638, 977638, 977638, 977638, 977638, 977638, 977638, 977638, 977638, 977638, 977638, 977638, 977638, 977638, 977638, 977638, 977638, 977638, 977638, 977638, 977638, 977638, 977638, 977638, 977638, 977638, 977638, 977638, 977638, 977638, 977638, 977638, 977638, 977638, 977638, 977638, 977638, 977638, 977638, 977638, 977638, 977638, 977638, 977638, 977638, 977638, 977638, 977638, 977638, 977638, 977638, 977638, 977638, 977638, 977638, 977638, 977638, 977638, 977638, 977638, 977638, 977638, 977638, 977638, 977638, 977638, 977638, 977638, 977638, 977638, 977638, 977638, 977638, 977638, 977638, 977638, 977638, 977638, 977638, 977638, 977638, 977638, 977638, 977638, 977638, 977638, 977638]",541,2880,20,10,-97.41651008215128,30.785260108813404,26,14,221,8,29,8,Battery Electric
B2B_2694368_55hdt_D_3,B2B_2694368_55,6727,"[977638, 977638, 977638, 977638, 977638, 977638, 977638, 977638, 977638, 977638, 977638, 977638, 977638, 977638, 977638, 977638, 977638, 977638, 977638, 977638, 977638, 977638, 977638, 977638, 977638, 977638, 977638, 977638, 977638, 977638, 977638, 977638, 977638, 977638, 977638, 977638, 977638, 977638, 977638, 977638, 977638, 977638, 977638, 977638, 977638, 977638, 977638, 977638, 977638, 977638, 977638, 977638, 977638, 977638, 977638, 977638, 977638, 977638, 977638, 977638, 977638, 977638, 977638, 977638, 977638, 977638, 977638, 977638, 977638, 977638, 977638, 977638, 977638, 977638, 977638, 977638, 977638, 977638, 977638, 977638, 977638, 977638, 977638, 977638, 977638, 977638, 977638, 977638, 977638, 977638, 977638, 977638, 977638, 977638, 977638, 977638, 977638, 977638, 977638, 977638, 977638, 977638, 977638, 977638, 977638, 977638, 977638, 977638, 977638, 977638, 977638, 977638, 977638, 977638, 977638, 977638, 977638, 977638, 977638, 977638, 977638, 977638, 977638, 977638, 977638, 977638]",541,2880,20,10,-97.41651008215128,30.785260108813404,26,14,221,8,29,8,Battery Electric
B2B_2694368_55hdt_D_4,B2B_2694368_55,6727,"[977638, 977638, 977638, 977638, 977638, 977638, 977638, 977638, 977638, 977638, 977638, 977638, 977638, 977638, 977638, 977638, 977638, 977638, 977638, 977638, 977638, 977638, 977638, 977638, 977638, 977638, 977638, 977638, 977638, 977638, 977638, 977638, 977638, 977638, 977638, 977638, 977638, 977638, 977638, 977638, 977638, 977638, 977638, 977638, 977638, 977638, 977638, 977638, 977638, 977638, 977638, 977638, 977638, 977638, 977638, 977638, 977638, 977638, 977638, 977638, 977638, 977638, 977638, 977638, 977638, 977638, 977638, 977638, 977638, 977638, 977638, 977638, 977638, 977638, 977638, 977638, 977638, 977638, 977638, 977638, 977638, 977638, 977638, 977638, 977638, 977638, 977638, 977638, 977638, 977638, 977638, 977638, 977638, 977638, 977638, 977638, 977638, 977638, 977638, 977638, 977638, 977638, 977638, 977638, 977638, 977638, 977638, 977638, 977638, 977638, 977638, 977638, 977638, 977638, 977638, 977638, 977638, 977638, 977638, 977638, 977638, 977638, 977638, 977638, 977638, 977638]",541,2880,20,10,-97.41651008215128,30.785260108813404,26,14,221,8,29,8,Battery Electric
B2B_2694368_55hdt_D_5,B2B_2694368_55,6727,"[977638, 977638, 977638, 977638, 977638, 977638, 977638, 977638, 977638, 977638, 977638, 977638, 977638, 977638, 977638, 977638, 977638, 977638, 977638, 977638, 977638, 977638, 977638, 977638, 977638, 977638, 977638, 977638, 977638, 977638, 977638, 977638, 977638, 977638, 977638, 977638, 977638, 977638, 977638, 977638, 977638, 977638, 977638, 977638, 977638, 977638, 977638, 977638, 977638, 977638, 977638, 977638, 977638, 977638, 977638, 977638, 977638, 977638, 977638, 977638, 977638, 977638, 977638, 977638, 977638, 977638, 977638, 977638, 977638, 977638, 977638, 977638, 977638, 977638, 977638, 977638, 977638, 977638, 977638, 977638, 977638, 977638, 977638, 977638, 977638, 977638, 977638, 977638, 977638, 977638, 977638, 977638, 977638, 977638, 977638, 977638, 977638, 977638, 977638, 977638, 977638, 977638, 977638, 977638, 977638, 977638, 977638, 977638, 977638, 977638, 977638, 977638, 977638, 977638, 977638, 977638, 977638, 977638, 977638, 977638, 977638, 977638, 977638, 977638, 977638, 977638]",541,2880,20,10,-97.41651008215128,30.785260108813404,26,14,221,8,29,8,Battery Electric
B2B_2694368_55hdt_D_6,B2B_2694368_55,6727,"[977638, 977638, 977638, 977638, 977638, 977638, 977638, 977638, 977638, 977638, 977638, 977638, 977638, 977638, 977638, 977638, 977638, 977638, 977638, 977638, 977638, 977638, 977638, 977638, 977638, 977638, 977638, 977638, 977638, 977638, 977638, 977638, 977638, 977638, 977638, 977638, 977638, 977638, 977638, 977638, 977638, 977638, 977638, 977638, 977638, 977638, 977638, 977638, 977638, 977638, 977638, 977638, 977638, 977638, 977638, 977638, 977638, 977638, 977638, 977638, 977638, 977638, 977638, 977638, 977638, 977638, 977638, 977638, 977638, 977638, 977638, 977638, 977638, 977638, 977638, 977638, 977638, 977638, 977638, 977638, 977638, 977638, 977638, 977638, 977638, 977638, 977638, 977638, 977638, 977638, 977638, 977638, 977638, 977638, 977638, 977638, 977638, 977638, 977638, 977638, 977638, 977638, 977638, 977638, 977638, 977638, 977638, 977638, 977638, 977638, 977638, 977638, 977638, 977638, 977638, 977638, 977638, 977638, 977638, 977638, 977638, 977638, 977638, 977638, 977638, 977638]",541,2880,20,10,-97.41651008215128,30.785260108813404,26,14,221,8,29,8,Battery Electric
B2B_2694368_55hdt_E,B2B_2694368_55,6727,"[977638, 977638, 977638, 977638, 977638, 977638, 977638, 977638, 977638, 977638, 977638, 977638, 977638, 977638, 977638, 977638, 977638, 977638, 977638, 977638, 977638, 977638, 977638, 977638, 977638, 977638, 977638, 977638, 977638, 977638, 977638, 977638, 977638, 977638, 977638, 977638, 977638, 977638, 977638, 977638, 977638, 977638, 977638, 977638, 977638, 977638, 977638, 977638, 977638, 977638, 977638, 977638, 977638, 977638, 977638, 977638, 977638, 977638, 977638, 977638, 977638, 977638, 977638, 977638, 977638, 977638, 977638, 977638, 977638, 977638, 977638, 977638, 977638, 977638, 977638, 977638, 977638, 977638, 977638, 977638, 977638, 977638, 977638, 977638, 977638, 977638, 977638, 977638, 977638, 977638, 977638, 977638, 977638, 977638, 977638, 977638, 977638, 977638, 977638, 977638, 977638, 977638, 977638, 977638, 977638, 977638, 977638, 977638, 977638, 977638, 977638, 977638, 977638, 977638, 977638, 977638, 977638, 977638, 977638, 977638, 977638, 977638, 977638, 977638, 977638, 977638]",541,2880,20,10,-97.41651008215128,30.785260108813404,26,14,221,8,29,8,Battery Electric
B2B_2694454_56hdt_D,B2B_2694454_56,6553,"[991906, 991906, 991906, 991906, 991906, 991906, 991906, 991906]",490,1640,20,20,-97.73598913607752,30.876302785723396,23,5,1145,29,77,11,Battery Electric
B2B_2694454_56hdt_E,B2B_2694454_56,6553,"[991906, 991906, 991906, 991906, 991906, 991906, 991906, 991906]",490,1640,20,20,-97.73598913607752,30.876302785723396,23,5,1145,29,77,11,Battery Electric
B2B_2695977_57hdt_D,B2B_2695977_57,5821,[1086167],610,1397,35,5,-97.97278849095936,30.502671582093864,5,5,8,5,5,5,Battery Electric
B2B_2697254_58hdt_D,B2B_2697254_58,6730,"[1072626, 1072626, 1072626, 1072626, 1072626, 1072626, 1072626]",288,1373,20,10,-97.42082228392508,30.75682337175888,5,5,8,5,5,5,Battery Electric
B2B_2699292_59hdt_D,B2B_2699292_59,6673,[1106680],238,2880,20,10,-97.6819902504449,30.5094163280494,5,5,8,5,5,5,Battery Electric
B2B_2700749_60md_D,B2B_2700749_60,3132,"[119437, 119437, 119437, 119437, 119437, 119437, 119437, 119437, 119437, 119437, 119437]",457,1432,10,35,-98.00981900273317,29.80132702891156,17,5,23,5,11,5,Battery Electric
B2B_2701424_61hdt_D,B2B_2701424_61,5971,"[119437, 119437, 119437]",674,1402,35,10,-97.5311256816883,30.3652329417891,8,5,32,8,5,5,Battery Electric
B2B_2701424_62hdt_D,B2B_2701424_62,5971,"[957940, 957940, 957940, 957940, 957940, 957940, 957940, 957940, 957940, 957940, 957940]",262,2880,25,20,-97.5311256816883,30.3652329417891,8,5,32,8,5,5,Battery Electric
B2B_2701424_62hdt_E,B2B_2701424_62,5971,"[957940, 957940, 957940, 957940, 957940, 957940, 957940, 957940, 957940, 957940, 957940]",262,2880,25,20,-97.5311256816883,30.3652329417891,8,5,32,8,5,5,Battery Electric
B2B_2701426_63hdt_D,B2B_2701426_63,5934,"[119437, 119437, 119437, 119437, 119437, 119437]",602,1465,10,35,-97.6455068573405,30.3919480175419,5,5,32,5,8,8,Battery Electric
B2B_2701426_63hdv_D,B2B_2701426_63,5934,"[119437, 119437, 119437, 119437, 119437, 119437]",602,1465,10,35,-97.6455068573405,30.3919480175419,5,5,32,5,8,8,Battery Electric
B2B_2701426_63hdv_E,B2B_2701426_63,5934,"[119437, 119437, 119437, 119437, 119437, 119437]",602,1465,10,35,-97.6455068573405,30.3919480175419,5,5,32,5,8,8,Battery Electric
B2B_2701760_64hdt_D,B2B_2701760_64,184,"[859857, 859857]",311,1405,5,30,-97.15074579105176,30.118563342981947,5,5,29,5,5,5,Battery Electric
B2B_2701770_65hdt_D,B2B_2701770_65,184,"[988158, 988158, 988158, 988158]",154,1607,25,25,-97.15074579105176,30.118563342981947,8,5,32,5,8,5,Battery Electric
B2B_2702467_66hdt_D_0,B2B_2702467_66,6730,"[91664, 91664, 91664, 91664, 91664, 91664, 91664, 91664, 91664, 91664, 91664, 91664, 91664, 91664, 91664, 91664, 91664, 91664, 91664, 91664, 91664, 91664, 91664, 91664]",337,1592,30,15,-97.42082228392508,30.75682337175888,5,5,32,8,8,5,Battery Electric
B2B_2702467_66hdt_D_1,B2B_2702467_66,6730,"[91664, 91664, 91664, 91664, 91664, 91664, 91664, 91664, 91664, 91664, 91664, 91664, 91664, 91664, 91664, 91664, 91664, 91664, 91664, 91664, 91664, 91664, 91664, 91664]",337,1592,30,15,-97.42082228392508,30.75682337175888,5,5,32,8,8,5,Battery Electric
B2B_2702467_66hdt_E,B2B_2702467_66,6730,"[91664, 91664, 91664, 91664, 91664, 91664, 91664, 91664, 91664, 91664, 91664, 91664, 91664, 91664, 91664, 91664, 91664, 91664, 91664, 91664, 91664, 91664, 91664, 91664]",337,1592,30,15,-97.42082228392508,30.75682337175888,5,5,32,8,8,5,Battery Electric
B2B_2702669_67hdt_D,B2B_2702669_67,3149,[1126173],369,1630,35,20,-98.0984863822565,29.96974765421284,8,8,128,8,17,5,Battery Electric
B2B_2702670_68hdv_D,B2B_2702670_68,3132,[1126170],205,1630,35,30,-98.00981900273317,29.80132702891156,11,5,113,14,29,8,Battery Electric
B2B_2703031_69md_D_0,B2B_2703031_69,6727,"[119437, 119437, 119437, 119437, 119437, 119437, 119437, 119437, 119437, 119437, 119437, 119437, 119437, 119437, 119437, 119437, 119437, 119437, 119437, 119437, 119437, 119437]",274,1338,30,20,-97.41651008215128,30.785260108813404,32,5,140,8,26,8,Battery Electric
B2B_2703031_69md_D_1,B2B_2703031_69,6727,"[119437, 119437, 119437, 119437, 119437, 119437, 119437, 119437, 119437, 119437, 119437, 119437, 119437, 119437, 119437, 119437, 119437, 119437, 119437, 119437, 119437, 119437]",274,1338,30,20,-97.41651008215128,30.785260108813404,32,5,140,8,26,8,Battery Electric
B2B_2703041_70hdt_D,B2B_2703041_70,6559,"[125823, 125823, 125823]",592,1288,25,20,-97.81910320552598,30.885756123849205,8,5,182,11,14,8,Battery Electric
B2B_2703041_70hdt_E,B2B_2703041_70,6559,"[125823, 125823, 125823]",592,1288,25,20,-97.81910320552598,30.885756123849205,8,5,182,11,14,8,Battery Electric
B2B_2703737_71hdt_D,B2B_2703737_71,6727,"[1091416, 1091416]",176,1372,10,30,-97.41651008215128,30.785260108813404,5,5,14,8,5,5,Battery Electric
B2B_2703785_72hdt_D,B2B_2703785_72,6730,"[14534, 14534]",192,1265,35,35,-97.42082228392508,30.75682337175888,5,5,17,5,5,5,Battery Electric
B2B_2704090_73hdt_D,B2B_2704090_73,165,"[119437, 119437, 119437]",414,1520,15,35,-97.3669151008285,30.3392824474789,8,5,14,5,5,5,Battery Electric
B2B_2705120_74hdt_D,B2B_2705120_74,5990,"[119437, 119437, 119437]",256,1568,30,35,-97.6926866014598,30.4453902448509,5,5,14,5,5,5,Battery Electric
B2B_2705138_75hdt_D,B2B_2705138_75,5797,"[119437, 119437, 119437]",208,1590,20,5,-97.761251543841,30.3612126670285,5,5,11,5,8,5,Battery Electric
B2B_2705140_76hdv_D,B2B_2705140_76,5913,"[119437, 119437, 119437]",820,1566,10,35,-97.7085886464942,30.4203540738499,5,5,8,8,8,5,Battery Electric
B2B_2705147_77hdt_D,B2B_2705147_77,6124,"[119437, 119437, 119437, 119437, 119437, 119437]",519,1322,30,10,-97.7361431977543,30.2153922146448,5,5,14,5,5,5,Battery Electric
B2B_2705148_78hdt_D,B2B_2705148_78,5942,"[119437, 119437, 119437]",924,1409,5,25,-97.690971178252,30.3843790319413,8,5,8,5,8,5,Battery Electric
B2B_2705149_79hdt_D,B2B_2705149_79,5972,[1091941],764,2880,20,5,-97.6058601716853,30.3574330455794,5,5,14,5,5,5,Battery Electric
B2B_2705155_80hdt_D,B2B_2705155_80,5607,[1078460],789,1342,5,25,-97.7378405326275,30.3232556186519,8,5,11,5,5,5,Battery Electric
B2B_2705155_81hdt_D,B2B_2705155_81,5607,"[1078460, 1078460, 1078460, 1078460, 1078460, 1078460, 1078460, 1078460, 1078460, 1078460, 1078460, 1078460, 1078460, 1078460, 1078460]",442,2880,10,20,-97.7378405326275,30.3232556186519,8,5,11,5,5,5,Battery Electric
B2B_2705172_82hdt_D,B2B_2705172_82,184,"[981484, 981484, 981484, 981484]",285,1649,25,35,-97.15074579105176,30.118563342981947,5,5,11,5,5,5,Battery Electric
B2B_2705209_83hdt_D,B2B_2705209_83,184,[101850],265,1342,5,35,-97.15074579105176,30.118563342981947,5,5,14,5,8,5,Battery Electric
B2B_2705223_84hdt_D,B2B_2705223_84,184,"[1068273, 1068273]",590,1623,35,20,-97.15074579105176,30.118563342981947,8,5,8,5,8,5,Battery Electric
B2B_2705256_85hdt_D,B2B_2705256_85,184,"[913099, 913099, 913099, 913099]",106,1507,25,20,-97.15074579105176,30.118563342981947,5,5,11,5,8,5,Battery Electric
B2B_2705270_86hdt_D,B2B_2705270_86,184,[1550368],239,1372,25,35,-97.15074579105176,30.118563342981947,8,5,8,5,8,5,Battery Electric
B2B_2705276_87hdt_D,B2B_2705276_87,184,"[125167, 125167]",353,1424,5,35,-97.15074579105176,30.118563342981947,5,5,14,5,5,5,Battery Electric
B2B_2706303_88hdt_D,B2B_2706303_88,184,"[908211, 908211, 908211]",386,1540,5,30,-97.15074579105176,30.118563342981947,5,5,11,8,5,5,Battery Electric
B2B_2706303_88hdt_E,B2B_2706303_88,184,"[908211, 908211, 908211]",386,1540,5,30,-97.15074579105176,30.118563342981947,5,5,11,8,5,5,Battery Electric
B2B_2707082_89hdt_D,B2B_2707082_89,3149,"[953144, 953144, 953144]",350,1455,30,30,-98.0984863822565,29.96974765421284,5,5,8,5,8,5,Battery Electric
B2B_2707416_90hdt_D,B2B_2707416_90,184,"[988562, 988562, 988562, 988562]",580,1590,20,25,-97.15074579105176,30.118563342981947,5,5,14,5,5,5,Battery Electric
B2B_2709558_91hdt_D,B2B_2709558_91,6730,[1090838],203,1520,10,15,-97.42082228392508,30.75682337175888,5,5,11,5,8,5,PHEV
B2B_2709778_92hdt_D,B2B_2709778_92,6730,"[907957, 907957, 907957, 907957, 907957, 907957]",323,1369,10,35,-97.42082228392508,30.75682337175888,5,5,14,5,5,5,Battery Electric
B2B_2710439_93hdt_D,B2B_2710439_93,6032,"[119437, 119437, 119437, 119437, 119437, 119437, 119437, 119437, 119437, 1106680]",952,1649,10,15,-97.6944077498648,30.3173530883858,5,5,17,5,11,5,Battery Electric
B2B_2710439_93hdv_D,B2B_2710439_93,6032,"[119437, 119437, 119437, 119437, 119437, 119437, 119437, 119437, 119437, 1106680]",952,1649,10,15,-97.6944077498648,30.3173530883858,5,5,17,5,11,5,Battery Electric
B2B_2710441_94hdt_D,B2B_2710441_94,5762,"[986709, 986709, 986709, 986709, 986709, 986709, 986709, 986709, 986709, 986709, 986709, 986709]",726,2880,5,35,-97.8206488610735,30.2092344562621,5,5,23,5,8,5,Battery Electric
B2B_2710443_95hdv_D,B2B_2710443_95,6046,"[119437, 119437, 119437]",598,1537,25,5,-97.7018045949948,30.2869466666142,8,5,20,5,8,5,Battery Electric
B2B_2710447_96hdt_D,B2B_2710447_96,6166,"[119437, 119437, 119437]",520,1570,30,5,-97.5833099989799,30.1688713080768,5,5,20,5,8,5,Battery Electric
B2B_2710539_97hdt_D,B2B_2710539_97,184,"[992009, 992009, 992009, 992009, 992009, 992009, 992009, 992009, 992009, 992009]",174,1540,30,10,-97.15074579105176,30.118563342981947,5,5,23,5,8,5,Battery Electric
B2B_2710540_98hdt_D,B2B_2710540_98,184,"[991049, 991049, 991049, 991049]",581,1315,35,15,-97.15074579105176,30.118563342981947,5,5,23,5,11,5,Battery Electric
B2B_2711225_99hdt_D,B2B_2711225_99,3148,"[905183, 905183, 905183, 905183, 905183, 905183, 905183, 905183, 905183, 905183, 905183, 905183, 905183, 905183, 905183, 905183]",450,1505,30,35,-98.23208406606597,30.04127162823274,8,5,20,5,11,5,Battery Electric
B2B_2711364_100hdt_D_0,B2B_2711364_100,6148,"[864996, 864996, 864996, 864996, 864996, 864996, 864996, 864996, 864996, 864996, 864996, 864996, 985717, 985717, 985717, 985717, 985717, 985717, 985717, 985717, 985717, 985717, 985717, 985717, 985717, 985717, 985717, 985717, 985717, 985717, 985717, 985717, 985717, 985717, 985717, 985717, 985717, 985717, 985717, 985717, 985717, 985717, 985717, 985717, 985717, 985717, 985717, 985717, 985717, 985717, 985717, 985717, 985717, 985717, 985717, 985717, 985717, 985717, 985717, 985717, 985717, 985717, 985717, 985717, 985717, 985717, 985717, 985717, 985717, 985717, 985717, 985717, 985717, 985717, 985717, 985717, 985717, 985717, 985717, 985717, 985717, 985717, 985717, 985717, 985717, 985717, 985717, 985717, 985717, 985717, 985717, 985717, 985717, 985717, 985717, 985717, 985717, 985717, 985717, 985717, 985717, 985717, 985717, 985717, 985717, 985717, 985717, 985717, 985717, 985717, 985717, 985717, 985717, 985717, 985717, 985717, 985717, 985717, 985717, 985717, 985717, 985717, 985717, 985717, 985717, 985717, 985717, 985717, 985717, 985717, 985717, 985717, 985717, 985717, 985717, 985717, 985717, 985717, 985717, 985717, 985717, 985717, 985717, 985717, 985717, 985717, 985717, 985717, 985717, 985717, 985717, 985717, 985717, 985717, 985717, 985717, 985717, 985717, 985717, 985717, 985717, 985717, 985717, 985717, 985717, 985717, 985717, 985717, 985717, 985717, 985717, 985717, 985717, 985717, 985717, 985717, 985717, 985717, 985717, 985717, 985717, 985717, 985717, 985717, 985717, 985717, 985717, 985717, 985717, 985717, 985717, 985717, 985717, 985717, 985717, 985717, 985717, 985717, 985717, 985717, 985717, 985717, 985717, 985717, 985717, 985717, 985717, 985717, 985717, 985717, 985717, 985717, 985717, 985717, 985717, 985717, 985717, 985717, 985717, 985717, 985717, 985717, 985717, 985717, 985717, 985717, 985717, 985717, 985717, 985717, 985717, 985717, 985717, 985717, 985717, 985717, 985717, 985717, 985717, 985717, 985717, 985717, 985717, 985717, 985717, 985717, 985717, 985717, 985717, 985717]",709,2880,25,10,-97.7609482691713,30.1523774027327,35,8,200,20,26,5,Battery Electric
B2B_2711364_100hdt_D_1,B2B_2711364_100,6148,"[864996, 864996, 864996, 864996, 864996, 864996, 864996, 864996, 864996, 864996, 864996, 864996, 985717, 985717, 985717, 985717, 985717, 985717, 985717, 985717, 985717, 985717, 985717, 985717, 985717, 985717, 985717, 985717, 985717, 985717, 985717, 985717, 985717, 985717, 985717, 985717, 985717, 985717, 985717, 985717, 985717, 985717, 985717, 985717, 985717, 985717, 985717, 985717, 985717, 985717, 985717, 985717, 985717, 985717, 985717, 985717, 985717, 985717, 985717, 985717, 985717, 985717, 985717, 985717, 985717, 985717, 985717, 985717, 985717, 985717, 985717, 985717, 985717, 985717, 985717, 985717, 985717, 985717, 985717, 985717, 985717, 985717, 985717, 985717, 985717, 985717, 985717, 985717, 985717, 985717, 985717, 985717, 985717, 985717, 985717, 985717, 985717, 985717, 985717, 985717, 985717, 985717, 985717, 985717, 985717, 985717, 985717, 985717, 985717, 985717, 985717, 985717, 985717, 985717, 985717, 985717, 985717, 985717, 985717, 985717, 985717, 985717, 985717, 985717, 985717, 985717, 985717, 985717, 985717, 985717, 985717, 985717, 985717, 985717, 985717, 985717, 985717, 985717, 985717, 985717, 985717, 985717, 985717, 985717, 985717, 985717, 985717, 985717, 985717, 985717, 985717, 985717, 985717, 985717, 985717, 985717, 985717, 985717, 985717, 985717, 985717, 985717, 985717, 985717, 985717, 985717, 985717, 985717, 985717, 985717, 985717, 985717, 985717, 985717, 985717, 985717, 985717, 985717, 985717, 985717, 985717, 985717, 985717, 985717, 985717, 985717, 985717, 985717, 985717, 985717, 985717, 985717, 985717, 985717, 985717, 985717, 985717, 985717, 985717, 985717, 985717, 985717, 985717, 985717, 985717, 985717, 985717, 985717, 985717, 985717, 985717, 985717, 985717, 985717, 985717, 985717, 985717, 985717, 985717, 985717, 985717, 985717, 985717, 985717, 985717, 985717, 985717, 985717, 985717, 985717, 985717, 985717, 985717, 985717, 985717, 985717, 985717, 985717, 985717, 985717, 985717, 985717, 985717, 985717, 985717, 985717, 985717, 985717, 985717, 985717]",709,2880,25,10,-97.7609482691713,30.1523774027327,35,8,200,20,26,5,Battery Electric
B2B_2711364_100hdt_D_2,B2B_2711364_100,6148,"[864996, 864996, 864996, 864996, 864996, 864996, 864996, 864996, 864996, 864996, 864996, 864996, 985717, 985717, 985717, 985717, 985717, 985717, 985717, 985717, 985717, 985717, 985717, 985717, 985717, 985717, 985717, 985717, 985717, 985717, 985717, 985717, 985717, 985717, 985717, 985717, 985717, 985717, 985717, 985717, 985717, 985717, 985717, 985717, 985717, 985717, 985717, 985717, 985717, 985717, 985717, 985717, 985717, 985717, 985717, 985717, 985717, 985717, 985717, 985717, 985717, 985717, 985717, 985717, 985717, 985717, 985717, 985717, 985717, 985717, 985717, 985717, 985717, 985717, 985717, 985717, 985717, 985717, 985717, 985717, 985717, 985717, 985717, 985717, 985717, 985717, 985717, 985717, 985717, 985717, 985717, 985717, 985717, 985717, 985717, 985717, 985717, 985717, 985717, 985717, 985717, 985717, 985717, 985717, 985717, 985717, 985717, 985717, 985717, 985717, 985717, 985717, 985717, 985717, 985717, 985717, 985717, 985717, 985717, 985717, 985717, 985717, 985717, 985717, 985717, 985717, 985717, 985717, 985717, 985717, 985717, 985717, 985717, 985717, 985717, 985717, 985717, 985717, 985717, 985717, 985717, 985717, 985717, 985717, 985717, 985717, 985717, 985717, 985717, 985717, 985717, 985717, 985717, 985717, 985717, 985717, 985717, 985717, 985717, 985717, 985717, 985717, 985717, 985717, 985717, 985717, 985717, 985717, 985717, 985717, 985717, 985717, 985717, 985717, 985717, 985717, 985717, 985717, 985717, 985717, 985717, 985717, 985717, 985717, 985717, 985717, 985717, 985717, 985717, 985717, 985717, 985717, 985717, 985717, 985717, 985717, 985717, 985717, 985717, 985717, 985717, 985717, 985717, 985717, 985717, 985717, 985717, 985717, 985717, 985717, 985717, 985717, 985717, 985717, 985717, 985717, 985717, 985717, 985717, 985717, 985717, 985717, 985717, 985717, 985717, 985717, 985717, 985717, 985717, 985717, 985717, 985717, 985717, 985717, 985717, 985717, 985717, 985717, 985717, 985717, 985717, 985717, 985717, 985717, 985717, 985717, 985717, 985717, 985717, 985717]",709,2880,25,10,-97.7609482691713,30.1523774027327,35,8,200,20,26,5,Battery Electric
B2B_2711364_100hdt_D_3,B2B_2711364_100,6148,"[864996, 864996, 864996, 864996, 864996, 864996, 864996, 864996, 864996, 864996, 864996, 864996, 985717, 985717, 985717, 985717, 985717, 985717, 985717, 985717, 985717, 985717, 985717, 985717, 985717, 985717, 985717, 985717, 985717, 985717, 985717, 985717, 985717, 985717, 985717, 985717, 985717, 985717, 985717, 985717, 985717, 985717, 985717, 985717, 985717, 985717, 985717, 985717, 985717, 985717, 985717, 985717, 985717, 985717, 985717, 985717, 985717, 985717, 985717, 985717, 985717, 985717, 985717, 985717, 985717, 985717, 985717, 985717, 985717, 985717, 985717, 985717, 985717, 985717, 985717, 985717, 985717, 985717, 985717, 985717, 985717, 985717, 985717, 985717, 985717, 985717, 985717, 985717, 985717, 985717, 985717, 985717, 985717, 985717, 985717, 985717, 985717, 985717, 985717, 985717, 985717, 985717, 985717, 985717, 985717, 985717, 985717, 985717, 985717, 985717, 985717, 985717, 985717, 985717, 985717, 985717, 985717, 985717, 985717, 985717, 985717, 985717, 985717, 985717, 985717, 985717, 985717, 985717, 985717, 985717, 985717, 985717, 985717, 985717, 985717, 985717, 985717, 985717, 985717, 985717, 985717, 985717, 985717, 985717, 985717, 985717, 985717, 985717, 985717, 985717, 985717, 985717, 985717, 985717, 985717, 985717, 985717, 985717, 985717, 985717, 985717, 985717, 985717, 985717, 985717, 985717, 985717, 985717, 985717, 985717, 985717, 985717, 985717, 985717, 985717, 985717, 985717, 985717, 985717, 985717, 985717, 985717, 985717, 985717, 985717, 985717, 985717, 985717, 985717, 985717, 985717, 985717, 985717, 985717, 985717, 985717, 985717, 985717, 985717, 985717, 985717, 985717, 985717, 985717, 985717, 985717, 985717, 985717, 985717, 985717, 985717, 985717, 985717, 985717, 985717, 985717, 985717, 985717, 985717, 985717, 985717, 985717, 985717, 985717, 985717, 985717, 985717, 985717, 985717, 985717, 985717, 985717, 985717, 985717, 985717, 985717, 985717, 985717, 985717, 985717, 985717, 985717, 985717, 985717, 985717, 985717, 985717, 985717, 985717, 985717]",709,2880,25,10,-97.7609482691713,30.1523774027327,35,8,200,20,26,5,Battery Electric
B2B_2711364_100hdt_D_4,B2B_2711364_100,6148,"[864996, 864996, 864996, 864996, 864996, 864996, 864996, 864996, 864996, 864996, 864996, 864996, 985717, 985717, 985717, 985717, 985717, 985717, 985717, 985717, 985717, 985717, 985717, 985717, 985717, 985717, 985717, 985717, 985717, 985717, 985717, 985717, 985717, 985717, 985717, 985717, 985717, 985717, 985717, 985717, 985717, 985717, 985717, 985717, 985717, 985717, 985717, 985717, 985717, 985717, 985717, 985717, 985717, 985717, 985717, 985717, 985717, 985717, 985717, 985717, 985717, 985717, 985717, 985717, 985717, 985717, 985717, 985717, 985717, 985717, 985717, 985717, 985717, 985717, 985717, 985717, 985717, 985717, 985717, 985717, 985717, 985717, 985717, 985717, 985717, 985717, 985717, 985717, 985717, 985717, 985717, 985717, 985717, 985717, 985717, 985717, 985717, 985717, 985717, 985717, 985717, 985717, 985717, 985717, 985717, 985717, 985717, 985717, 985717, 985717, 985717, 985717, 985717, 985717, 985717, 985717, 985717, 985717, 985717, 985717, 985717, 985717, 985717, 985717, 985717, 985717, 985717, 985717, 985717, 985717, 985717, 985717, 985717, 985717, 985717, 985717, 985717, 985717, 985717, 985717, 985717, 985717, 985717, 985717, 985717, 985717, 985717, 985717, 985717, 985717, 985717, 985717, 985717, 985717, 985717, 985717, 985717, 985717, 985717, 985717, 985717, 985717, 985717, 985717, 985717, 985717, 985717, 985717, 985717, 985717, 985717, 985717, 985717, 985717, 985717, 985717, 985717, 985717, 985717, 985717, 985717, 985717, 985717, 985717, 985717, 985717, 985717, 985717, 985717, 985717, 985717, 985717, 985717, 985717, 985717, 985717, 985717, 985717, 985717, 985717, 985717, 985717, 985717, 985717, 985717, 985717, 985717, 985717, 985717, 985717, 985717, 985717, 985717, 985717, 985717, 985717, 985717, 985717, 985717, 985717, 985717, 985717, 985717, 985717, 985717, 985717, 985717, 985717, 985717, 985717, 985717, 985717, 985717, 985717, 985717, 985717, 985717, 985717, 985717, 985717, 985717, 985717, 985717, 985717, 985717, 985717, 985717, 985717, 985717, 985717]",709,2880,25,10,-97.7609482691713,30.1523774027327,35,8,200,20,26,5,Battery Electric
B2B_2711364_100hdt_D_5,B2B_2711364_100,6148,"[864996, 864996, 864996, 864996, 864996, 864996, 864996, 864996, 864996, 864996, 864996, 864996, 985717, 985717, 985717, 985717, 985717, 985717, 985717, 985717, 985717, 985717, 985717, 985717, 985717, 985717, 985717, 985717, 985717, 985717, 985717, 985717, 985717, 985717, 985717, 985717, 985717, 985717, 985717, 985717, 985717, 985717, 985717, 985717, 985717, 985717, 985717, 985717, 985717, 985717, 985717, 985717, 985717, 985717, 985717, 985717, 985717, 985717, 985717, 985717, 985717, 985717, 985717, 985717, 985717, 985717, 985717, 985717, 985717, 985717, 985717, 985717, 985717, 985717, 985717, 985717, 985717, 985717, 985717, 985717, 985717, 985717, 985717, 985717, 985717, 985717, 985717, 985717, 985717, 985717, 985717, 985717, 985717, 985717, 985717, 985717, 985717, 985717, 985717, 985717, 985717, 985717, 985717, 985717, 985717, 985717, 985717, 985717, 985717, 985717, 985717, 985717, 985717, 985717, 985717, 985717, 985717, 985717, 985717, 985717, 985717, 985717, 985717, 985717, 985717, 985717, 985717, 985717, 985717, 985717, 985717, 985717, 985717, 985717, 985717, 985717, 985717, 985717, 985717, 985717, 985717, 985717, 985717, 985717, 985717, 985717, 985717, 985717, 985717, 985717, 985717, 985717, 985717, 985717, 985717, 985717, 985717, 985717, 985717, 985717, 985717, 985717, 985717, 985717, 985717, 985717, 985717, 985717, 985717, 985717, 985717, 985717, 985717, 985717, 985717, 985717, 985717, 985717, 985717, 985717, 985717, 985717, 985717, 985717, 985717, 985717, 985717, 985717, 985717, 985717, 985717, 985717, 985717, 985717, 985717, 985717, 985717, 985717, 985717, 985717, 985717, 985717, 985717, 985717, 985717, 985717, 985717, 985717, 985717, 985717, 985717, 985717, 985717, 985717, 985717, 985717, 985717, 985717, 985717, 985717, 985717, 985717, 985717, 985717, 985717, 985717, 985717, 985717, 985717, 985717, 985717, 985717, 985717, 985717, 985717, 985717, 985717, 985717, 985717, 985717, 985717, 985717, 985717, 985717, 985717, 985717, 985717, 985717, 985717, 985717]",709,2880,25,10,-97.7609482691713,30.1523774027327,35,8,200,20,26,5,Battery Electric
B2B_2711364_100hdt_D_6,B2B_2711364_100,6148,"[864996, 864996, 864996, 864996, 864996, 864996, 864996, 864996, 864996, 864996, 864996, 864996, 985717, 985717, 985717, 985717, 985717, 985717, 985717, 985717, 985717, 985717, 985717, 985717, 985717, 985717, 985717, 985717, 985717, 985717, 985717, 985717, 985717, 985717, 985717, 985717, 985717, 985717, 985717, 985717, 985717, 985717, 985717, 985717, 985717, 985717, 985717, 985717, 985717, 985717, 985717, 985717, 985717, 985717, 985717, 985717, 985717, 985717, 985717, 985717, 985717, 985717, 985717, 985717, 985717, 985717, 985717, 985717, 985717, 985717, 985717, 985717, 985717, 985717, 985717, 985717, 985717, 985717, 985717, 985717, 985717, 985717, 985717, 985717, 985717, 985717, 985717, 985717, 985717, 985717, 985717, 985717, 985717, 985717, 985717, 985717, 985717, 985717, 985717, 985717, 985717, 985717, 985717, 985717, 985717, 985717, 985717, 985717, 985717, 985717, 985717, 985717, 985717, 985717, 985717, 985717, 985717, 985717, 985717, 985717, 985717, 985717, 985717, 985717, 985717, 985717, 985717, 985717, 985717, 985717, 985717, 985717, 985717, 985717, 985717, 985717, 985717, 985717, 985717, 985717, 985717, 985717, 985717, 985717, 985717, 985717, 985717, 985717, 985717, 985717, 985717, 985717, 985717, 985717, 985717, 985717, 985717, 985717, 985717, 985717, 985717, 985717, 985717, 985717, 985717, 985717, 985717, 985717, 985717, 985717, 985717, 985717, 985717, 985717, 985717, 985717, 985717, 985717, 985717, 985717, 985717, 985717, 985717, 985717, 985717, 985717, 985717, 985717, 985717, 985717, 985717, 985717, 985717, 985717, 985717, 985717, 985717, 985717, 985717, 985717, 985717, 985717, 985717, 985717, 985717, 985717, 985717, 985717, 985717, 985717, 985717, 985717, 985717, 985717, 985717, 985717, 985717, 985717, 985717, 985717, 985717, 985717, 985717, 985717, 985717, 985717, 985717, 985717, 985717, 985717, 985717, 985717, 985717, 985717, 985717, 985717, 985717, 985717, 985717, 985717, 985717, 985717, 985717, 985717, 985717, 985717, 985717, 985717, 985717, 985717]",709,2880,25,10,-97.7609482691713,30.1523774027327,35,8,200,20,26,5,Battery Electric
B2B_2711364_100hdt_D_7,B2B_2711364_100,6148,"[864996, 864996, 864996, 864996, 864996, 864996, 864996, 864996, 864996, 864996, 864996, 864996, 985717, 985717, 985717, 985717, 985717, 985717, 985717, 985717, 985717, 985717, 985717, 985717, 985717, 985717, 985717, 985717, 985717, 985717, 985717, 985717, 985717, 985717, 985717, 985717, 985717, 985717, 985717, 985717, 985717, 985717, 985717, 985717, 985717, 985717, 985717, 985717, 985717, 985717, 985717, 985717, 985717, 985717, 985717, 985717, 985717, 985717, 985717, 985717, 985717, 985717, 985717, 985717, 985717, 985717, 985717, 985717, 985717, 985717, 985717, 985717, 985717, 985717, 985717, 985717, 985717, 985717, 985717, 985717, 985717, 985717, 985717, 985717, 985717, 985717, 985717, 985717, 985717, 985717, 985717, 985717, 985717, 985717, 985717, 985717, 985717, 985717, 985717, 985717, 985717, 985717, 985717, 985717, 985717, 985717, 985717, 985717, 985717, 985717, 985717, 985717, 985717, 985717, 985717, 985717, 985717, 985717, 985717, 985717, 985717, 985717, 985717, 985717, 985717, 985717, 985717, 985717, 985717, 985717, 985717, 985717, 985717, 985717, 985717, 985717, 985717, 985717, 985717, 985717, 985717, 985717, 985717, 985717, 985717, 985717, 985717, 985717, 985717, 985717, 985717, 985717, 985717, 985717, 985717, 985717, 985717, 985717, 985717, 985717, 985717, 985717, 985717, 985717, 985717, 985717, 985717, 985717, 985717, 985717, 985717, 985717, 985717, 985717, 985717, 985717, 985717, 985717, 985717, 985717, 985717, 985717, 985717, 985717, 985717, 985717, 985717, 985717, 985717, 985717, 985717, 985717, 985717, 985717, 985717, 985717, 985717, 985717, 985717, 985717, 985717, 985717, 985717, 985717, 985717, 985717, 985717, 985717, 985717, 985717, 985717, 985717, 985717, 985717, 985717, 985717, 985717, 985717, 985717, 985717, 985717, 985717, 985717, 985717, 985717, 985717, 985717, 985717, 985717, 985717, 985717, 985717, 985717, 985717, 985717, 985717, 985717, 985717, 985717, 985717, 985717, 985717, 985717, 985717, 985717, 985717, 985717, 985717, 985717, 985717]",709,2880,25,10,-97.7609482691713,30.1523774027327,35,8,200,20,26,5,Battery Electric
B2B_2711364_100hdt_D_8,B2B_2711364_100,6148,"[864996, 864996, 864996, 864996, 864996, 864996, 864996, 864996, 864996, 864996, 864996, 864996, 985717, 985717, 985717, 985717, 985717, 985717, 985717, 985717, 985717, 985717, 985717, 985717, 985717, 985717, 985717, 985717, 985717, 985717, 985717, 985717, 985717, 985717, 985717, 985717, 985717, 985717, 985717, 985717, 985717, 985717, 985717, 985717, 985717, 985717, 985717, 985717, 985717, 985717, 985717, 985717, 985717, 985717, 985717, 985717, 985717, 985717, 985717, 985717, 985717, 985717, 985717, 985717, 985717, 985717, 985717, 985717, 985717, 985717, 985717, 985717, 985717, 985717, 985717, 985717, 985717, 985717, 985717, 985717, 985717, 985717, 985717, 985717, 985717, 985717, 985717, 985717, 985717, 985717, 985717, 985717, 985717, 985717, 985717, 985717, 985717, 985717, 985717, 985717, 985717, 985717, 985717, 985717, 985717, 985717, 985717, 985717, 985717, 985717, 985717, 985717, 985717, 985717, 985717, 985717, 985717, 985717, 985717, 985717, 985717, 985717, 985717, 985717, 985717, 985717, 985717, 985717, 985717, 985717, 985717, 985717, 985717, 985717, 985717, 985717, 985717, 985717, 985717, 985717, 985717, 985717, 985717, 985717, 985717, 985717, 985717, 985717, 985717, 985717, 985717, 985717, 985717, 985717, 985717, 985717, 985717, 985717, 985717, 985717, 985717, 985717, 985717, 985717, 985717, 985717, 985717, 985717, 985717, 985717, 985717, 985717, 985717, 985717, 985717, 985717, 985717, 985717, 985717, 985717, 985717, 985717, 985717, 985717, 985717, 985717, 985717, 985717, 985717, 985717, 985717, 985717, 985717, 985717, 985717, 985717, 985717, 985717, 985717, 985717, 985717, 985717, 985717, 985717, 985717, 985717, 985717, 985717, 985717, 985717, 985717, 985717, 985717, 985717, 985717, 985717, 985717, 985717, 985717, 985717, 985717, 985717, 985717, 985717, 985717, 985717, 985717, 985717, 985717, 985717, 985717, 985717, 985717, 985717, 985717, 985717, 985717, 985717, 985717, 985717, 985717, 985717, 985717, 985717, 985717, 985717, 985717, 985717, 985717, 985717]",709,2880,25,10,-97.7609482691713,30.1523774027327,35,8,200,20,26,5,Battery Electric
B2B_2711364_100hdt_D_9,B2B_2711364_100,6148,"[864996, 864996, 864996, 864996, 864996, 864996, 864996, 864996, 864996, 864996, 864996, 864996, 985717, 985717, 985717, 985717, 985717, 985717, 985717, 985717, 985717, 985717, 985717, 985717, 985717, 985717, 985717, 985717, 985717, 985717, 985717, 985717, 985717, 985717, 985717, 985717, 985717, 985717, 985717, 985717, 985717, 985717, 985717, 985717, 985717, 985717, 985717, 985717, 985717, 985717, 985717, 985717, 985717, 985717, 985717, 985717, 985717, 985717, 985717, 985717, 985717, 985717, 985717, 985717, 985717, 985717, 985717, 985717, 985717, 985717, 985717, 985717, 985717, 985717, 985717, 985717, 985717, 985717, 985717, 985717, 985717, 985717, 985717, 985717, 985717, 985717, 985717, 985717, 985717, 985717, 985717, 985717, 985717, 985717, 985717, 985717, 985717, 985717, 985717, 985717, 985717, 985717, 985717, 985717, 985717, 985717, 985717, 985717, 985717, 985717, 985717, 985717, 985717, 985717, 985717, 985717, 985717, 985717, 985717, 985717, 985717, 985717, 985717, 985717, 985717, 985717, 985717, 985717, 985717, 985717, 985717, 985717, 985717, 985717, 985717, 985717, 985717, 985717, 985717, 985717, 985717, 985717, 985717, 985717, 985717, 985717, 985717, 985717, 985717, 985717, 985717, 985717, 985717, 985717, 985717, 985717, 985717, 985717, 985717, 985717, 985717, 985717, 985717, 985717, 985717, 985717, 985717, 985717, 985717, 985717, 985717, 985717, 985717, 985717, 985717, 985717, 985717, 985717, 985717, 985717, 985717, 985717, 985717, 985717, 985717, 985717, 985717, 985717, 985717, 985717, 985717, 985717, 985717, 985717, 985717, 985717, 985717, 985717, 985717, 985717, 985717, 985717, 985717, 985717, 985717, 985717, 985717, 985717, 985717, 985717, 985717, 985717, 985717, 985717, 985717, 985717, 985717, 985717, 985717, 985717, 985717, 985717, 985717, 985717, 985717, 985717, 985717, 985717, 985717, 985717, 985717, 985717, 985717, 985717, 985717, 985717, 985717, 985717, 985717, 985717, 985717, 985717, 985717, 985717, 985717, 985717, 985717, 985717, 985717, 985717]",709,2880,25,10,-97.7609482691713,30.1523774027327,35,8,200,20,26,5,Battery Electric
B2B_2711364_100hdt_D_10,B2B_2711364_100,6148,"[864996, 864996, 864996, 864996, 864996, 864996, 864996, 864996, 864996, 864996, 864996, 864996, 985717, 985717, 985717, 985717, 985717, 985717, 985717, 985717, 985717, 985717, 985717, 985717, 985717, 985717, 985717, 985717, 985717, 985717, 985717, 985717, 985717, 985717, 985717, 985717, 985717, 985717, 985717, 985717, 985717, 985717, 985717, 985717, 985717, 985717, 985717, 985717, 985717, 985717, 985717, 985717, 985717, 985717, 985717, 985717, 985717, 985717, 985717, 985717, 985717, 985717, 985717, 985717, 985717, 985717, 985717, 985717, 985717, 985717, 985717, 985717, 985717, 985717, 985717, 985717, 985717, 985717, 985717, 985717, 985717, 985717, 985717, 985717, 985717, 985717, 985717, 985717, 985717, 985717, 985717, 985717, 985717, 985717, 985717, 985717, 985717, 985717, 985717, 985717, 985717, 985717, 985717, 985717, 985717, 985717, 985717, 985717, 985717, 985717, 985717, 985717, 985717, 985717, 985717, 985717, 985717, 985717, 985717, 985717, 985717, 985717, 985717, 985717, 985717, 985717, 985717, 985717, 985717, 985717, 985717, 985717, 985717, 985717, 985717, 985717, 985717, 985717, 985717, 985717, 985717, 985717, 985717, 985717, 985717, 985717, 985717, 985717, 985717, 985717, 985717, 985717, 985717, 985717, 985717, 985717, 985717, 985717, 985717, 985717, 985717, 985717, 985717, 985717, 985717, 985717, 985717, 985717, 985717, 985717, 985717, 985717, 985717, 985717, 985717, 985717, 985717, 985717, 985717, 985717, 985717, 985717, 985717, 985717, 985717, 985717, 985717, 985717, 985717, 985717, 985717, 985717, 985717, 985717, 985717, 985717, 985717, 985717, 985717, 985717, 985717, 985717, 985717, 985717, 985717, 985717, 985717, 985717, 985717, 985717, 985717, 985717, 985717, 985717, 985717, 985717, 985717, 985717, 985717, 985717, 985717, 985717, 985717, 985717, 985717, 985717, 985717, 985717, 985717, 985717, 985717, 985717, 985717, 985717, 985717, 985717, 985717, 985717, 985717, 985717, 985717, 985717, 985717, 985717, 985717, 985717, 985717, 985717, 985717, 985717]",709,2880,25,10,-97.7609482691713,30.1523774027327,35,8,200,20,26,5,Battery Electric
B2B_2711364_100hdt_D_11,B2B_2711364_100,6148,"[864996, 864996, 864996, 864996, 864996, 864996, 864996, 864996, 864996, 864996, 864996, 864996, 985717, 985717, 985717, 985717, 985717, 985717, 985717, 985717, 985717, 985717, 985717, 985717, 985717, 985717, 985717, 985717, 985717, 985717, 985717, 985717, 985717, 985717, 985717, 985717, 985717, 985717, 985717, 985717, 985717, 985717, 985717, 985717, 985717, 985717, 985717, 985717, 985717, 985717, 985717, 985717, 985717, 985717, 985717, 985717, 985717, 985717, 985717, 985717, 985717, 985717, 985717, 985717, 985717, 985717, 985717, 985717, 985717, 985717, 985717, 985717, 985717, 985717, 985717, 985717, 985717, 985717, 985717, 985717, 985717, 985717, 985717, 985717, 985717, 985717, 985717, 985717, 985717, 985717, 985717, 985717, 985717, 985717, 985717, 985717, 985717, 985717, 985717, 985717, 985717, 985717, 985717, 985717, 985717, 985717, 985717, 985717, 985717, 985717, 985717, 985717, 985717, 985717, 985717, 985717, 985717, 985717, 985717, 985717, 985717, 985717, 985717, 985717, 985717, 985717, 985717, 985717, 985717, 985717, 985717, 985717, 985717, 985717, 985717, 985717, 985717, 985717, 985717, 985717, 985717, 985717, 985717, 985717, 985717, 985717, 985717, 985717, 985717, 985717, 985717, 985717, 985717, 985717, 985717, 985717, 985717, 985717, 985717, 985717, 985717, 985717, 985717, 985717, 985717, 985717, 985717, 985717, 985717, 985717, 985717, 985717, 985717, 985717, 985717, 985717, 985717, 985717, 985717, 985717, 985717, 985717, 985717, 985717, 985717, 985717, 985717, 985717, 985717, 985717, 985717, 985717, 985717, 985717, 985717, 985717, 985717, 985717, 985717, 985717, 985717, 985717, 985717, 985717, 985717, 985717, 985717, 985717, 985717, 985717, 985717, 985717, 985717, 985717, 985717, 985717, 985717, 985717, 985717, 985717, 985717, 985717, 985717, 985717, 985717, 985717, 985717, 985717, 985717, 985717, 985717, 985717, 985717, 985717, 985717, 985717, 985717, 985717, 985717, 985717, 985717, 985717, 985717, 985717, 985717, 985717, 985717, 985717, 985717, 985717]",709,2880,25,10,-97.7609482691713,30.1523774027327,35,8,200,20,26,5,Battery Electric
B2B_2711364_100hdt_E_0,B2B_2711364_100,6148,"[864996, 864996, 864996, 864996, 864996, 864996, 864996, 864996, 864996, 864996, 864996, 864996, 985717, 985717, 985717, 985717, 985717, 985717, 985717, 985717, 985717, 985717, 985717, 985717, 985717, 985717, 985717, 985717, 985717, 985717, 985717, 985717, 985717, 985717, 985717, 985717, 985717, 985717, 985717, 985717, 985717, 985717, 985717, 985717, 985717, 985717, 985717, 985717, 985717, 985717, 985717, 985717, 985717, 985717, 985717, 985717, 985717, 985717, 985717, 985717, 985717, 985717, 985717, 985717, 985717, 985717, 985717, 985717, 985717, 985717, 985717, 985717, 985717, 985717, 985717, 985717, 985717, 985717, 985717, 985717, 985717, 985717, 985717, 985717, 985717, 985717, 985717, 985717, 985717, 985717, 985717, 985717, 985717, 985717, 985717, 985717, 985717, 985717, 985717, 985717, 985717, 985717, 985717, 985717, 985717, 985717, 985717, 985717, 985717, 985717, 985717, 985717, 985717, 985717, 985717, 985717, 985717, 985717, 985717, 985717, 985717, 985717, 985717, 985717, 985717, 985717, 985717, 985717, 985717, 985717, 985717, 985717, 985717, 985717, 985717, 985717, 985717, 985717, 985717, 985717, 985717, 985717, 985717, 985717, 985717, 985717, 985717, 985717, 985717, 985717, 985717, 985717, 985717, 985717, 985717, 985717, 985717, 985717, 985717, 985717, 985717, 985717, 985717, 985717, 985717, 985717, 985717, 985717, 985717, 985717, 985717, 985717, 985717, 985717, 985717, 985717, 985717, 985717, 985717, 985717, 985717, 985717, 985717, 985717, 985717, 985717, 985717, 985717, 985717, 985717, 985717, 985717, 985717, 985717, 985717, 985717, 985717, 985717, 985717, 985717, 985717, 985717, 985717, 985717, 985717, 985717, 985717, 985717, 985717, 985717, 985717, 985717, 985717, 985717, 985717, 985717, 985717, 985717, 985717, 985717, 985717, 985717, 985717, 985717, 985717, 985717, 985717, 985717, 985717, 985717, 985717, 985717, 985717, 985717, 985717, 985717, 985717, 985717, 985717, 985717, 985717, 985717, 985717, 985717, 985717, 985717, 985717, 985717, 985717, 985717]",709,2880,25,10,-97.7609482691713,30.1523774027327,35,8,200,20,26,5,Battery Electric
B2B_2711364_100hdt_E_1,B2B_2711364_100,6148,"[864996, 864996, 864996, 864996, 864996, 864996, 864996, 864996, 864996, 864996, 864996, 864996, 985717, 985717, 985717, 985717, 985717, 985717, 985717, 985717, 985717, 985717, 985717, 985717, 985717, 985717, 985717, 985717, 985717, 985717, 985717, 985717, 985717, 985717, 985717, 985717, 985717, 985717, 985717, 985717, 985717, 985717, 985717, 985717, 985717, 985717, 985717, 985717, 985717, 985717, 985717, 985717, 985717, 985717, 985717, 985717, 985717, 985717, 985717, 985717, 985717, 985717, 985717, 985717, 985717, 985717, 985717, 985717, 985717, 985717, 985717, 985717, 985717, 985717, 985717, 985717, 985717, 985717, 985717, 985717, 985717, 985717, 985717, 985717, 985717, 985717, 985717, 985717, 985717, 985717, 985717, 985717, 985717, 985717, 985717, 985717, 985717, 985717, 985717, 985717, 985717, 985717, 985717, 985717, 985717, 985717, 985717, 985717, 985717, 985717, 985717, 985717, 985717, 985717, 985717, 985717, 985717, 985717, 985717, 985717, 985717, 985717, 985717, 985717, 985717, 985717, 985717, 985717, 985717, 985717, 985717, 985717, 985717, 985717, 985717, 985717, 985717, 985717, 985717, 985717, 985717, 985717, 985717, 985717, 985717, 985717, 985717, 985717, 985717, 985717, 985717, 985717, 985717, 985717, 985717, 985717, 985717, 985717, 985717, 985717, 985717, 985717, 985717, 985717, 985717, 985717, 985717, 985717, 985717, 985717, 985717, 985717, 985717, 985717, 985717, 985717, 985717, 985717, 985717, 985717, 985717, 985717, 985717, 985717, 985717, 985717, 985717, 985717, 985717, 985717, 985717, 985717, 985717, 985717, 985717, 985717, 985717, 985717, 985717, 985717, 985717, 985717, 985717, 985717, 985717, 985717, 985717, 985717, 985717, 985717, 985717, 985717, 985717, 985717, 985717, 985717, 985717, 985717, 985717, 985717, 985717, 985717, 985717, 985717, 985717, 985717, 985717, 985717, 985717, 985717, 985717, 985717, 985717, 985717, 985717, 985717, 985717, 985717, 985717, 985717, 985717, 985717, 985717, 985717, 985717, 985717, 985717, 985717, 985717, 985717]",709,2880,25,10,-97.7609482691713,30.1523774027327,35,8,200,20,26,5,Battery Electric
B2B_2713353_101hdt_D,B2B_2713353_101,6766,"[864821, 864821]",138,1491,5,35,-97.60831564199567,30.83476599243549,5,5,11,5,5,5,Battery Electric
B2B_2714748_102hdt_D,B2B_2714748_102,1794,"[1083795, 1083795]",885,1520,15,30,-98.4110713010039,30.5852968210053,5,5,8,5,8,5,Battery Electric
B2B_2719244_103hdt_D,B2B_2719244_103,6730,"[98639, 98639, 98639, 98639, 98639, 98639]",123,1308,25,35,-97.42082228392508,30.75682337175888,5,5,11,5,5,5,Battery Electric
B2B_2723246_104hdt_D,B2B_2723246_104,172,"[1543376, 1543376, 1543376]",427,2880,35,30,-97.301375004755,30.0469740744586,5,5,11,5,5,5,Battery Electric
B2B_2723249_105hdt_D,B2B_2723249_105,177,"[916650, 916650, 916650, 916650, 916650]",830,2880,30,35,-97.2781044147943,30.0720465820706,5,5,11,5,5,5,Battery Electric
B2B_2723250_106hdt_D,B2B_2723250_106,193,"[119437, 119437, 119437]",922,1379,35,35,-97.5747380003488,30.1299089002546,8,5,8,5,5,5,Battery Electric
B2B_2723251_107hdv_D,B2B_2723251_107,193,"[119437, 119437, 119437]",540,1492,25,25,-97.5614879040493,30.1105515377283,5,5,8,5,8,5,Battery Electric
B2B_2723910_108hdt_D,B2B_2723910_108,6713,"[119437, 119437, 119437, 1106682, 1106682]",463,1660,15,35,-97.33623951372046,30.5553447238755,5,5,11,5,5,5,Battery Electric
B2B_2724111_109hdt_D,B2B_2724111_109,6638,"[119437, 119437, 119437]",380,1600,20,10,-97.722442227723,30.4574023598613,5,5,8,5,8,5,Battery Electric
B2B_2724113_110hdt_D,B2B_2724113_110,6754,"[119437, 119437, 119437]",313,1350,35,30,-97.6684042512181,30.5644243974021,8,5,8,5,5,5,Battery Electric
B2B_2728360_111hdt_D,B2B_2728360_111,184,[1060665],460,1660,10,10,-97.15074579105176,30.118563342981947,5,5,8,5,5,5,Battery Electric
B2B_2728371_112hdv_D,B2B_2728371_112,184,"[976796, 976796]",434,1496,20,20,-97.15074579105176,30.118563342981947,5,5,5,5,8,5,Battery Electric
B2B_2728468_113hdt_D,B2B_2728468_113,184,[1550345],370,1528,20,25,-97.15074579105176,30.118563342981947,5,5,8,5,5,5,Battery Electric
B2B_2730093_114hdt_D,B2B_2730093_114,3132,"[979632, 979632]",330,1529,20,25,-98.00981900273317,29.80132702891156,5,5,8,8,5,5,Battery Electric
B2B_2730093_114hdt_E,B2B_2730093_114,3132,"[979632, 979632]",330,1529,20,25,-98.00981900273317,29.80132702891156,5,5,8,8,5,5,Battery Electric
B2B_2731325_115hdt_D,B2B_2731325_115,1824,"[854569, 854569, 854569, 854569, 854569, 854569]",680,2880,10,15,-97.5028421152761,29.7761079306604,5,5,11,5,5,5,Battery Electric
B2B_2731835_116hdt_D,B2B_2731835_116,6559,[1073686],300,1483,35,25,-97.81910320552598,30.885756123849205,5,5,11,5,5,5,Battery Electric
B2B_2734860_117hdt_D,B2B_2734860_117,5624,"[1543371, 1543371]",860,2880,20,35,-97.7280440295791,30.2861988959413,5,5,8,5,8,5,Battery Electric
B2B_2734869_118hdt_D,B2B_2734869_118,5698,[1076827],640,2880,5,15,-97.7159543929794,30.3321410906221,5,5,11,5,5,5,Battery Electric
B2B_2734870_119hdt_D,B2B_2734870_119,6105,[1398038],942,2880,5,30,-97.7264203110108,30.2326070650923,5,5,11,5,5,5,Battery Electric
B2B_2734873_120hdt_D,B2B_2734873_120,5678,"[1106680, 1106680, 1106680, 1106680, 1106680, 1106680]",556,2880,5,25,-97.7608607115137,30.2521647531794,5,5,11,5,5,5,Battery Electric
B2B_2734877_121hdt_D,B2B_2734877_121,5938,"[119437, 119437, 119437, 119437, 119437, 119437]",460,1318,5,5,-97.6999696890872,30.4006319664694,5,5,11,5,5,5,Battery Electric
B2B_2734888_122hdt_D,B2B_2734888_122,6091,"[119437, 119437, 119437]",594,1543,15,5,-97.6580405715544,30.2480321491247,5,5,11,5,5,5,Battery Electric
B2B_2735464_123hdt_D,B2B_2735464_123,3132,"[864558, 864558]",211,1454,35,15,-98.00981900273317,29.80132702891156,5,5,11,5,5,5,Battery Electric
B2B_2736770_124hdt_D,B2B_2736770_124,181,"[934733, 934733, 934733, 934733, 934733, 934733, 934733]",512,2880,5,35,-97.17863242422057,30.11972152023841,5,5,11,5,5,5,Battery Electric
B2B_2737401_125hdt_D,B2B_2737401_125,182,[1359018],609,1341,25,15,-97.1439851650562,30.283083541879144,5,5,11,5,5,5,Battery Electric
B2B_2740042_126hdt_D,B2B_2740042_126,6553,[891397],545,1372,30,35,-97.73598913607752,30.876302785723396,11,5,17,5,11,5,Battery Electric
B2B_2740538_127hdt_D,B2B_2740538_127,3132,"[976678, 976678, 976678, 976678, 976678, 976678, 976678, 976678]",282,1510,5,25,-98.00981900273317,29.80132702891156,8,5,32,5,5,5,Battery Electric
B2B_2740543_128hdt_D_0,B2B_2740543_128,6730,"[91695, 91695, 91695, 91695, 91695, 91695, 91695, 91695, 91695, 91695, 91695, 91695, 91695, 91695, 91695, 91695, 91695, 91695, 91695, 91695, 91695, 91695, 91695, 91695, 91695, 91695, 91695]",432,1460,25,35,-97.42082228392508,30.75682337175888,8,5,29,5,8,5,Battery Electric
B2B_2740543_128hdt_D_1,B2B_2740543_128,6730,"[91695, 91695, 91695, 91695, 91695, 91695, 91695, 91695, 91695, 91695, 91695, 91695, 91695, 91695, 91695, 91695, 91695, 91695, 91695, 91695, 91695, 91695, 91695, 91695, 91695, 91695, 91695]",432,1460,25,35,-97.42082228392508,30.75682337175888,8,5,29,5,8,5,Battery Electric
B2B_2740591_129hdt_D,B2B_2740591_129,3132,"[1506754, 1506754, 1506754, 1506754, 1506754]",278,1600,35,10,-98.00981900273317,29.80132702891156,5,5,26,8,5,5,Battery Electric
B2B_2740591_129hdt_E,B2B_2740591_129,3132,"[1506754, 1506754, 1506754, 1506754, 1506754]",278,1600,35,10,-98.00981900273317,29.80132702891156,5,5,26,8,5,5,Battery Electric
B2B_2740781_130md_D,B2B_2740781_130,5821,"[854798, 854798, 854798, 854798, 854798, 854798, 854798, 854798, 854798, 854798, 854798, 854798, 854798, 854798, 854798, 854798]",463,1328,5,25,-97.97278849095936,30.502671582093864,35,5,170,14,26,5,Battery Electric
B2B_2744820_131hdt_D,B2B_2744820_131,3132,"[860484, 860484]",135,1608,10,35,-98.00981900273317,29.80132702891156,5,5,8,5,5,5,Battery Electric
B2B_2744975_132hdt_D,B2B_2744975_132,6730,[2889400],63,1580,10,15,-97.42082228392508,30.75682337175888,5,5,8,5,5,5,Battery Electric
B2B_2745644_133hdt_D,B2B_2745644_133,6553,[1076983],265,1625,35,30,-97.73598913607752,30.876302785723396,5,5,8,5,5,5,PHEV
B2B_2745702_134hdt_D,B2B_2745702_134,6553,"[907849, 907849, 907849]",458,1510,5,30,-97.73598913607752,30.876302785723396,5,5,8,5,5,5,Battery Electric
B2B_2746145_135hdt_D,B2B_2746145_135,184,[1392855],575,1435,35,25,-97.15074579105176,30.118563342981947,5,5,8,5,5,5,Battery Electric
B2B_2746149_136hdt_D,B2B_2746149_136,184,"[955808, 955808, 955808]",520,1660,10,35,-97.15074579105176,30.118563342981947,5,5,8,5,5,5,PHEV
B2B_2746617_137hdt_E,B2B_2746617_137,158,"[119437, 119437, 119437]",920,1339,10,25,-97.2790515358212,30.3501935434668,5,5,5,8,5,5,Battery Electric
B2B_2746860_138hdt_D,B2B_2746860_138,6093,"[119437, 119437, 119437]",299,1368,30,25,-97.6903512774383,30.2372941721938,5,5,8,5,5,5,Battery Electric
B2B_2746862_139hdt_D,B2B_2746862_139,6042,"[119437, 119437, 119437]",663,1462,25,25,-97.679879966346,30.3027912353389,5,5,8,5,5,5,Battery Electric
B2B_2748180_140hdt_D,B2B_2748180_140,1824,"[119751, 119751, 119751]",231,1460,10,25,-97.482365146365,29.789716257180924,5,5,8,5,5,5,Battery Electric
B2B_2748621_141hdt_D,B2B_2748621_141,184,[1100025],74,1472,10,20,-97.15074579105176,30.118563342981947,5,5,8,5,5,5,Battery Electric
B2B_2748816_142hdt_D,B2B_2748816_142,182,"[89492, 89492]",337,1550,5,30,-97.1439851650562,30.283083541879144,5,5,8,5,5,5,Battery Electric
B2B_2750066_143hdt_D,B2B_2750066_143,3164,"[979604, 979604, 979604, 979604, 979604, 979604, 979604, 979604]",161,1328,10,15,-98.1475744617834,30.208051188734967,8,5,38,5,14,5,Battery Electric
B2B_2750641_144hdt_D_0,B2B_2750641_144,3149,"[121545, 121545, 121545, 121545, 121545, 121545, 121545, 121545, 121545, 121545, 121545, 121545, 121545, 121545, 121545, 121545, 121545, 121545, 121545, 121545, 121545, 121545, 121545, 121545, 121545, 121545, 121545, 121545]",314,1494,35,25,-98.0984863822565,29.96974765421284,11,8,35,8,8,5,Battery Electric
B2B_2750641_144hdt_D_1,B2B_2750641_144,3149,"[121545, 121545, 121545, 121545, 121545, 121545, 121545, 121545, 121545, 121545, 121545, 121545, 121545, 121545, 121545, 121545, 121545, 121545, 121545, 121545, 121545, 121545, 121545, 121545, 121545, 121545, 121545, 121545]",314,1494,35,25,-98.0984863822565,29.96974765421284,11,8,35,8,8,5,Battery Electric
B2B_2750641_144hdt_E,B2B_2750641_144,3149,"[121545, 121545, 121545, 121545, 121545, 121545, 121545, 121545, 121545, 121545, 121545, 121545, 121545, 121545, 121545, 121545, 121545, 121545, 121545, 121545, 121545, 121545, 121545, 121545, 121545, 121545, 121545, 121545]",314,1494,35,25,-98.0984863822565,29.96974765421284,11,8,35,8,8,5,Battery Electric
B2B_2750665_145md_D,B2B_2750665_145,184,[1087576],406,1473,25,30,-97.15074579105176,30.118563342981947,11,5,29,11,14,5,Battery Electric
B2B_2750830_146hdt_D,B2B_2750830_146,5757,"[906687, 906687, 906687, 906687, 906687, 906687, 906687, 906687, 906687, 906687, 906687, 906687, 906687, 906687, 906687, 906687, 906687, 906687, 906687, 906687]",329,1539,25,5,-97.8160946033317,30.2011312852611,14,5,29,5,5,5,Battery Electric
B2B_2751785_147hdt_D,B2B_2751785_147,3132,"[856945, 856945, 856945, 856945]",158,1428,35,5,-98.00981900273317,29.80132702891156,23,5,176,8,17,5,Battery Electric
B2B_2751786_148hdt_D,B2B_2751786_148,3138,[1126177],89,1523,25,10,-97.990333452027,29.88826768981848,11,8,182,5,20,5,Battery Electric
B2B_2751822_149md_D,B2B_2751822_149,184,"[119437, 119437, 119437, 119437, 119437, 119437, 119437, 119437, 119437, 119437, 119437]",366,1408,20,10,-97.15074579105176,30.118563342981947,20,5,80,8,11,5,Battery Electric
