payloadId,sequenceRank,tourId,payloadType,weightInlb,cummulativeWeightInlb,requestType,locationZone,estimatedTimeOfArrivalInSec,arrivalTimeWindowInSec_lower,arrivalTimeWindowInSec_upper,operationDurationInSec,locationZone_x,locationZone_y,true_locationZone,BuyerNAICS,SellerNAICS,truck_mode
food_0,0,0,5,3,3,3,2406.0,50400,25200,79200,1020,-122.6451898,47.7346084,2406.0,NA,NA,ondemand
food_0,1,0,5,-3,0,3,2350.0,51732,25200,79200,300,-122.64412225683857,47.58938252277981,2350.0,NA,NA,ondemand
food_1,0,1,5,8,8,3,2479.0,66600,25200,79200,480,-122.6128454,47.5345741,2479.0,NA,NA,ondemand
food_1,1,1,5,-8,0,3,2350.0,68716,25200,79200,480,-122.65468205038619,47.59509291105165,2350.0,NA,NA,ondemand
food_2,0,2,5,4,4,3,2392.0,50460,25200,79200,720,-122.6630901,47.7603083,2392.0,NA,NA,ondemand
food_2,1,2,5,-4,0,3,2350.0,52614,25200,79200,300,-122.65043485144678,47.58865934189512,2350.0,NA,NA,ondemand
food_3,0,3,5,8,8,3,2355.0,58620,25200,79200,780,-122.6154436,47.5886102,2355.0,NA,NA,ondemand
food_3,1,3,5,-8,0,3,2350.0,59526,25200,79200,180,-122.65336848059137,47.59432484508771,2350.0,NA,NA,ondemand
food_4,0,4,5,2,2,3,2381.0,70200,25200,79200,1020,-122.653618,47.5689457,2381.0,NA,NA,ondemand
food_4,1,4,5,-2,0,3,2352.0,71706,25200,79200,240,-122.6348189512959,47.599851130176944,2352.0,NA,NA,ondemand
food_5,0,5,5,8,8,3,2380.0,55800,25200,79200,780,-122.6675369,47.553691,2380.0,NA,NA,ondemand
food_5,1,5,5,-8,0,3,2353.0,56981,25200,79200,120,-122.63412932886831,47.58913253347033,2353.0,NA,NA,ondemand
food_6,0,6,5,7,7,3,2380.0,43800,25200,79200,720,-122.6673622,47.5621192,2380.0,NA,NA,ondemand
food_6,1,6,5,-7,0,3,2353.0,44921,25200,79200,480,-122.63565460583654,47.588638328943645,2353.0,NA,NA,ondemand
food_7,0,7,5,2,2,3,2396.0,40500,25200,79200,1140,-122.6529977,47.7580256,2396.0,NA,NA,ondemand
food_7,1,7,5,-2,0,3,2353.0,43405,25200,79200,420,-122.63647062683715,47.59196078062107,2353.0,NA,NA,ondemand
food_8,0,8,5,8,8,3,2359.0,55200,25200,79200,420,-122.6136015,47.5704595,2359.0,NA,NA,ondemand
food_8,1,8,5,-8,0,3,2354.0,55872,25200,79200,420,-122.63433278976613,47.58487674520424,2354.0,NA,NA,ondemand
food_9,0,9,5,7,7,3,2392.0,72000,25200,79200,600,-122.661654,47.7619551,2392.0,NA,NA,ondemand
food_9,1,9,5,-7,0,3,2355.0,73083,25200,79200,480,-122.62749076638187,47.59288910807447,2355.0,NA,NA,ondemand
food_10,0,10,5,8,8,3,2373.0,63780,25200,79200,300,-122.692197,47.595701,2373.0,NA,NA,ondemand
food_10,1,10,5,-8,0,3,2357.0,64576,25200,79200,300,-122.62104129606733,47.58384844889686,2357.0,NA,NA,ondemand
food_11,0,11,5,7,7,3,2405.0,48840,25200,79200,720,-122.6504911,47.746651,2405.0,NA,NA,ondemand
food_11,1,11,5,-7,0,3,2358.0,50865,25200,79200,120,-122.62483176265329,47.577230423335834,2358.0,NA,NA,ondemand
food_12,0,12,5,0,0,3,1819.0,51000,25200,79200,360,-122.459932,47.4501706,1819.0,NA,NA,ondemand
food_12,1,12,5,0,0,3,2358.0,52998,25200,79200,540,-122.6313121677715,47.580457292574174,2358.0,NA,NA,ondemand
food_13,0,13,5,4,4,3,1819.0,67020,25200,79200,300,-122.459932,47.4501706,1819.0,NA,NA,ondemand
food_13,1,13,5,-4,0,3,2358.0,68958,25200,79200,300,-122.62673977788018,47.57806776224996,2358.0,NA,NA,ondemand
food_14,0,14,5,7,7,3,2405.0,58800,25200,79200,480,-122.6488619,47.735734,2405.0,NA,NA,ondemand
food_14,1,14,5,-7,0,3,2358.0,60585,25200,79200,300,-122.6176282107178,47.57969231904485,2358.0,NA,NA,ondemand
food_15,0,15,5,7,7,3,2454.0,38400,25200,79200,420,-122.6282457,47.626619,2454.0,NA,NA,ondemand
food_15,1,15,5,-7,0,3,2359.0,39425,25200,79200,300,-122.60516244291534,47.5645894850108,2359.0,NA,NA,ondemand
food_16,0,16,5,6,6,3,2492.0,65100,25200,79200,420,-122.6267201,47.5046312,2492.0,NA,NA,ondemand
food_16,1,16,5,-6,0,3,2359.0,66327,25200,79200,540,-122.60877616064553,47.56515668210499,2359.0,NA,NA,ondemand
food_17,0,17,5,2,2,3,2427.0,39300,25200,79200,480,-122.6949699,47.6454416,2427.0,NA,NA,ondemand
food_17,1,17,5,-2,0,3,2359.0,41022,25200,79200,480,-122.61204289989709,47.56887027929057,2359.0,NA,NA,ondemand
food_18,0,18,5,8,8,3,2370.0,63300,25200,79200,720,-122.6799945,47.5696302,2370.0,NA,NA,ondemand
food_18,1,18,5,-8,0,3,2360.0,64804,25200,79200,300,-122.61124466485025,47.586605948760464,2360.0,NA,NA,ondemand
food_19,0,19,5,2,2,3,2382.0,55620,25200,79200,900,-122.6535759,47.5642751,2382.0,NA,NA,ondemand
food_19,1,19,5,-2,0,3,2361.0,56973,25200,79200,120,-122.60450737790664,47.58418207098251,2361.0,NA,NA,ondemand
food_20,0,20,5,1,1,3,2458.0,57000,25200,79200,900,-122.629459,47.608943,2458.0,NA,NA,ondemand
food_20,1,20,5,-1,0,3,2361.0,58293,25200,79200,360,-122.5885240594441,47.58951417896917,2361.0,NA,NA,ondemand
food_21,0,21,5,3,3,3,2353.0,40200,25200,79200,720,-122.6299001,47.5905253,2353.0,NA,NA,ondemand
food_21,1,21,5,-3,0,3,2361.0,41168,25200,79200,540,-122.58942587243641,47.581223537715395,2361.0,NA,NA,ondemand
food_22,0,22,5,0,0,3,2398.0,72000,25200,79200,720,-122.706063,47.6894957,2398.0,NA,NA,ondemand
food_22,1,22,5,0,0,3,2362.0,74190,25200,79200,540,-122.63120456751754,47.57867210902115,2362.0,NA,NA,ondemand
food_23,0,23,5,0,0,3,2378.0,73800,25200,79200,1020,-122.6720852,47.5678713,2378.0,NA,NA,ondemand
food_23,1,23,5,0,0,3,2362.0,75262,25200,79200,120,-122.63080722777465,47.57113579704765,2362.0,NA,NA,ondemand
food_24,0,24,5,0,0,3,2378.0,71400,25200,79200,300,-122.6681746,47.5589243,2378.0,NA,NA,ondemand
food_24,1,24,5,0,0,3,2362.0,72142,25200,79200,180,-122.62498592749377,47.566665286811336,2362.0,NA,NA,ondemand
food_25,0,25,5,9,9,3,2378.0,61860,25200,79200,540,-122.6720852,47.5678713,2378.0,NA,NA,ondemand
food_25,1,25,5,-9,0,3,2362.0,62842,25200,79200,120,-122.62615731381484,47.573716597165436,2362.0,NA,NA,ondemand
food_26,0,26,5,7,7,3,2374.0,73800,25200,79200,600,-122.6845576,47.5671051,2374.0,NA,NA,ondemand
food_26,1,26,5,-7,0,3,2362.0,74691,25200,79200,540,-122.62786444183828,47.57722743035165,2362.0,NA,NA,ondemand
food_27,0,27,5,5,5,3,2376.0,61140,25200,79200,420,-122.7080379,47.5825695,2376.0,NA,NA,ondemand
food_27,1,27,5,-5,0,3,2363.0,62361,25200,79200,480,-122.63473646565654,47.567791960607074,2363.0,NA,NA,ondemand
food_28,0,28,5,9,9,3,2376.0,72900,25200,79200,1020,-122.7034607,47.5797305,2376.0,NA,NA,ondemand
food_28,1,28,5,-9,0,3,2363.0,74721,25200,79200,480,-122.62977718866023,47.565856955542685,2363.0,NA,NA,ondemand
food_29,0,29,5,7,7,3,2362.0,38400,25200,79200,660,-122.624985,47.5646364,2362.0,NA,NA,ondemand
food_29,1,29,5,-7,0,3,2363.0,39216,25200,79200,180,-122.63168816992244,47.571059809936756,2363.0,NA,NA,ondemand
food_30,0,30,5,7,7,3,2358.0,69180,25200,79200,900,-122.626949,47.5805311,2358.0,NA,NA,ondemand
food_30,1,30,5,-7,0,3,2364.0,70557,25200,79200,480,-122.65069656962287,47.58395139445893,2364.0,NA,NA,ondemand
food_31,0,31,5,8,8,3,2427.0,63780,25200,79200,480,-122.6955462,47.6497337,2427.0,NA,NA,ondemand
food_31,1,31,5,-8,0,3,2364.0,65110,25200,79200,120,-122.65363448467036,47.5864284339989,2364.0,NA,NA,ondemand
food_32,0,32,5,3,3,3,2362.0,60900,25200,79200,960,-122.6257043,47.5636389,2362.0,NA,NA,ondemand
food_32,1,32,5,-3,0,3,2365.0,62257,25200,79200,480,-122.65692326089443,47.576681690604744,2365.0,NA,NA,ondemand
food_33,0,33,5,3,3,3,2449.0,65520,25200,79200,1020,-122.6493302,47.6325267,2449.0,NA,NA,ondemand
food_33,1,33,5,-3,0,3,2367.0,67404,25200,79200,480,-122.64765833776707,47.583755873330446,2367.0,NA,NA,ondemand
food_34,0,34,5,6,6,3,2451.0,43980,25200,79200,1020,-122.629386,47.625438,2451.0,NA,NA,ondemand
food_34,1,34,5,-6,0,3,2369.0,45858,25200,79200,120,-122.66200300678973,47.58287161127581,2369.0,NA,NA,ondemand
food_35,0,35,5,3,3,3,2374.0,63240,25200,79200,720,-122.6845576,47.5671051,2374.0,NA,NA,ondemand
food_35,1,35,5,-3,0,3,2370.0,64146,25200,79200,540,-122.67616701330682,47.57208030304203,2370.0,NA,NA,ondemand
food_36,0,36,5,6,6,3,2396.0,68700,25200,79200,600,-122.655155,47.7493523,2396.0,NA,NA,ondemand
food_36,1,36,5,-6,0,3,2370.0,70561,25200,79200,240,-122.68040592636791,47.57209252735724,2370.0,NA,NA,ondemand
food_37,0,37,5,5,5,3,2443.0,66540,25200,79200,780,-122.7223209,47.6348042,2443.0,NA,NA,ondemand
food_37,1,37,5,-5,0,3,2370.0,68473,25200,79200,240,-122.67542354620267,47.57103101285093,2370.0,NA,NA,ondemand
food_38,0,38,5,6,6,3,2406.0,54960,25200,79200,660,-122.646488,47.735768,2406.0,NA,NA,ondemand
food_38,1,38,5,-6,0,3,2372.0,57199,25200,79200,240,-122.68774299234154,47.58399405562391,2372.0,NA,NA,ondemand
food_39,0,39,5,9,9,3,2359.0,40860,25200,79200,780,-122.6155233,47.5700955,2359.0,NA,NA,ondemand
food_39,1,39,5,-9,0,3,2373.0,42242,25200,79200,240,-122.68821641866253,47.59241173483317,2373.0,NA,NA,ondemand
food_40,0,40,5,5,5,3,2355.0,52740,25200,79200,300,-122.613855,47.58972,2355.0,NA,NA,ondemand
food_40,1,40,5,-5,0,3,2373.0,53555,25200,79200,240,-122.68831094596749,47.594009971797334,2373.0,NA,NA,ondemand
food_41,0,41,5,8,8,3,2366.0,73920,25200,79200,540,-122.6547233,47.571796,2366.0,NA,NA,ondemand
food_41,1,41,5,-8,0,3,2373.0,74801,25200,79200,300,-122.68914407977563,47.595661136567934,2373.0,NA,NA,ondemand
food_42,0,42,5,8,8,3,2428.0,64740,25200,79200,540,-122.7077865,47.6511777,2428.0,NA,NA,ondemand
food_42,1,42,5,-8,0,3,2375.0,65280,25200,79200,420,-122.70712804344491,47.57552348366179,2375.0,NA,NA,ondemand
food_43,0,43,5,7,7,3,2428.0,36900,25200,79200,420,-122.7077865,47.6511777,2428.0,NA,NA,ondemand
food_43,1,43,5,-7,0,3,2375.0,37320,25200,79200,180,-122.69017875853505,47.57102190511554,2375.0,NA,NA,ondemand
food_44,0,44,5,7,7,3,2385.0,55200,25200,79200,720,-122.6454423,47.5590819,2385.0,NA,NA,ondemand
food_44,1,44,5,-7,0,3,2375.0,56351,25200,79200,540,-122.7078400118832,47.5784427182414,2375.0,NA,NA,ondemand
food_45,0,45,5,4,4,3,2378.0,43200,25200,79200,480,-122.6681746,47.5589243,2378.0,NA,NA,ondemand
food_45,1,45,5,-4,0,3,2376.0,43985,25200,79200,240,-122.70794056878836,47.59501842416318,2376.0,NA,NA,ondemand
food_46,0,46,5,5,5,3,2382.0,48360,25200,79200,600,-122.6535759,47.5642751,2382.0,NA,NA,ondemand
food_46,1,46,5,-5,0,3,2377.0,49444,25200,79200,360,-122.72055297795868,47.581319087957525,2377.0,NA,NA,ondemand
food_47,0,47,5,2,2,3,2476.0,37320,25200,79200,420,-122.582744,47.53368,2476.0,NA,NA,ondemand
food_47,1,47,5,-2,0,3,2379.0,38810,25200,79200,420,-122.66779403435693,47.54397223674839,2379.0,NA,NA,ondemand
food_48,0,48,5,8,8,3,2355.0,68340,25200,79200,660,-122.6293237,47.5891844,2355.0,NA,NA,ondemand
food_48,1,48,5,-8,0,3,2380.0,69714,25200,79200,120,-122.65589029740461,47.550196336350204,2380.0,NA,NA,ondemand
food_49,0,49,5,4,4,3,2385.0,53100,25200,79200,900,-122.6454423,47.5590819,2385.0,NA,NA,ondemand
food_49,1,49,5,-4,0,3,2381.0,54145,25200,79200,540,-122.65343059022497,47.56924505403468,2381.0,NA,NA,ondemand
food_50,0,50,5,7,7,3,2385.0,65100,25200,79200,1020,-122.6454423,47.5590819,2385.0,NA,NA,ondemand
food_50,1,50,5,-7,0,3,2381.0,66265,25200,79200,180,-122.66410194795485,47.57016730425373,2381.0,NA,NA,ondemand
food_51,0,51,5,4,4,3,2359.0,59520,25200,79200,1020,-122.6136015,47.5704595,2359.0,NA,NA,ondemand
food_51,1,51,5,-4,0,3,2384.0,61022,25200,79200,300,-122.6450352782521,47.567148665108455,2384.0,NA,NA,ondemand
food_52,0,52,5,3,3,3,2408.0,70200,25200,79200,660,-122.6363666,47.7343521,2408.0,NA,NA,ondemand
food_52,1,52,5,-3,0,3,2386.0,71885,25200,79200,360,-122.60318521184975,47.93445691582896,2386.0,NA,NA,ondemand
food_53,0,53,5,4,4,3,2466.0,57000,25200,79200,480,-122.697287,47.529621,2466.0,NA,NA,ondemand
food_53,1,53,5,-4,0,3,2386.0,59037,25200,79200,540,-122.58320985622984,47.898870627343264,2386.0,NA,NA,ondemand
food_54,0,54,5,1,1,3,2466.0,44640,25200,79200,900,-122.7000277,47.5279158,2466.0,NA,NA,ondemand
food_54,1,54,5,-1,0,3,2386.0,47097,25200,79200,540,-122.54421890463173,47.877977787234784,2386.0,NA,NA,ondemand
food_55,0,55,5,7,7,3,2408.0,73860,25200,79200,780,-122.6359185,47.7343955,2408.0,NA,NA,ondemand
food_55,1,55,5,-7,0,3,2386.0,75665,25200,79200,360,-122.5517734362926,47.875032717524135,2386.0,NA,NA,ondemand
food_56,0,56,5,9,9,3,2408.0,66960,25200,79200,1140,-122.6359185,47.7343955,2408.0,NA,NA,ondemand
food_56,1,56,5,-9,0,3,2386.0,69125,25200,79200,480,-122.57145556087158,47.88080406682321,2386.0,NA,NA,ondemand
food_57,0,57,5,8,8,3,2402.0,57600,25200,79200,840,-122.6632463,47.7039455,2402.0,NA,NA,ondemand
food_57,1,57,5,-8,0,3,2387.0,59886,25200,79200,360,-122.5702162037666,47.84994760738818,2387.0,NA,NA,ondemand
food_58,0,58,5,6,6,3,2406.0,67500,25200,79200,480,-122.6394073,47.7393484,2406.0,NA,NA,ondemand
food_58,1,58,5,-6,0,3,2388.0,69571,25200,79200,180,-122.57676408676276,47.80601362008027,2388.0,NA,NA,ondemand
food_59,0,59,5,0,0,3,2466.0,43200,25200,79200,420,-122.69845,47.529532,2466.0,NA,NA,ondemand
food_59,1,59,5,0,0,3,2388.0,44655,25200,79200,180,-122.54450038273754,47.81580895900205,2388.0,NA,NA,ondemand
food_60,0,60,5,1,1,3,2466.0,65040,25200,79200,780,-122.694448,47.525311,2466.0,NA,NA,ondemand
food_60,1,60,5,-1,0,3,2388.0,66855,25200,79200,420,-122.5648560088669,47.79410081007217,2388.0,NA,NA,ondemand
food_61,0,61,5,2,2,3,1440.0,67800,25200,79200,840,-122.3467415,47.7526816,1440.0,NA,NA,ondemand
food_61,1,61,5,-2,0,3,2389.0,69915,25200,79200,180,-122.54147269532078,47.802700142357985,2389.0,NA,NA,ondemand
food_62,0,62,5,3,3,3,1438.0,41160,25200,79200,360,-122.3449169,47.7507134,1438.0,NA,NA,ondemand
food_62,1,62,5,-3,0,3,2389.0,42847,25200,79200,300,-122.49219120144377,47.81666193836266,2389.0,NA,NA,ondemand
food_63,0,63,5,1,1,3,1097.0,43800,25200,79200,360,-122.363084,47.668529,1097.0,NA,NA,ondemand
food_63,1,63,5,-1,0,3,2390.0,45780,25200,79200,480,-122.50277422391686,47.790610038456606,2390.0,NA,NA,ondemand
food_64,0,64,5,5,5,3,1097.0,67140,25200,79200,780,-122.363084,47.668529,1097.0,NA,NA,ondemand
food_64,1,64,5,-5,0,3,2390.0,69540,25200,79200,540,-122.52187233899437,47.78071563827628,2390.0,NA,NA,ondemand
food_65,0,65,5,7,7,3,1127.0,63840,25200,79200,420,-122.344264,47.654024,1127.0,NA,NA,ondemand
food_65,1,65,5,-7,0,3,2390.0,66042,25200,79200,540,-122.54031278315706,47.788817818569726,2390.0,NA,NA,ondemand
food_66,0,66,5,5,5,3,1104.0,53400,25200,79200,1020,-122.350373,47.659242,1104.0,NA,NA,ondemand
food_66,1,66,5,-5,0,3,2390.0,56135,25200,79200,120,-122.51598851735336,47.76841652610558,2390.0,NA,NA,ondemand
food_67,0,67,5,4,4,3,2407.0,54960,25200,79200,1080,-122.6386189,47.746703,2407.0,NA,NA,ondemand
food_67,1,67,5,-4,0,3,2391.0,57396,25200,79200,420,-122.53581060536341,47.833821966781535,2391.0,NA,NA,ondemand
food_68,0,68,5,3,3,3,2456.0,57000,25200,79200,360,-122.625894,47.61321,2456.0,NA,NA,ondemand
food_68,1,68,5,-3,0,3,2392.0,58997,25200,79200,120,-122.65619335768815,47.78959281917789,2392.0,NA,NA,ondemand
food_69,0,69,5,8,8,3,2405.0,58380,25200,79200,480,-122.6484025,47.7354196,2405.0,NA,NA,ondemand
food_69,1,69,5,-8,0,3,2394.0,59191,25200,79200,300,-122.69098442178519,47.77144126722219,2394.0,NA,NA,ondemand
food_70,0,70,5,6,6,3,2429.0,73620,25200,79200,300,-122.660443,47.702131,2429.0,NA,NA,ondemand
food_70,1,70,5,-6,0,3,2395.0,75365,25200,79200,300,-122.5894068701326,47.849626263645646,2395.0,NA,NA,ondemand
food_71,0,71,5,2,2,3,2406.0,41880,25200,79200,1020,-122.6454346,47.7337218,2406.0,NA,NA,ondemand
food_71,1,71,5,-2,0,3,2396.0,43402,25200,79200,480,-122.64631881967513,47.76603421042855,2396.0,NA,NA,ondemand
food_72,0,72,5,8,8,3,2429.0,37560,25200,79200,480,-122.660443,47.702131,2429.0,NA,NA,ondemand
food_72,1,72,5,-8,0,3,2396.0,39352,25200,79200,360,-122.63346922344878,47.787123431044044,2396.0,NA,NA,ondemand
food_73,0,73,5,3,3,3,2406.0,68220,25200,79200,480,-122.6394073,47.7393484,2406.0,NA,NA,ondemand
food_73,1,73,5,-3,0,3,2396.0,69202,25200,79200,300,-122.65013191312786,47.77026047073709,2396.0,NA,NA,ondemand
food_74,0,74,5,6,6,3,2427.0,69780,25200,79200,1080,-122.6989461,47.6447605,2427.0,NA,NA,ondemand
food_74,1,74,5,-6,0,3,2397.0,71910,25200,79200,420,-122.6083639171211,47.753550886635324,2397.0,NA,NA,ondemand
food_75,0,75,5,9,9,3,2402.0,58980,25200,79200,780,-122.6632463,47.7039455,2402.0,NA,NA,ondemand
food_75,1,75,5,-9,0,3,2398.0,59836,25200,79200,420,-122.69370417116747,47.70089010105207,2398.0,NA,NA,ondemand
food_76,0,76,5,4,4,3,2416.0,58140,25200,79200,780,-122.5206438,47.6244387,2416.0,NA,NA,ondemand
food_76,1,76,5,-4,0,3,2399.0,60448,25200,79200,420,-122.72210347978655,47.6891152369419,2399.0,NA,NA,ondemand
food_77,0,77,5,2,2,3,2416.0,66720,25200,79200,1140,-122.5216548,47.6280333,2416.0,NA,NA,ondemand
food_77,1,77,5,-2,0,3,2400.0,69486,25200,79200,540,-122.73138509599778,47.70294045304551,2400.0,NA,NA,ondemand
food_78,0,78,5,1,1,3,2376.0,51000,25200,79200,600,-122.7034607,47.5797305,2376.0,NA,NA,ondemand
food_78,1,78,5,-1,0,3,2402.0,52719,25200,79200,540,-122.67737603432009,47.75211874654589,2402.0,NA,NA,ondemand
food_79,0,79,5,5,5,3,2396.0,56700,25200,79200,540,-122.655308,47.747954,2396.0,NA,NA,ondemand
food_79,1,79,5,-5,0,3,2403.0,57893,25200,79200,480,-122.70285862090942,47.67345463817423,2403.0,NA,NA,ondemand
food_80,0,80,5,4,4,3,2512.0,73620,25200,79200,480,-122.5519695,47.7301236,2512.0,NA,NA,ondemand
food_80,1,80,5,-4,0,3,2405.0,74929,25200,79200,240,-122.64945481356642,47.75113287376484,2405.0,NA,NA,ondemand
food_81,0,81,5,8,8,3,2456.0,74520,25200,79200,420,-122.6282489,47.6076086,2456.0,NA,NA,ondemand
food_81,1,81,5,-8,0,3,2405.0,76332,25200,79200,540,-122.64338524791268,47.74944199290816,2405.0,NA,NA,ondemand
food_82,0,82,5,6,6,3,2512.0,43800,25200,79200,780,-122.5519695,47.7301236,2512.0,NA,NA,ondemand
food_82,1,82,5,-6,0,3,2405.0,45409,25200,79200,480,-122.65063418438547,47.74792136691619,2405.0,NA,NA,ondemand
food_83,0,83,5,4,4,3,2395.0,68940,25200,79200,420,-122.5842584,47.8554355,2395.0,NA,NA,ondemand
food_83,1,83,5,-4,0,3,2406.0,70372,25200,79200,180,-122.63282387518305,47.71686651104086,2406.0,NA,NA,ondemand
food_84,0,84,5,3,3,3,2370.0,68160,25200,79200,360,-122.667125,47.569037,2370.0,NA,NA,ondemand
food_84,1,84,5,-3,0,3,2406.0,70222,25200,79200,240,-122.64523467638509,47.72150993890855,2406.0,NA,NA,ondemand
food_85,0,85,5,8,8,3,2448.0,54000,25200,79200,1080,-122.6465749,47.6496053,2448.0,NA,NA,ondemand
food_85,1,85,5,-8,0,3,2407.0,56234,25200,79200,480,-122.62956993045157,47.7427123714849,2407.0,NA,NA,ondemand
food_86,0,86,5,3,3,3,2512.0,61320,25200,79200,840,-122.5527034,47.7306069,2512.0,NA,NA,ondemand
food_86,1,86,5,-3,0,3,2408.0,62974,25200,79200,180,-122.63193966164921,47.73410725253069,2408.0,NA,NA,ondemand
food_87,0,87,5,4,4,3,1138.0,67560,25200,79200,1020,-122.4003534,47.6542874,1138.0,NA,NA,ondemand
food_87,1,87,5,-4,0,3,2409.0,70348,25200,79200,360,-122.61932319594244,47.732046737529956,2409.0,NA,NA,ondemand
food_88,0,88,5,1,1,3,2362.0,72180,25200,79200,840,-122.626589,47.56905,2362.0,NA,NA,ondemand
food_88,1,88,5,-1,0,3,2411.0,73108,25200,79200,240,-122.54404212560303,47.70052424272732,2411.0,NA,NA,ondemand
food_89,0,89,5,9,9,3,1079.0,70140,25200,79200,300,-122.296642,47.665563,1079.0,NA,NA,ondemand
food_89,1,89,5,-9,0,3,2411.0,72232,25200,79200,240,-122.523960082186,47.70309011288936,2411.0,NA,NA,ondemand
food_90,0,90,5,0,0,3,993.0,70260,25200,79200,660,-122.3740468,47.6948088,993.0,NA,NA,ondemand
food_90,1,90,5,0,0,3,2412.0,71996,25200,79200,480,-122.5208687550428,47.6816064363966,2412.0,NA,NA,ondemand
food_91,0,91,5,7,7,3,1146.0,50460,25200,79200,720,-122.361902,47.651288,1146.0,NA,NA,ondemand
food_91,1,91,5,-7,0,3,2412.0,52302,25200,79200,300,-122.52776414699883,47.6792314292996,2412.0,NA,NA,ondemand
food_92,0,92,5,2,2,3,1127.0,37380,25200,79200,300,-122.342784,47.655524,1127.0,NA,NA,ondemand
food_92,1,92,5,-2,0,3,2412.0,38974,25200,79200,120,-122.51917106568044,47.70109920394023,2412.0,NA,NA,ondemand
food_93,0,93,5,2,2,3,1030.0,54000,25200,79200,780,-122.3635711,47.6848765,1030.0,NA,NA,ondemand
food_93,1,93,5,-2,0,3,2412.0,55887,25200,79200,420,-122.51435833152233,47.70190860388986,2412.0,NA,NA,ondemand
food_94,0,94,5,0,0,3,1121.0,37860,25200,79200,960,-122.3149314,47.6555355,1121.0,NA,NA,ondemand
food_94,1,94,5,0,0,3,2413.0,40448,25200,79200,180,-122.56122421029801,47.64410483092093,2413.0,NA,NA,ondemand
food_95,0,95,5,9,9,3,1121.0,71040,25200,79200,1140,-122.3149314,47.6555355,1121.0,NA,NA,ondemand
food_95,1,95,5,-9,0,3,2413.0,73808,25200,79200,180,-122.55248530022081,47.65846060547829,2413.0,NA,NA,ondemand
food_96,0,96,5,6,6,3,1104.0,62040,25200,79200,900,-122.3503083,47.6595429,1104.0,NA,NA,ondemand
food_96,1,96,5,-6,0,3,2415.0,64503,25200,79200,480,-122.5761543406838,47.65685154722114,2415.0,NA,NA,ondemand
food_97,0,97,5,6,6,3,2423.0,49380,25200,79200,420,-122.546778,47.604081,2423.0,NA,NA,ondemand
food_97,1,97,5,-6,0,3,2415.0,50406,25200,79200,480,-122.56342806550514,47.66648391645301,2415.0,NA,NA,ondemand
food_98,0,98,5,4,4,3,1104.0,54600,25200,79200,1080,-122.3503083,47.6595429,1104.0,NA,NA,ondemand
food_98,1,98,5,-4,0,3,2415.0,57243,25200,79200,360,-122.56360569128071,47.65710287842477,2415.0,NA,NA,ondemand
food_99,0,99,5,0,0,3,2423.0,71640,25200,79200,1020,-122.546778,47.604081,2423.0,NA,NA,ondemand
food_99,1,99,5,0,0,3,2415.0,73266,25200,79200,540,-122.59983449302932,47.65738641761272,2415.0,NA,NA,ondemand
food_100,0,100,5,1,1,3,2433.0,54600,25200,79200,420,-122.6774144,47.6551374,2433.0,NA,NA,ondemand
food_100,1,100,5,-1,0,3,2416.0,56140,25200,79200,420,-122.53061355986483,47.62692231173985,2416.0,NA,NA,ondemand
food_101,0,101,5,6,6,3,1125.0,71220,25200,79200,900,-122.3346019,47.6482148,1125.0,NA,NA,ondemand
food_101,1,101,5,-6,0,3,2416.0,73492,25200,79200,240,-122.53145002051191,47.623523466208745,2416.0,NA,NA,ondemand
food_102,0,102,5,2,2,3,2428.0,67740,25200,79200,900,-122.7077865,47.6511777,2428.0,NA,NA,ondemand
food_102,1,102,5,-2,0,3,2416.0,70002,25200,79200,240,-122.53447195361704,47.62501087735179,2416.0,NA,NA,ondemand
food_103,0,103,5,6,6,3,2416.0,72000,25200,79200,360,-122.5216548,47.6280333,2416.0,NA,NA,ondemand
food_103,1,103,5,-6,0,3,2416.0,72378,25200,79200,360,-122.52118648503338,47.62284844254676,2416.0,NA,NA,ondemand
food_104,0,104,5,2,2,3,939.0,67260,25200,79200,900,-122.312041,47.719969,939.0,NA,NA,ondemand
food_104,1,104,5,-2,0,3,2417.0,69870,25200,79200,360,-122.50540897423093,47.623453174584526,2417.0,NA,NA,ondemand
food_105,0,105,5,1,1,3,1158.0,65400,25200,79200,300,-122.326158,47.641862,1158.0,NA,NA,ondemand
food_105,1,105,5,-1,0,3,2417.0,65700,25200,79200,120,-122.4958766485805,47.62575461626121,2417.0,NA,NA,ondemand
food_106,0,106,5,6,6,3,1056.0,70200,25200,79200,1020,-122.354109,47.674212,1056.0,NA,NA,ondemand
food_106,1,106,5,-6,0,3,2417.0,72438,25200,79200,240,-122.51257318167647,47.62691754843834,2417.0,NA,NA,ondemand
food_107,0,107,5,7,7,3,1026.0,46200,25200,79200,660,-122.3550353,47.6800585,1026.0,NA,NA,ondemand
food_107,1,107,5,-7,0,3,2419.0,48064,25200,79200,180,-122.49894617515534,47.63584161360938,2419.0,NA,NA,ondemand
food_108,0,108,5,4,4,3,2384.0,48120,25200,79200,960,-122.646112,47.5663622,2384.0,NA,NA,ondemand
food_108,1,108,5,-4,0,3,2419.0,50592,25200,79200,360,-122.51875280991163,47.64391501414599,2419.0,NA,NA,ondemand
food_109,0,109,5,1,1,3,2423.0,49020,25200,79200,1080,-122.546778,47.604081,2423.0,NA,NA,ondemand
food_109,1,109,5,-1,0,3,2420.0,50541,25200,79200,540,-122.58280926283403,47.60496796712009,2420.0,NA,NA,ondemand
food_110,0,110,5,4,4,3,2423.0,56100,25200,79200,1020,-122.546778,47.604081,2423.0,NA,NA,ondemand
food_110,1,110,5,-4,0,3,2420.0,57561,25200,79200,540,-122.5645640674569,47.62655562853879,2420.0,NA,NA,ondemand
food_111,0,111,5,2,2,3,1294.0,66000,25200,79200,720,-122.377772,47.563933,1294.0,NA,NA,ondemand
food_111,1,111,5,-2,0,3,2420.0,68121,25200,79200,240,-122.5575717584199,47.61886187840316,2420.0,NA,NA,ondemand
food_112,0,112,5,5,5,3,2405.0,58380,25200,79200,1020,-122.6484025,47.7354196,2405.0,NA,NA,ondemand
food_112,1,112,5,-5,0,3,2421.0,60862,25200,79200,480,-122.5374518903858,47.6289535901699,2421.0,NA,NA,ondemand
food_113,0,113,5,7,7,3,1177.0,65100,25200,79200,780,-122.3443887,47.6369056,1177.0,NA,NA,ondemand
food_113,1,113,5,-7,0,3,2421.0,65880,25200,79200,240,-122.57032239330077,47.63601925231791,2421.0,NA,NA,ondemand
food_114,0,114,5,0,0,3,2378.0,60120,25200,79200,720,-122.6720852,47.5678713,2378.0,NA,NA,ondemand
food_114,1,114,5,0,0,3,2423.0,61987,25200,79200,420,-122.49780867155745,47.58253445155882,2423.0,NA,NA,ondemand
food_115,0,115,5,3,3,3,2370.0,59640,25200,79200,360,-122.6706005,47.5687587,2370.0,NA,NA,ondemand
food_115,1,115,5,-3,0,3,2423.0,61169,25200,79200,420,-122.51213508726418,47.57999170201822,2423.0,NA,NA,ondemand
food_116,0,116,5,6,6,3,2475.0,51480,25200,79200,720,-122.5962291,47.5336972,2475.0,NA,NA,ondemand
food_116,1,116,5,-6,0,3,2424.0,53856,25200,79200,120,-122.62294195996398,47.70425876080506,2424.0,NA,NA,ondemand
food_117,0,117,5,1,1,3,2405.0,56460,25200,79200,660,-122.6488619,47.735734,2405.0,NA,NA,ondemand
food_117,1,117,5,-1,0,3,2426.0,57120,25200,79200,180,-122.65782649494797,47.67241149724281,2426.0,NA,NA,ondemand
food_118,0,118,5,3,3,3,2375.0,65460,25200,79200,660,-122.7041193,47.579235,2375.0,NA,NA,ondemand
food_118,1,118,5,-3,0,3,2426.0,67703,25200,79200,420,-122.63299753663304,47.65078751610037,2426.0,NA,NA,ondemand
food_119,0,119,5,9,9,3,2405.0,40560,25200,79200,480,-122.6476267,47.7351216,2405.0,NA,NA,ondemand
food_119,1,119,5,-9,0,3,2426.0,41040,25200,79200,120,-122.6508022134947,47.657945240349825,2426.0,NA,NA,ondemand
food_120,0,120,5,5,5,3,2405.0,38520,25200,79200,720,-122.6504911,47.746651,2405.0,NA,NA,ondemand
food_120,1,120,5,-5,0,3,2426.0,39240,25200,79200,180,-122.65432795974624,47.67339011479509,2426.0,NA,NA,ondemand
food_121,0,121,5,1,1,3,2371.0,60900,25200,79200,900,-122.6612538,47.5720217,2371.0,NA,NA,ondemand
food_121,1,121,5,-1,0,3,2426.0,63151,25200,79200,420,-122.65441213058965,47.68201760357676,2426.0,NA,NA,ondemand
food_122,0,122,5,8,8,3,2360.0,51480,25200,79200,300,-122.6085559,47.5838849,2360.0,NA,NA,ondemand
food_122,1,122,5,-8,0,3,2427.0,52908,25200,79200,540,-122.68540682952134,47.66005874566699,2427.0,NA,NA,ondemand
food_123,0,123,5,0,0,3,2374.0,58920,25200,79200,420,-122.6809891,47.5633788,2374.0,NA,NA,ondemand
food_123,1,123,5,0,0,3,2427.0,59952,25200,79200,120,-122.69031105019461,47.6505004103564,2427.0,NA,NA,ondemand
food_124,0,124,5,2,2,3,2428.0,74340,25200,79200,1080,-122.7077865,47.6511777,2428.0,NA,NA,ondemand
food_124,1,124,5,-2,0,3,2427.0,75671,25200,79200,120,-122.7005654583053,47.64456582141898,2427.0,NA,NA,ondemand
food_125,0,125,5,3,3,3,2385.0,71520,25200,79200,720,-122.6454423,47.5590819,2385.0,NA,NA,ondemand
food_125,1,125,5,-3,0,3,2428.0,73270,25200,79200,540,-122.72201807009293,47.64127515273979,2428.0,NA,NA,ondemand
food_126,0,126,5,8,8,3,2355.0,46500,25200,79200,1140,-122.6143107,47.5886567,2355.0,NA,NA,ondemand
food_126,1,126,5,-8,0,3,2429.0,48727,25200,79200,540,-122.65548096476176,47.70564873792005,2429.0,NA,NA,ondemand
food_127,0,127,5,2,2,3,2443.0,62580,25200,79200,720,-122.7223209,47.6348042,2443.0,NA,NA,ondemand
food_127,1,127,5,-2,0,3,2430.0,63756,25200,79200,420,-122.67608734128223,47.66161016466414,2430.0,NA,NA,ondemand
food_128,0,128,5,7,7,3,2449.0,44760,25200,79200,960,-122.64908,47.6327233,2449.0,NA,NA,ondemand
food_128,1,128,5,-7,0,3,2430.0,46013,25200,79200,420,-122.6732798551063,47.66832592426396,2430.0,NA,NA,ondemand
food_129,0,129,5,8,8,3,2405.0,44880,25200,79200,420,-122.639401,47.740944,2405.0,NA,NA,ondemand
food_129,1,129,5,-8,0,3,2430.0,46562,25200,79200,480,-122.67760111306207,47.67353586995889,2430.0,NA,NA,ondemand
food_130,0,130,5,7,7,3,2443.0,36780,25200,79200,360,-122.7223209,47.6348042,2443.0,NA,NA,ondemand
food_130,1,130,5,-7,0,3,2430.0,37596,25200,79200,240,-122.67460321885835,47.678110336405,2430.0,NA,NA,ondemand
food_131,0,131,5,6,6,3,2443.0,65520,25200,79200,960,-122.7223209,47.6348042,2443.0,NA,NA,ondemand
food_131,1,131,5,-6,0,3,2430.0,66936,25200,79200,480,-122.67363293343531,47.66446964248428,2430.0,NA,NA,ondemand
food_132,0,132,5,3,3,3,2427.0,57420,25200,79200,660,-122.6934,47.6569731,2427.0,NA,NA,ondemand
food_132,1,132,5,-3,0,3,2431.0,58351,25200,79200,540,-122.66116094964038,47.66369255750046,2431.0,NA,NA,ondemand
food_133,0,133,5,2,2,3,2427.0,52200,25200,79200,660,-122.6885475,47.6617939,2427.0,NA,NA,ondemand
food_133,1,133,5,-2,0,3,2431.0,53131,25200,79200,420,-122.66737420394527,47.67465125316054,2431.0,NA,NA,ondemand
food_134,0,134,5,4,4,3,2355.0,63900,25200,79200,600,-122.6143107,47.5886567,2355.0,NA,NA,ondemand
food_134,1,134,5,-4,0,3,2432.0,65370,25200,79200,240,-122.67052527210656,47.670781194088306,2432.0,NA,NA,ondemand
food_135,0,135,5,2,2,3,2355.0,63960,25200,79200,420,-122.6143107,47.5886567,2355.0,NA,NA,ondemand
food_135,1,135,5,-2,0,3,2432.0,65250,25200,79200,300,-122.67356760934912,47.673303462073505,2432.0,NA,NA,ondemand
food_136,0,136,5,9,9,3,2376.0,47460,25200,79200,1080,-122.7034607,47.5797305,2376.0,NA,NA,ondemand
food_136,1,136,5,-9,0,3,2433.0,49209,25200,79200,240,-122.6742971021413,47.65090502079508,2433.0,NA,NA,ondemand
food_137,0,137,5,7,7,3,2355.0,51600,25200,79200,480,-122.6289859,47.5947905,2355.0,NA,NA,ondemand
food_137,1,137,5,-7,0,3,2433.0,52758,25200,79200,120,-122.68246750866098,47.657365405938535,2433.0,NA,NA,ondemand
food_138,0,138,5,8,8,3,2406.0,70260,25200,79200,780,-122.6454346,47.7337218,2406.0,NA,NA,ondemand
food_138,1,138,5,-8,0,3,2434.0,71969,25200,79200,360,-122.66677458727891,47.64851877019739,2434.0,NA,NA,ondemand
food_139,0,139,5,8,8,3,2378.0,38760,25200,79200,360,-122.6720852,47.5678713,2378.0,NA,NA,ondemand
food_139,1,139,5,-8,0,3,2434.0,40019,25200,79200,420,-122.67015971585533,47.63899297550327,2434.0,NA,NA,ondemand
food_140,0,140,5,9,9,3,2443.0,39840,25200,79200,600,-122.7223209,47.6348042,2443.0,NA,NA,ondemand
food_140,1,140,5,-9,0,3,2435.0,42096,25200,79200,480,-122.83781470670439,47.63789792597463,2435.0,NA,NA,ondemand
food_141,0,141,5,4,4,3,2355.0,43380,25200,79200,360,-122.6282823,47.5954494,2355.0,NA,NA,ondemand
food_141,1,141,5,-4,0,3,2435.0,45296,25200,79200,120,-122.79322787002057,47.64114309820795,2435.0,NA,NA,ondemand
food_142,0,142,5,1,1,3,2371.0,73200,25200,79200,360,-122.660257,47.571949,2371.0,NA,NA,ondemand
food_142,1,142,5,-1,0,3,2436.0,74905,25200,79200,300,-122.79706782251529,47.625579935916384,2436.0,NA,NA,ondemand
food_143,0,143,5,4,4,3,2371.0,69600,25200,79200,420,-122.660257,47.571949,2371.0,NA,NA,ondemand
food_143,1,143,5,-4,0,3,2436.0,71365,25200,79200,240,-122.83919981148897,47.59399270929971,2436.0,NA,NA,ondemand
food_144,0,144,5,7,7,3,2396.0,56880,25200,79200,300,-122.655395,47.748389,2396.0,NA,NA,ondemand
food_144,1,144,5,-7,0,3,2437.0,58318,25200,79200,300,-122.78318091426978,47.61256005148995,2437.0,NA,NA,ondemand
food_145,0,145,5,8,8,3,2443.0,37200,25200,79200,360,-122.7223209,47.6348042,2443.0,NA,NA,ondemand
food_145,1,145,5,-8,0,3,2438.0,38219,25200,79200,300,-122.74475975694457,47.70202375875758,2438.0,NA,NA,ondemand
food_146,0,146,5,9,9,3,2464.0,71280,25200,79200,480,-122.6658933,47.5337836,2464.0,NA,NA,ondemand
food_146,1,146,5,-9,0,3,2438.0,73357,25200,79200,360,-122.74327065751407,47.682672655542845,2438.0,NA,NA,ondemand
food_147,0,147,5,8,8,3,2383.0,70080,25200,79200,960,-122.644684,47.5675305,2383.0,NA,NA,ondemand
food_147,1,147,5,-8,0,3,2439.0,71877,25200,79200,240,-122.70783369677685,47.66573863670858,2439.0,NA,NA,ondemand
food_148,0,148,5,0,0,3,2373.0,60180,25200,79200,480,-122.692197,47.595701,2373.0,NA,NA,ondemand
food_148,1,148,5,0,0,3,2439.0,61469,25200,79200,240,-122.71987774122911,47.66878829535957,2439.0,NA,NA,ondemand
food_149,0,149,5,7,7,3,2373.0,52200,25200,79200,540,-122.692197,47.595701,2373.0,NA,NA,ondemand
food_149,1,149,5,-7,0,3,2441.0,53489,25200,79200,120,-122.76936213793672,47.65233523463274,2441.0,NA,NA,ondemand
food_150,0,150,5,7,7,3,2373.0,46200,25200,79200,1080,-122.692197,47.595701,2373.0,NA,NA,ondemand
food_150,1,150,5,-7,0,3,2441.0,48029,25200,79200,540,-122.75687830582093,47.65281186968607,2441.0,NA,NA,ondemand
food_151,0,151,5,4,4,3,2375.0,59580,25200,79200,1020,-122.7041193,47.579235,2375.0,NA,NA,ondemand
food_151,1,151,5,-4,0,3,2444.0,61029,25200,79200,420,-122.68866864649185,47.60475227919034,2444.0,NA,NA,ondemand
food_152,0,152,5,7,7,3,2375.0,59340,25200,79200,1080,-122.7046773,47.579569,2375.0,NA,NA,ondemand
food_152,1,152,5,-7,0,3,2444.0,60849,25200,79200,420,-122.69704014905543,47.60706237194255,2444.0,NA,NA,ondemand
food_153,0,153,5,9,9,3,2472.0,47220,25200,79200,900,-122.629272,47.523989,2472.0,NA,NA,ondemand
food_153,1,153,5,-9,0,3,2444.0,49659,25200,79200,420,-122.70083351960044,47.59735494548953,2444.0,NA,NA,ondemand
food_154,0,154,5,6,6,3,2373.0,47100,25200,79200,540,-122.692197,47.595701,2373.0,NA,NA,ondemand
food_154,1,154,5,-6,0,3,2445.0,48189,25200,79200,360,-122.66217475386162,47.63496422986034,2445.0,NA,NA,ondemand
food_155,0,155,5,5,5,3,2376.0,66000,25200,79200,780,-122.702406,47.579288,2376.0,NA,NA,ondemand
food_155,1,155,5,-5,0,3,2445.0,67071,25200,79200,540,-122.66361691787296,47.632398756457206,2445.0,NA,NA,ondemand
food_156,0,156,5,1,1,3,2468.0,64440,25200,79200,1020,-122.655963,47.538235,2468.0,NA,NA,ondemand
food_156,1,156,5,-1,0,3,2445.0,67050,25200,79200,420,-122.6510734598458,47.647734558781224,2445.0,NA,NA,ondemand
food_157,0,157,5,4,4,3,2376.0,62940,25200,79200,720,-122.7037091,47.5799057,2376.0,NA,NA,ondemand
food_157,1,157,5,-4,0,3,2447.0,64485,25200,79200,540,-122.65331858314343,47.6297698792071,2447.0,NA,NA,ondemand
food_158,0,158,5,2,2,3,2429.0,53220,25200,79200,780,-122.660443,47.702131,2429.0,NA,NA,ondemand
food_158,1,158,5,-2,0,3,2447.0,55009,25200,79200,300,-122.65554722459753,47.620054918605064,2447.0,NA,NA,ondemand
food_159,0,159,5,1,1,3,2424.0,62400,25200,79200,720,-122.6243691,47.7027675,2424.0,NA,NA,ondemand
food_159,1,159,5,-1,0,3,2449.0,63623,25200,79200,540,-122.64159256940962,47.63748636279343,2449.0,NA,NA,ondemand
food_160,0,160,5,8,8,3,1136.0,46680,25200,79200,660,-122.40046,47.653917,1136.0,NA,NA,ondemand
food_160,1,160,5,-8,0,3,2449.0,49080,25200,79200,120,-122.63822248909129,47.634247134372664,2449.0,NA,NA,ondemand
food_161,0,161,5,7,7,3,2468.0,38640,25200,79200,660,-122.639968,47.541919,2468.0,NA,NA,ondemand
food_161,1,161,5,-7,0,3,2449.0,40662,25200,79200,360,-122.64321157080681,47.63350147435327,2449.0,NA,NA,ondemand
food_162,0,162,5,3,3,3,2359.0,55440,25200,79200,720,-122.6173692,47.5702034,2359.0,NA,NA,ondemand
food_162,1,162,5,-3,0,3,2450.0,56804,25200,79200,120,-122.6429129883739,47.6250452451437,2450.0,NA,NA,ondemand
food_163,0,163,5,3,3,3,2385.0,48600,25200,79200,900,-122.6454423,47.5590819,2385.0,NA,NA,ondemand
food_163,1,163,5,-3,0,3,2450.0,50880,25200,79200,240,-122.64239735278555,47.62829861107622,2450.0,NA,NA,ondemand
food_164,0,164,5,8,8,3,2357.0,57780,25200,79200,300,-122.6140829,47.5852686,2357.0,NA,NA,ondemand
food_164,1,164,5,-8,0,3,2450.0,58476,25200,79200,180,-122.64191771413402,47.629012747795706,2450.0,NA,NA,ondemand
food_165,0,165,5,0,0,3,2385.0,71340,25200,79200,720,-122.6454423,47.5590819,2385.0,NA,NA,ondemand
food_165,1,165,5,0,0,3,2450.0,73440,25200,79200,120,-122.64182062904446,47.63021018271086,2450.0,NA,NA,ondemand
food_166,0,166,5,1,1,3,2385.0,69000,25200,79200,300,-122.6454423,47.5590819,2385.0,NA,NA,ondemand
food_166,1,166,5,-1,0,3,2450.0,70680,25200,79200,540,-122.63826425651551,47.63055565969883,2450.0,NA,NA,ondemand
food_167,0,167,5,6,6,3,2451.0,48000,25200,79200,900,-122.629386,47.625438,2451.0,NA,NA,ondemand
food_167,1,167,5,-6,0,3,2451.0,48997,25200,79200,480,-122.63081166740649,47.630945597075204,2451.0,NA,NA,ondemand
food_168,0,168,5,8,8,3,2384.0,74160,25200,79200,660,-122.6461262,47.5661038,2384.0,NA,NA,ondemand
food_168,1,168,5,-8,0,3,2451.0,75591,25200,79200,480,-122.6318079747464,47.625385594425865,2451.0,NA,NA,ondemand
food_169,0,169,5,0,0,3,2454.0,57840,25200,79200,900,-122.6281106,47.6282042,2454.0,NA,NA,ondemand
food_169,1,169,5,0,0,3,2453.0,58902,25200,79200,420,-122.60686282154127,47.635089570909805,2453.0,NA,NA,ondemand
food_170,0,170,5,3,3,3,2406.0,61140,25200,79200,840,-122.6465532,47.7365795,2406.0,NA,NA,ondemand
food_170,1,170,5,-3,0,3,2453.0,63354,25200,79200,540,-122.62794828324984,47.641323379607734,2453.0,NA,NA,ondemand
food_171,0,171,5,5,5,3,2454.0,49500,25200,79200,420,-122.6281106,47.6282042,2454.0,NA,NA,ondemand
food_171,1,171,5,-5,0,3,2453.0,50082,25200,79200,420,-122.61629024054996,47.634856849335954,2453.0,NA,NA,ondemand
food_172,0,172,5,9,9,3,2356.0,65400,25200,79200,840,-122.6288816,47.5986439,2356.0,NA,NA,ondemand
food_172,1,172,5,-9,0,3,2454.0,66827,25200,79200,180,-122.62036892732634,47.63094773028965,2454.0,NA,NA,ondemand
food_173,0,173,5,9,9,3,2396.0,61860,25200,79200,1080,-122.6529977,47.7580256,2396.0,NA,NA,ondemand
food_173,1,173,5,-9,0,3,2454.0,64385,25200,79200,240,-122.62776696638625,47.63041849686944,2454.0,NA,NA,ondemand
food_174,0,174,5,0,0,3,2358.0,36480,25200,79200,600,-122.6226302,47.5779845,2358.0,NA,NA,ondemand
food_174,1,174,5,0,0,3,2455.0,37659,25200,79200,240,-122.61214913467975,47.62163181522,2455.0,NA,NA,ondemand
food_175,0,175,5,5,5,3,2378.0,64500,25200,79200,660,-122.6720852,47.5678713,2378.0,NA,NA,ondemand
food_175,1,175,5,-5,0,3,2456.0,66572,25200,79200,540,-122.60012878968315,47.61031637798684,2456.0,NA,NA,ondemand
food_176,0,176,5,2,2,3,2360.0,57600,25200,79200,600,-122.6085559,47.5838849,2360.0,NA,NA,ondemand
food_176,1,176,5,-2,0,3,2457.0,58403,25200,79200,180,-122.60355967717952,47.598267691096744,2457.0,NA,NA,ondemand
food_177,0,177,5,7,7,3,1186.0,70500,25200,79200,900,-122.3562015,47.6248683,1186.0,NA,NA,ondemand
food_177,1,177,5,-7,0,3,2457.0,73185,25200,79200,240,-122.59777649163117,47.59398422380055,2457.0,NA,NA,ondemand
food_178,0,178,5,0,0,3,2381.0,70380,25200,79200,600,-122.6529703,47.5682883,2381.0,NA,NA,ondemand
food_178,1,178,5,0,0,3,2458.0,71415,25200,79200,120,-122.63409363246456,47.616315587793096,2458.0,NA,NA,ondemand
food_179,0,179,5,0,0,3,2467.0,65820,25200,79200,1140,-122.634501,47.541918,2467.0,NA,NA,ondemand
food_179,1,179,5,0,0,3,2458.0,67797,25200,79200,180,-122.63929730421323,47.616359469167826,2458.0,NA,NA,ondemand
food_180,0,180,5,3,3,3,2392.0,68400,25200,79200,600,-122.6604681,47.7558509,2392.0,NA,NA,ondemand
food_180,1,180,5,-3,0,3,2459.0,70525,25200,79200,180,-122.67855732442509,47.60033701962637,2459.0,NA,NA,ondemand
food_181,0,181,5,9,9,3,2392.0,51180,25200,79200,1080,-122.6599711,47.7590149,2392.0,NA,NA,ondemand
food_181,1,181,5,-9,0,3,2460.0,53470,25200,79200,180,-122.64064708050675,47.61820896044819,2460.0,NA,NA,ondemand
food_182,0,182,5,6,6,3,2371.0,58380,25200,79200,1020,-122.661697,47.572024,2371.0,NA,NA,ondemand
food_182,1,182,5,-6,0,3,2462.0,61074,25200,79200,120,-122.78527766403857,47.499475562409614,2462.0,NA,NA,ondemand
food_183,0,183,5,1,1,3,2465.0,63240,25200,79200,960,-122.7657698,47.4933054,2465.0,NA,NA,ondemand
food_183,1,183,5,-1,0,3,2464.0,65209,25200,79200,420,-122.65845857526796,47.53122786186188,2464.0,NA,NA,ondemand
food_184,0,184,5,9,9,3,2363.0,38340,25200,79200,900,-122.6298015,47.5708396,2363.0,NA,NA,ondemand
food_184,1,184,5,-9,0,3,2464.0,40306,25200,79200,300,-122.67981829149186,47.507596516249286,2464.0,NA,NA,ondemand
food_185,0,185,5,5,5,3,2357.0,66960,25200,79200,900,-122.6140829,47.5852686,2357.0,NA,NA,ondemand
food_185,1,185,5,-5,0,3,2464.0,69114,25200,79200,360,-122.6572501283136,47.48862893190056,2464.0,NA,NA,ondemand
food_186,0,186,5,5,5,3,2492.0,48840,25200,79200,1140,-122.643879,47.501463,2492.0,NA,NA,ondemand
food_186,1,186,5,-5,0,3,2465.0,50571,25200,79200,360,-122.72728145730132,47.495340135895916,2465.0,NA,NA,ondemand
food_187,0,187,5,9,9,3,2492.0,37620,25200,79200,420,-122.6324371,47.493796,2492.0,NA,NA,ondemand
food_187,1,187,5,-9,0,3,2465.0,38631,25200,79200,240,-122.682306573993,47.479333957636236,2465.0,NA,NA,ondemand
food_188,0,188,5,2,2,3,3013.0,75540,25200,79200,420,-122.3989409,47.05482,3013.0,NA,NA,ondemand
food_188,1,188,5,-2,0,3,2466.0,75960,25200,79200,480,-122.7463576964378,47.52060186441696,2466.0,NA,NA,ondemand
food_189,0,189,5,3,3,3,2404.0,48000,25200,79200,720,-122.65661,47.742659,2404.0,NA,NA,ondemand
food_189,1,189,5,-3,0,3,2466.0,50149,25200,79200,240,-122.69536089467682,47.51657488546206,2466.0,NA,NA,ondemand
food_190,0,190,5,8,8,3,2404.0,65100,25200,79200,480,-122.6573859,47.7430283,2404.0,NA,NA,ondemand
food_190,1,190,5,-8,0,3,2466.0,67009,25200,79200,180,-122.70455267650826,47.52448975329449,2466.0,NA,NA,ondemand
food_191,0,191,5,8,8,3,2464.0,68940,25200,79200,660,-122.667961,47.524742,2464.0,NA,NA,ondemand
food_191,1,191,5,-8,0,3,2467.0,70005,25200,79200,300,-122.63775419150089,47.5275015726595,2467.0,NA,NA,ondemand
food_192,0,192,5,7,7,3,2366.0,55140,25200,79200,960,-122.6574535,47.5718918,2366.0,NA,NA,ondemand
food_192,1,192,5,-7,0,3,2468.0,57204,25200,79200,180,-122.65768408225541,47.539991074034575,2468.0,NA,NA,ondemand
food_193,0,193,5,5,5,3,2465.0,67800,25200,79200,960,-122.7657698,47.4933054,2465.0,NA,NA,ondemand
food_193,1,193,5,-5,0,3,2468.0,69195,25200,79200,540,-122.63870895363318,47.53287561767059,2468.0,NA,NA,ondemand
food_194,0,194,5,6,6,3,2371.0,71940,25200,79200,660,-122.6632993,47.5717837,2371.0,NA,NA,ondemand
food_194,1,194,5,-6,0,3,2470.0,73320,25200,79200,420,-122.64496542162706,47.518049097350435,2470.0,NA,NA,ondemand
food_195,0,195,5,9,9,3,2475.0,42060,25200,79200,360,-122.5965249,47.5336748,2475.0,NA,NA,ondemand
food_195,1,195,5,-9,0,3,2470.0,42789,25200,79200,420,-122.65090449848753,47.51617277518345,2470.0,NA,NA,ondemand
food_196,0,196,5,7,7,3,2475.0,58380,25200,79200,1080,-122.5962291,47.5336972,2475.0,NA,NA,ondemand
food_196,1,196,5,-7,0,3,2470.0,59829,25200,79200,300,-122.64069606902386,47.516135678526254,2470.0,NA,NA,ondemand
food_197,0,197,5,4,4,3,2464.0,65880,25200,79200,1080,-122.654311,47.4986,2464.0,NA,NA,ondemand
food_197,1,197,5,-4,0,3,2471.0,67434,25200,79200,300,-122.61424762422013,47.52997081971711,2471.0,NA,NA,ondemand
food_198,0,198,5,2,2,3,2466.0,68940,25200,79200,300,-122.694448,47.525311,2466.0,NA,NA,ondemand
food_198,1,198,5,-2,0,3,2471.0,70926,25200,79200,120,-122.61476356451291,47.51713376057217,2471.0,NA,NA,ondemand
food_199,0,199,5,2,2,3,2362.0,44640,25200,79200,540,-122.6266234,47.5660182,2362.0,NA,NA,ondemand
food_199,1,199,5,-2,0,3,2471.0,46449,25200,79200,420,-122.61535515864969,47.52149367607826,2471.0,NA,NA,ondemand
food_200,0,200,5,3,3,3,2468.0,72000,25200,79200,1140,-122.64211,47.540019,2468.0,NA,NA,ondemand
food_200,1,200,5,-3,0,3,2472.0,73479,25200,79200,540,-122.63002740593308,47.515573526228785,2472.0,NA,NA,ondemand
food_201,0,201,5,6,6,3,2471.0,62460,25200,79200,840,-122.610083,47.533486,2471.0,NA,NA,ondemand
food_201,1,201,5,-6,0,3,2472.0,63490,25200,79200,180,-122.62991533895178,47.52030937231019,2472.0,NA,NA,ondemand
food_202,0,202,5,5,5,3,1110.0,51960,25200,79200,840,-122.3360192,47.6558175,1110.0,NA,NA,ondemand
food_202,1,202,5,-5,0,3,2473.0,52800,25200,79200,540,-122.62805121909977,47.507105997429036,2473.0,NA,NA,ondemand
food_203,0,203,5,6,6,3,2385.0,72420,25200,79200,840,-122.6454423,47.5590819,2385.0,NA,NA,ondemand
food_203,1,203,5,-6,0,3,2473.0,73747,25200,79200,360,-122.62912184500532,47.537081578298256,2473.0,NA,NA,ondemand
food_204,0,204,5,6,6,3,1110.0,66180,25200,79200,1140,-122.3360192,47.6558175,1110.0,NA,NA,ondemand
food_204,1,204,5,-6,0,3,2473.0,67320,25200,79200,540,-122.64362548628985,47.50894486093863,2473.0,NA,NA,ondemand
food_205,0,205,5,7,7,3,2456.0,55560,25200,79200,600,-122.6280702,47.616672,2456.0,NA,NA,ondemand
food_205,1,205,5,-7,0,3,2473.0,57622,25200,79200,420,-122.6150041908482,47.5096163233837,2473.0,NA,NA,ondemand
food_206,0,206,5,5,5,3,2790.0,47400,25200,79200,1020,-122.5170521,47.2715276,2790.0,NA,NA,ondemand
food_206,1,206,5,-5,0,3,2473.0,50180,25200,79200,480,-122.63974648012743,47.509484606645174,2473.0,NA,NA,ondemand
food_207,0,207,5,8,8,3,1283.0,42540,25200,79200,600,-122.4067974,47.580374,1283.0,NA,NA,ondemand
food_207,1,207,5,-8,0,3,2474.0,44643,25200,79200,360,-122.6027785792359,47.52692239356691,2474.0,NA,NA,ondemand
food_208,0,208,5,4,4,3,1110.0,64620,25200,79200,300,-122.3360192,47.6558175,1110.0,NA,NA,ondemand
food_208,1,208,5,-4,0,3,2474.0,64920,25200,79200,480,-122.60946371261073,47.53368874140262,2474.0,NA,NA,ondemand
food_209,0,209,5,2,2,3,1110.0,42720,25200,79200,480,-122.3360192,47.6558175,1110.0,NA,NA,ondemand
food_209,1,209,5,-2,0,3,2474.0,43200,25200,79200,180,-122.60635998271606,47.52204573482234,2474.0,NA,NA,ondemand
food_210,0,210,5,2,2,3,2383.0,60660,25200,79200,1140,-122.6453865,47.567894,2383.0,NA,NA,ondemand
food_210,1,210,5,-2,0,3,2474.0,63001,25200,79200,240,-122.60433457684985,47.52711893227431,2474.0,NA,NA,ondemand
food_211,0,211,5,9,9,3,2385.0,69780,25200,79200,660,-122.6454423,47.5590819,2385.0,NA,NA,ondemand
food_211,1,211,5,-9,0,3,2474.0,71713,25200,79200,420,-122.60821663464893,47.52352422164024,2474.0,NA,NA,ondemand
food_212,0,212,5,7,7,3,2474.0,67380,25200,79200,780,-122.6021969,47.5336949,2474.0,NA,NA,ondemand
food_212,1,212,5,-7,0,3,2475.0,68219,25200,79200,180,-122.59572329995684,47.52630917382067,2475.0,NA,NA,ondemand
food_213,0,213,5,6,6,3,2466.0,55200,25200,79200,480,-122.6993649,47.527566,2466.0,NA,NA,ondemand
food_213,1,213,5,-6,0,3,2475.0,56659,25200,79200,300,-122.59799614627212,47.531705020724374,2475.0,NA,NA,ondemand
food_214,0,214,5,3,3,3,2458.0,64980,25200,79200,480,-122.629459,47.608943,2458.0,NA,NA,ondemand
food_214,1,214,5,-3,0,3,2477.0,65466,25200,79200,540,-122.6095906843174,47.51342108207174,2477.0,NA,NA,ondemand
food_215,0,215,5,4,4,3,2458.0,44400,25200,79200,900,-122.6296443,47.6153322,2458.0,NA,NA,ondemand
food_215,1,215,5,-4,0,3,2477.0,45306,25200,79200,300,-122.59656075374885,47.506988999840196,2477.0,NA,NA,ondemand
food_216,0,216,5,5,5,3,2417.0,64920,25200,79200,1080,-122.5185082,47.6347568,2417.0,NA,NA,ondemand
food_216,1,216,5,-5,0,3,2478.0,66976,25200,79200,240,-122.59230384926562,47.568973291315466,2478.0,NA,NA,ondemand
food_217,0,217,5,1,1,3,2416.0,67560,25200,79200,420,-122.5212882,47.6268501,2416.0,NA,NA,ondemand
food_217,1,217,5,-1,0,3,2478.0,68864,25200,79200,120,-122.59781276225048,47.56114184456065,2478.0,NA,NA,ondemand
food_218,0,218,5,9,9,3,2444.0,70200,25200,79200,660,-122.7096339,47.5956366,2444.0,NA,NA,ondemand
food_218,1,218,5,-9,0,3,2478.0,72633,25200,79200,480,-122.60548205876401,47.55256370477047,2478.0,NA,NA,ondemand
food_219,0,219,5,9,9,3,1241.0,66900,25200,79200,900,-122.325211,47.614804,1241.0,NA,NA,ondemand
food_219,1,219,5,-9,0,3,2483.0,69554,25200,79200,180,-122.56889507873332,47.56930927073858,2483.0,NA,NA,ondemand
food_220,0,220,5,4,4,3,2374.0,66180,25200,79200,1020,-122.6845576,47.5671051,2374.0,NA,NA,ondemand
food_220,1,220,5,-4,0,3,2483.0,68499,25200,79200,420,-122.56065016785112,47.55507576515392,2483.0,NA,NA,ondemand
food_221,0,221,5,5,5,3,1325.0,47400,25200,79200,960,-122.3131226,47.5532547,1325.0,NA,NA,ondemand
food_221,1,221,5,-5,0,3,2485.0,50143,25200,79200,360,-122.55755960615247,47.55075922976604,2485.0,NA,NA,ondemand
food_222,0,222,5,0,0,3,1366.0,50400,25200,79200,1080,-122.3152237,47.5269982,1366.0,NA,NA,ondemand
food_222,1,222,5,0,0,3,2486.0,53125,25200,79200,120,-122.54474209965682,47.5519370158126,2486.0,NA,NA,ondemand
food_223,0,223,5,3,3,3,2480.0,37140,25200,79200,780,-122.6269461,47.5351063,2480.0,NA,NA,ondemand
food_223,1,223,5,-3,0,3,2487.0,38385,25200,79200,480,-122.55002785627786,47.51924227834881,2487.0,NA,NA,ondemand
food_224,0,224,5,3,3,3,2838.0,38820,25200,79200,1020,-122.441673,47.23861,2838.0,NA,NA,ondemand
food_224,1,224,5,-3,0,3,2487.0,39840,25200,79200,420,-122.56847781485716,47.51877614649811,2487.0,NA,NA,ondemand
food_225,0,225,5,5,5,3,1779.0,52980,25200,79200,420,-122.314552,47.5166805,1779.0,NA,NA,ondemand
food_225,1,225,5,-5,0,3,2487.0,55155,25200,79200,180,-122.56941139623346,47.53388621049236,2487.0,NA,NA,ondemand
food_226,0,226,5,7,7,3,2480.0,71400,25200,79200,1140,-122.6183207,47.5346437,2480.0,NA,NA,ondemand
food_226,1,226,5,-7,0,3,2488.0,74184,25200,79200,300,-122.5469399058594,47.472754618640224,2488.0,NA,NA,ondemand
food_227,0,227,5,2,2,3,2465.0,58380,25200,79200,1140,-122.7657698,47.4933054,2465.0,NA,NA,ondemand
food_227,1,227,5,-2,0,3,2488.0,60538,25200,79200,300,-122.57249256183039,47.485841983329685,2488.0,NA,NA,ondemand
food_228,0,228,5,8,8,3,2381.0,53940,25200,79200,420,-122.6529845,47.5678429,2381.0,NA,NA,ondemand
food_228,1,228,5,-8,0,3,2488.0,55514,25200,79200,420,-122.54900872743484,47.49238843731801,2488.0,NA,NA,ondemand
food_229,0,229,5,1,1,3,2363.0,64980,25200,79200,300,-122.6306747,47.5671131,2363.0,NA,NA,ondemand
food_229,1,229,5,-1,0,3,2488.0,66846,25200,79200,240,-122.58015129499472,47.48905815966637,2488.0,NA,NA,ondemand
food_230,0,230,5,8,8,3,2471.0,62880,25200,79200,1140,-122.6104473,47.5334958,2471.0,NA,NA,ondemand
food_230,1,230,5,-8,0,3,2489.0,64643,25200,79200,360,-122.58101020302249,47.48131312794074,2489.0,NA,NA,ondemand
food_231,0,231,5,0,0,3,2471.0,74400,25200,79200,540,-122.6104473,47.5334958,2471.0,NA,NA,ondemand
food_231,1,231,5,0,0,3,2489.0,75563,25200,79200,240,-122.58455191983894,47.4785874178239,2489.0,NA,NA,ondemand
food_232,0,232,5,8,8,3,2492.0,59640,25200,79200,960,-122.643879,47.501463,2492.0,NA,NA,ondemand
food_232,1,232,5,-8,0,3,2489.0,60906,25200,79200,420,-122.58179165222647,47.50099622005355,2489.0,NA,NA,ondemand
food_233,0,233,5,8,8,3,1831.0,39600,25200,79200,960,-122.345383,47.468344,1831.0,NA,NA,ondemand
food_233,1,233,5,-8,0,3,2490.0,42088,25200,79200,300,-122.49537581528632,47.54422325449794,2490.0,NA,NA,ondemand
food_234,0,234,5,3,3,3,1793.0,59400,25200,79200,1020,-122.354683,47.500689,1793.0,NA,NA,ondemand
food_234,1,234,5,-3,0,3,2491.0,61737,25200,79200,120,-122.54495780983093,47.4899234793455,2491.0,NA,NA,ondemand
food_235,0,235,5,1,1,3,2474.0,53400,25200,79200,300,-122.607538,47.533607,2474.0,NA,NA,ondemand
food_235,1,235,5,-1,0,3,2491.0,54464,25200,79200,120,-122.5447822694744,47.468811373879056,2491.0,NA,NA,ondemand
food_236,0,236,5,5,5,3,1793.0,67500,25200,79200,420,-122.3546867,47.5025622,1793.0,NA,NA,ondemand
food_236,1,236,5,-5,0,3,2491.0,69237,25200,79200,180,-122.50484366692525,47.503555643961526,2491.0,NA,NA,ondemand
food_237,0,237,5,4,4,3,2356.0,48840,25200,79200,720,-122.6288801,47.5982413,2356.0,NA,NA,ondemand
food_237,1,237,5,-4,0,3,2493.0,50688,25200,79200,120,-122.60978476236292,47.49437259942569,2493.0,NA,NA,ondemand
food_238,0,238,5,7,7,3,2380.0,41580,25200,79200,960,-122.6605199,47.5533733,2380.0,NA,NA,ondemand
food_238,1,238,5,-7,0,3,2493.0,43290,25200,79200,540,-122.60633566119537,47.48759309335296,2493.0,NA,NA,ondemand
food_239,0,239,5,8,8,3,2480.0,60600,25200,79200,480,-122.624862,47.5430242,2480.0,NA,NA,ondemand
food_239,1,239,5,-8,0,3,2494.0,61619,25200,79200,540,-122.62472417682537,47.481214766890425,2494.0,NA,NA,ondemand
food_240,0,240,5,3,3,3,2480.0,39420,25200,79200,660,-122.6178372,47.5346421,2480.0,NA,NA,ondemand
food_240,1,240,5,-3,0,3,2494.0,40619,25200,79200,420,-122.60517825835194,47.4695604174085,2494.0,NA,NA,ondemand
food_241,0,241,5,1,1,3,2466.0,66600,25200,79200,720,-122.6980864,47.5294422,2466.0,NA,NA,ondemand
food_241,1,241,5,-1,0,3,2495.0,68058,25200,79200,420,-122.60984546619119,47.44126775583922,2495.0,NA,NA,ondemand
food_242,0,242,5,9,9,3,1832.0,60180,25200,79200,540,-122.3374887,47.4656721,1832.0,NA,NA,ondemand
food_242,1,242,5,-9,0,3,2496.0,62501,25200,79200,420,-122.58418723339703,47.45387889380937,2496.0,NA,NA,ondemand
food_243,0,243,5,2,2,3,3156.0,66600,25200,79200,600,-122.5768102,47.3009555,3156.0,NA,NA,ondemand
food_243,1,243,5,-2,0,3,2496.0,68934,25200,79200,120,-122.58762229218064,47.463774922893585,2496.0,NA,NA,ondemand
food_244,0,244,5,4,4,3,1375.0,48780,25200,79200,360,-122.3679909,47.5222197,1375.0,NA,NA,ondemand
food_244,1,244,5,-4,0,3,2497.0,50718,25200,79200,540,-122.57095831128856,47.46023794781978,2497.0,NA,NA,ondemand
food_245,0,245,5,7,7,3,2384.0,37080,25200,79200,960,-122.646527,47.56522,2384.0,NA,NA,ondemand
food_245,1,245,5,-7,0,3,2498.0,39607,25200,79200,420,-122.59098800377433,47.42090511030726,2498.0,NA,NA,ondemand
food_246,0,246,5,0,0,3,2359.0,43200,25200,79200,600,-122.6173692,47.5702034,2359.0,NA,NA,ondemand
food_246,1,246,5,0,0,3,2498.0,45398,25200,79200,540,-122.60751161018207,47.40591638485034,2498.0,NA,NA,ondemand
food_247,0,247,5,8,8,3,2380.0,56220,25200,79200,960,-122.6605199,47.5533733,2380.0,NA,NA,ondemand
food_247,1,247,5,-8,0,3,2498.0,58695,25200,79200,180,-122.58734912726047,47.42008844927593,2498.0,NA,NA,ondemand
food_248,0,248,5,2,2,3,2359.0,66120,25200,79200,1140,-122.6136015,47.5704595,2359.0,NA,NA,ondemand
food_248,1,248,5,-2,0,3,2498.0,68858,25200,79200,300,-122.62001352231394,47.423246975164524,2498.0,NA,NA,ondemand
food_249,0,249,5,7,7,3,2471.0,67800,25200,79200,480,-122.610083,47.533486,2471.0,NA,NA,ondemand
food_249,1,249,5,-7,0,3,2498.0,69369,25200,79200,120,-122.59192339623804,47.41779386268824,2498.0,NA,NA,ondemand
food_250,0,250,5,3,3,3,2381.0,72480,25200,79200,840,-122.6540903,47.5694156,2381.0,NA,NA,ondemand
food_250,1,250,5,-3,0,3,2499.0,75072,25200,79200,300,-122.5844081088505,47.40749258591489,2499.0,NA,NA,ondemand
food_251,0,251,5,2,2,3,3168.0,60420,25200,79200,660,-122.6057354,47.3591765,3168.0,NA,NA,ondemand
food_251,1,251,5,-2,0,3,2500.0,62204,25200,79200,120,-122.66198212286194,47.44822748482429,2500.0,NA,NA,ondemand
food_252,0,252,5,5,5,3,3168.0,46860,25200,79200,600,-122.604664,47.360302,3168.0,NA,NA,ondemand
food_252,1,252,5,-5,0,3,2500.0,48584,25200,79200,420,-122.66202967608189,47.4854870528656,2500.0,NA,NA,ondemand
food_253,0,253,5,2,2,3,2371.0,64080,25200,79200,540,-122.6632993,47.5717837,2371.0,NA,NA,ondemand
food_253,1,253,5,-2,0,3,2500.0,65989,25200,79200,300,-122.67012904742651,47.474154542920274,2500.0,NA,NA,ondemand
food_254,0,254,5,6,6,3,2382.0,67200,25200,79200,720,-122.6536198,47.5653892,2382.0,NA,NA,ondemand
food_254,1,254,5,-6,0,3,2501.0,69315,25200,79200,420,-122.74219700161886,47.460147592409214,2501.0,NA,NA,ondemand
food_255,0,255,5,0,0,3,3162.0,62580,25200,79200,360,-122.6704942,47.3885807,3162.0,NA,NA,ondemand
food_255,1,255,5,0,0,3,2502.0,63075,25200,79200,180,-122.67100861063899,47.43120026024245,2502.0,NA,NA,ondemand
food_256,0,256,5,5,5,3,3162.0,41040,25200,79200,660,-122.6931964,47.3825747,3162.0,NA,NA,ondemand
food_256,1,256,5,-5,0,3,2502.0,41835,25200,79200,420,-122.66760089652944,47.42364564036796,2502.0,NA,NA,ondemand
food_257,0,257,5,1,1,3,2362.0,66480,25200,79200,780,-122.626589,47.56905,2362.0,NA,NA,ondemand
food_257,1,257,5,-1,0,3,2503.0,68730,25200,79200,300,-122.7493366010107,47.404216526365744,2503.0,NA,NA,ondemand
food_258,0,258,5,7,7,3,2468.0,60900,25200,79200,780,-122.655963,47.538235,2468.0,NA,NA,ondemand
food_258,1,258,5,-7,0,3,2503.0,63337,25200,79200,540,-122.6990684250229,47.41933867177949,2503.0,NA,NA,ondemand
food_259,0,259,5,2,2,3,2468.0,44700,25200,79200,480,-122.64211,47.540019,2468.0,NA,NA,ondemand
food_259,1,259,5,-2,0,3,2503.0,46837,25200,79200,180,-122.70907893011142,47.43595009722699,2503.0,NA,NA,ondemand
food_260,0,260,5,4,4,3,2358.0,60720,25200,79200,840,-122.6226302,47.5779845,2358.0,NA,NA,ondemand
food_260,1,260,5,-4,0,3,2505.0,63151,25200,79200,180,-122.65310349098108,47.433230903987706,2505.0,NA,NA,ondemand
food_261,0,261,5,3,3,3,2370.0,47340,25200,79200,780,-122.667125,47.569037,2370.0,NA,NA,ondemand
food_261,1,261,5,-3,0,3,2505.0,49617,25200,79200,120,-122.66113913703201,47.44067460539127,2505.0,NA,NA,ondemand
food_262,0,262,5,1,1,3,2887.0,43200,25200,79200,480,-122.442196,47.192103,2887.0,NA,NA,ondemand
food_262,1,262,5,-1,0,3,2506.0,43680,25200,79200,540,-122.62490629587927,47.45671893355049,2506.0,NA,NA,ondemand
food_263,0,263,5,6,6,3,1058.0,60060,25200,79200,840,-122.3176417,47.6798785,1058.0,NA,NA,ondemand
food_263,1,263,5,-6,0,3,2507.0,62666,25200,79200,240,-122.54141716579258,47.755560881260514,2507.0,NA,NA,ondemand
food_264,0,264,5,9,9,3,1058.0,55200,25200,79200,1080,-122.3176659,47.6806312,1058.0,NA,NA,ondemand
food_264,1,264,5,-9,0,3,2507.0,58046,25200,79200,180,-122.54577691958636,47.756861125902,2507.0,NA,NA,ondemand
food_265,0,265,5,4,4,3,1011.0,70440,25200,79200,900,-122.2901196,47.6891307,1011.0,NA,NA,ondemand
food_265,1,265,5,-4,0,3,2508.0,73036,25200,79200,480,-122.50882881183558,47.756956524820836,2508.0,NA,NA,ondemand
food_266,0,266,5,0,0,3,1150.0,69300,25200,79200,480,-122.3655905,47.6397521,1150.0,NA,NA,ondemand
food_266,1,266,5,0,0,3,2508.0,71312,25200,79200,240,-122.50954718898699,47.7629028933895,2508.0,NA,NA,ondemand
food_267,0,267,5,8,8,3,943.0,42960,25200,79200,900,-122.3552298,47.7330209,943.0,NA,NA,ondemand
food_267,1,267,5,-8,0,3,2510.0,45538,25200,79200,480,-122.5855963042115,47.70400352162538,2510.0,NA,NA,ondemand
food_268,0,268,5,4,4,3,2358.0,57000,25200,79200,960,-122.626949,47.5805311,2358.0,NA,NA,ondemand
food_268,1,268,5,-4,0,3,2510.0,59373,25200,79200,120,-122.5975887572248,47.69937960870932,2510.0,NA,NA,ondemand
food_269,0,269,5,9,9,3,1039.0,69120,25200,79200,420,-122.3979793,47.6904404,1039.0,NA,NA,ondemand
food_269,1,269,5,-9,0,3,2511.0,70920,25200,79200,360,-122.57744351369347,47.7562549477158,2511.0,NA,NA,ondemand
food_270,0,270,5,4,4,3,1039.0,39180,25200,79200,300,-122.3979793,47.6904404,1039.0,NA,NA,ondemand
food_270,1,270,5,-4,0,3,2511.0,40860,25200,79200,540,-122.57802168375709,47.733542710847296,2511.0,NA,NA,ondemand
food_271,0,271,5,1,1,3,1094.0,72420,25200,79200,1080,-122.370141,47.663196,1094.0,NA,NA,ondemand
food_271,1,271,5,-1,0,3,2512.0,75038,25200,79200,540,-122.56651079571981,47.73071421481445,2512.0,NA,NA,ondemand
food_272,0,272,5,9,9,3,1417.0,45540,25200,79200,660,-122.3464484,47.763834,1417.0,NA,NA,ondemand
food_272,1,272,5,-9,0,3,2512.0,47756,25200,79200,300,-122.55869405063295,47.733101350586935,2512.0,NA,NA,ondemand
