payload_id,carrier_id,sequence_id,tour_id,commodity,weight,job,pu_zone,del_zone,pu_stop_duration,del_stop_duration,pu_tw_lower,pu_tw_upper,del_tw_lower,del_tw_upper,pu_arrival_time,del_arrival_time,veh_type,del_x,del_y,pu_x,pu_y,ship_index
21_B2C17802,B2C_2879885.0,,,5,43,delivery,,178.0,,30,,,480,1200,,,md_D_Diesel,-97.25370488484639,30.178507714521462,,,internal
21_B2C18131,B2C_2879885.0,,,5,136,delivery,,181.0,,30,,,480,1200,,,md_D_Diesel,-97.26302758901014,30.116750022812724,,,internal
21_B2C15801,B2C_2879885.0,,,5,130,delivery,,158.0,,45,,,480,1200,,,md_D_Diesel,-97.28824576350699,30.35637191358972,,,internal
21_B2C16510,B2C_2879885.0,,,5,49,delivery,,165.0,,45,,,480,1200,,,md_D_Diesel,-97.3688306074084,30.339447528328932,,,internal
21_B2C16916,B2C_2879885.0,,,5,61,delivery,,169.0,,45,,,480,1200,,,md_D_Diesel,-97.36791363424159,30.135674414372,,,internal
21_B2C18104,B2C_2879885.0,,,5,58,delivery,,181.0,,45,,,480,1200,,,md_D_Diesel,-97.23472323660728,30.135615066079684,,,internal
21_B2C16928,B2C_2879885.0,,,5,53,delivery,,169.0,,52,,,480,1200,,,md_D_Diesel,-97.50358387128286,30.18148206482907,,,internal
21_B2C16943,B2C_2879885.0,,,5,114,delivery,,169.0,,67,,,480,1200,,,md_D_Diesel,-97.36765130620057,30.134261389412085,,,internal
21_B2C17812,B2C_2879885.0,,,5,160,delivery,,178.0,,67,,,480,1200,,,md_D_Diesel,-97.24769931233526,30.19321359004825,,,internal
21_B2C17825,B2C_2879885.0,,,5,125,delivery,,178.0,,75,,,480,1200,,,md_D_Diesel,-97.23519802229785,30.252267081269032,,,internal
21_B2C17831,B2C_2879885.0,,,5,123,delivery,,178.0,,90,,,480,1200,,,md_D_Diesel,-97.30312169127427,30.27138456170115,,,internal
21_B2C19207,B2C_2866907.0,,,5,98,delivery,,192.0,,37,,,480,1200,,,md_D_Diesel,-97.48707038659441,30.02790063114189,,,internal
21_B2C16915,B2C_2866907.0,,,5,36,delivery,,169.0,,45,,,480,1200,,,md_D_Diesel,-97.43517828392129,30.18928974128776,,,internal
21_B2C18014,B2C_2866907.0,,,5,48,delivery,,180.0,,45,,,480,1200,,,md_D_Diesel,-97.30047173246128,30.17848335360277,,,internal
21_B2C16426,B2C_2866907.0,,,5,68,delivery,,164.0,,49,,,480,1200,,,md_D_Diesel,-97.39661756835619,30.342531280394937,,,internal
21_B2C19509,B2C_2866907.0,,,5,73,delivery,,195.0,,52,,,480,1200,,,md_D_Diesel,-97.50862579769978,29.970470614292594,,,internal
21_B2C19514,B2C_2866907.0,,,5,53,delivery,,195.0,,52,,,480,1200,,,md_D_Diesel,-97.52450249238619,29.992748216038667,,,internal
21_B2C17504,B2C_2866907.0,,,5,153,delivery,,175.0,,60,,,480,1200,,,md_D_Diesel,-97.31817655861336,30.11858920081437,,,internal
21_B2C18004,B2C_2866907.0,,,5,59,delivery,,180.0,,60,,,480,1200,,,md_D_Diesel,-97.31048797331829,30.164914884383172,,,internal
21_B2C19606,B2C_2866907.0,,,5,181,delivery,,196.0,,60,,,480,1200,,,md_D_Diesel,-97.47522102934973,29.926984853234188,,,internal
21_B2C19442,B2C_2866907.0,,,5,128,delivery,,194.0,,67,,,480,1200,,,md_D_Diesel,-97.61751282736023,30.07676616554786,,,internal
21_B2C15802,B2C_2866907.0,,,5,113,delivery,,158.0,,75,,,480,1200,,,md_D_Diesel,-97.36393255961491,30.393888135635716,,,internal
21_B2C17308,B2C_2866907.0,,,5,131,delivery,,173.0,,75,,,480,1200,,,md_D_Diesel,-97.33515562567139,30.14527424673648,,,internal
21_B2C17506,B2C_2866907.0,,,5,114,delivery,,175.0,,75,,,480,1200,,,md_D_Diesel,-97.31676969934962,30.11399873152267,,,internal
21_B2C19512,B2C_2866907.0,,,5,94,delivery,,195.0,,75,,,480,1200,,,md_D_Diesel,-97.5046515662526,29.95495709263553,,,internal
21_B2C19519,B2C_2866907.0,,,5,79,delivery,,195.0,,82,,,480,1200,,,md_D_Diesel,-97.54523197446133,30.00571186993734,,,internal
21_B2C16002,B2C_2866907.0,,,5,205,delivery,,160.0,,90,,,480,1200,,,md_D_Diesel,-97.47258005333342,30.23695729196578,,,internal
21_B2C16429,B2C_2866907.0,,,5,116,delivery,,164.0,,90,,,480,1200,,,md_D_Diesel,-97.3973405356477,30.35735486170456,,,internal
21_B2C17312,B2C_2866907.0,,,5,222,delivery,,173.0,,90,,,480,1200,,,md_D_Diesel,-97.31031273151744,30.12185477927962,,,internal
21_B2C17907,B2C_2866917.0,,,5,30,delivery,,179.0,,30,,,480,1200,,,md_D_Diesel,-97.33498518118026,30.2056468239819,,,internal
21_B2C17823,B2C_2866917.0,,,5,71,delivery,,178.0,,37,,,480,1200,,,md_D_Diesel,-97.25878531092152,30.190470995829905,,,internal
21_B2C16614,B2C_2866917.0,,,5,60,delivery,,166.0,,43,,,480,1200,,,md_D_Diesel,-97.36240608740762,30.324294006346005,,,internal
21_B2C16116,B2C_2866917.0,,,5,108,delivery,,161.0,,45,,,480,1200,,,md_D_Diesel,-97.33058339575746,30.3015912680278,,,internal
21_B2C19616,B2C_2866917.0,,,5,21,delivery,,196.0,,45,,,480,1200,,,md_D_Diesel,-97.39496717707648,29.930378766565322,,,internal
21_B2C15803,B2C_2866917.0,,,5,59,delivery,,158.0,,60,,,480,1200,,,md_D_Diesel,-97.34032369208806,30.333812963393157,,,internal
21_B2C18001,B2C_2866917.0,,,5,92,delivery,,180.0,,60,,,480,1200,,,md_D_Diesel,-97.28890419555289,30.16962789320989,,,internal
21_B2C17912,B2C_2866917.0,,,5,71,delivery,,179.0,,67,,,480,1200,,,md_D_Diesel,-97.31522546644719,30.216095768074258,,,internal
21_B2C18108,B2C_2866917.0,,,5,102,delivery,,181.0,,67,,,480,1200,,,md_D_Diesel,-97.07819443152661,30.178783733743906,,,internal
21_B2C17824,B2C_2866917.0,,,5,72,delivery,,178.0,,75,,,480,1200,,,md_D_Diesel,-97.23013168383977,30.216109358842274,,,internal
21_B2C16415,B2C_2866917.0,,,5,124,delivery,,164.0,,82,,,480,1200,,,md_D_Diesel,-97.38121266023674,30.34796335041562,,,internal
21_B2C17807,B2C_2866917.0,,,5,64,delivery,,178.0,,82,,,480,1200,,,md_D_Diesel,-97.30904735760015,30.250434513951554,,,internal
21_B2C16404,B2C_2863028.0,,,5,31,delivery,,164.0,,49,,,480,1200,,,md_D_Diesel,-97.37921483080464,30.352632711441224,,,internal
21_B2C18707,B2C_2863028.0,,,5,51,delivery,,187.0,,50,,,480,1200,,,md_D_Diesel,-97.14709500776509,30.01441447327351,,,internal
21_B2C15821,B2C_2863028.0,,,5,97,delivery,,158.0,,60,,,480,1200,,,md_D_Diesel,-97.35564248214347,30.386743873460823,,,internal
21_B2C15804,B2C_2863028.0,,,5,125,delivery,,158.0,,90,,,480,1200,,,md_D_Diesel,-97.3341588034045,30.36064825387627,,,internal
21_B2C18310,B2C_2863679.0,,,5,43,delivery,,183.0,,37,,,480,1200,,,md_D_Diesel,-97.25854334875127,30.149176778159756,,,internal
21_B2C15805,B2C_2863679.0,,,5,146,delivery,,158.0,,60,,,480,1200,,,md_D_Diesel,-97.31964787277091,30.39362919291103,,,internal
21_B2C18408,B2C_2863679.0,,,5,63,delivery,,184.0,,60,,,480,1200,,,md_D_Diesel,-97.14795062471106,30.110215488245668,,,internal
21_B2C15906,B2C_2863679.0,,,5,94,delivery,,159.0,,67,,,480,1200,,,md_D_Diesel,-97.344045963681,30.23470338058548,,,internal
21_B2C15806,B2C_2863678.0,,,5,35,delivery,,158.0,,30,,,480,1200,,,md_D_Diesel,-97.37723285749173,30.40179337907213,,,internal
21_B2C16701,B2C_2863678.0,,,5,43,delivery,,167.0,,45,,,480,1200,,,md_D_Diesel,-97.35469881242612,30.34188339757475,,,internal
21_B2C16918,B2C_2863678.0,,,5,108,delivery,,169.0,,45,,,480,1200,,,md_D_Diesel,-97.43585282797758,30.1797484272099,,,internal
21_B2C15919,B2C_2863678.0,,,5,166,delivery,,159.0,,52,,,480,1200,,,md_D_Diesel,-97.39554723679315,30.328396444413933,,,internal
21_B2C18806,B2C_2863678.0,,,5,95,delivery,,188.0,,52,,,480,1200,,,md_D_Diesel,-97.16515645951561,30.02473804811825,,,internal
21_B2C16303,B2C_2863678.0,,,5,121,delivery,,163.0,,75,,,480,1200,,,md_D_Diesel,-97.3738674690181,30.35596810211506,,,internal
21_B2C18706,B2C_2863678.0,,,5,69,delivery,,187.0,,82,,,480,1200,,,md_D_Diesel,-97.15458140627061,30.012189201161373,,,internal
21_B2C16704,B2C_2879915.0,,,5,12,delivery,,167.0,,4,,,480,1200,,,md_D_Diesel,-97.36219317073262,30.357193172455197,,,internal
21_B2C15807,B2C_2879915.0,,,5,13,delivery,,158.0,,30,,,480,1200,,,md_D_Diesel,-97.37225674729387,30.407596480114915,,,internal
21_B2C19611,B2C_2879915.0,,,5,53,delivery,,196.0,,67,,,480,1200,,,md_D_Diesel,-97.43208766756513,29.940371135716003,,,internal
21_B2C18312,B2C_2861706.0,,,5,50,delivery,,183.0,,30,,,480,1200,,,md_E_Battery Electric,-97.26298303968188,30.15623206631693,,,internal
21_B2C15808,B2C_2861706.0,,,5,9,delivery,,158.0,,37,,,480,1200,,,md_E_Battery Electric,-97.3391086095141,30.353792256475142,,,internal
21_B2C18006,B2C_2861706.0,,,5,55,delivery,,180.0,,45,,,480,1200,,,md_E_Battery Electric,-97.28738452875166,30.16829732415687,,,internal
21_B2C19310,B2C_2861706.0,,,5,82,delivery,,193.0,,45,,,480,1200,,,md_E_Battery Electric,-97.58665294899008,30.10928919123876,,,internal
21_B2C17909,B2C_2861706.0,,,5,96,delivery,,179.0,,52,,,480,1200,,,md_E_Battery Electric,-97.30339847690382,30.162083891155095,,,internal
21_B2C18008,B2C_2861706.0,,,5,73,delivery,,180.0,,59,,,480,1200,,,md_E_Battery Electric,-97.31018834424032,30.187565838179072,,,internal
21_B2C15818,B2C_2861706.0,,,5,145,delivery,,158.0,,67,,,480,1200,,,md_E_Battery Electric,-97.29532013504465,30.35451604594021,,,internal
21_B2C16006,B2C_2861706.0,,,5,125,delivery,,160.0,,67,,,480,1200,,,md_D_Diesel,-97.41261468880695,30.18821808159447,,,internal
21_B2C16401,B2C_2861706.0,,,5,188,delivery,,164.0,,97,,,480,1200,,,md_D_Diesel,-97.38961487565355,30.355553805999627,,,internal
21_B2C16925,B2C_2857125.0,,,5,3,delivery,,169.0,,22,,,480,1200,,,md_D_Diesel,-97.43018887296509,30.190545299123922,,,internal
21_B2C17822,B2C_2857125.0,,,5,24,delivery,,178.0,,37,,,480,1200,,,md_D_Diesel,-97.25983189330432,30.243917984323033,,,internal
21_B2C15809,B2C_2857125.0,,,5,61,delivery,,158.0,,45,,,480,1200,,,md_D_Diesel,-97.29749525154418,30.34707069521174,,,internal
21_B2C19106,B2C_2857125.0,,,5,69,delivery,,191.0,,45,,,480,1200,,,md_D_Diesel,-97.51650132559475,30.098236304096474,,,internal
21_B2C19604,B2C_2857125.0,,,5,26,delivery,,196.0,,45,,,480,1200,,,md_D_Diesel,-97.38366707364486,29.95033075999579,,,internal
21_B2C15817,B2C_2857125.0,,,5,54,delivery,,158.0,,52,,,480,1200,,,md_D_Diesel,-97.29182858676234,30.352374197612747,,,internal
21_B2C17840,B2C_2857125.0,,,5,73,delivery,,178.0,,52,,,480,1200,,,md_D_Diesel,-97.29536264608609,30.244393990013688,,,internal
21_B2C19007,B2C_2857125.0,,,5,84,delivery,,190.0,,52,,,480,1200,,,md_D_Diesel,-97.15864937998336,29.986419191349817,,,internal
21_B2C16814,B2C_2857125.0,,,5,56,delivery,,168.0,,60,,,480,1200,,,md_D_Diesel,-97.5548903920681,30.14108934861117,,,internal
21_B2C18002,B2C_2857125.0,,,5,68,delivery,,180.0,,60,,,480,1200,,,md_D_Diesel,-97.29576354151206,30.167975249480843,,,internal
21_B2C18807,B2C_2857125.0,,,5,51,delivery,,188.0,,60,,,480,1200,,,md_D_Diesel,-97.17380738898149,30.040342133338708,,,internal
21_B2C17837,B2C_2857125.0,,,5,119,delivery,,178.0,,67,,,480,1200,,,md_D_Diesel,-97.21016233500971,30.239790702948234,,,internal
21_B2C17842,B2C_2857125.0,,,5,142,delivery,,178.0,,67,,,480,1200,,,md_D_Diesel,-97.23947403402678,30.17269722328907,,,internal
21_B2C17830,B2C_2857125.0,,,5,188,delivery,,178.0,,75,,,480,1200,,,md_D_Diesel,-97.28813931858734,30.216528604960757,,,internal
21_B2C17606,B2C_2857125.0,,,5,147,delivery,,176.0,,105,,,480,1200,,,md_D_Diesel,-97.28660234377975,30.11979092428001,,,internal
21_B2C19437,B2C_2857125.0,,,5,148,delivery,,194.0,,105,,,480,1200,,,md_D_Diesel,-97.54490786885145,30.031463958689987,,,internal
21_B2C17019,B2C_2857125.0,,,5,109,delivery,,170.0,,112,,,480,1200,,,md_D_Diesel,-97.4808112221233,30.113469911007364,,,internal
21_B2C17810,B2C_2861707.0,,,5,34,delivery,,178.0,,37,,,480,1200,,,md_D_Diesel,-97.24508750055355,30.217716337897382,,,internal
21_B2C17826,B2C_2861707.0,,,5,24,delivery,,178.0,,45,,,480,1200,,,md_D_Diesel,-97.28684660107102,30.215446561965138,,,internal
21_B2C18413,B2C_2861707.0,,,5,29,delivery,,184.0,,45,,,480,1200,,,md_D_Diesel,-97.21018589679447,30.0643539083921,,,internal
21_B2C15810,B2C_2861707.0,,,5,74,delivery,,158.0,,52,,,480,1200,,,md_D_Diesel,-97.28828730657355,30.352716079414733,,,internal
21_B2C17804,B2C_2861707.0,,,5,49,delivery,,178.0,,52,,,480,1200,,,md_D_Diesel,-97.29542038948752,30.18688639556609,,,internal
21_B2C17815,B2C_2861707.0,,,5,90,delivery,,178.0,,52,,,480,1200,,,md_D_Diesel,-97.29537355968084,30.202757679384682,,,internal
21_B2C17829,B2C_2861707.0,,,5,70,delivery,,178.0,,52,,,480,1200,,,md_D_Diesel,-97.29017935624412,30.21186913295078,,,internal
21_B2C17819,B2C_2861707.0,,,5,93,delivery,,178.0,,60,,,480,1200,,,md_D_Diesel,-97.29323277735793,30.234494090301332,,,internal
21_B2C18512,B2C_2861707.0,,,5,89,delivery,,185.0,,60,,,480,1200,,,md_D_Diesel,-97.2473383109273,29.894349814630388,,,internal
21_B2C16810,B2C_2861707.0,,,5,147,delivery,,168.0,,67,,,480,1200,,,md_D_Diesel,-97.54898287846791,30.152484322102797,,,internal
21_B2C17838,B2C_2861707.0,,,5,212,delivery,,178.0,,67,,,480,1200,,,md_D_Diesel,-97.22815431326258,30.208070137103928,,,internal
21_B2C17827,B2C_2861707.0,,,5,114,delivery,,178.0,,75,,,480,1200,,,md_D_Diesel,-97.23785515460226,30.2016321362459,,,internal
21_B2C16111,B2C_2861707.0,,,5,63,delivery,,161.0,,82,,,480,1200,,,md_D_Diesel,-97.34578776810012,30.320326379782337,,,internal
21_B2C18203,B2C_2861707.0,,,5,202,delivery,,182.0,,90,,,480,1200,,,md_D_Diesel,-97.16895126719542,30.21828685477438,,,internal
21_B2C15811,B2C_2875885.0,,,5,115,delivery,,158.0,,45,,,480,1200,,,md_D_Diesel,-97.30815459419486,30.335189887155163,,,internal
21_B2C16104,B2C_2875885.0,,,5,84,delivery,,161.0,,45,,,480,1200,,,md_D_Diesel,-97.33944136388945,30.289360279447447,,,internal
21_B2C16616,B2C_2875885.0,,,5,60,delivery,,166.0,,55,,,480,1200,,,md_D_Diesel,-97.34594678943871,30.330169912051396,,,internal
21_B2C17715,B2C_2875885.0,,,5,81,delivery,,177.0,,60,,,480,1200,,,md_D_Diesel,-97.31460401812855,30.0792671359719,,,internal
21_B2C19302,B2C_2875885.0,,,5,168,delivery,,193.0,,82,,,480,1200,,,md_D_Diesel,-97.5562749591287,30.127487763755045,,,internal
21_B2C15812,B2C_2863684.0,,,5,17,delivery,,158.0,,30,,,480,1200,,,md_D_Diesel,-97.36165354461434,30.40638926557501,,,internal
21_B2C19303,B2C_2863684.0,,,5,69,delivery,,193.0,,45,,,480,1200,,,md_D_Diesel,-97.5466664678903,30.118203328338577,,,internal
21_B2C19605,B2C_2863684.0,,,5,42,delivery,,196.0,,75,,,480,1200,,,md_D_Diesel,-97.42447210589714,29.94758615082404,,,internal
21_B2C16114,B2C_2863684.0,,,5,179,delivery,,161.0,,82,,,480,1200,,,md_D_Diesel,-97.32656679607922,30.299269411596356,,,internal
21_B2C19506,B2C_2863687.0,,,5,87,delivery,,195.0,,52,,,480,1200,,,md_D_Diesel,-97.524711848405,29.986956661183314,,,internal
21_B2C16013,B2C_2863687.0,,,5,124,delivery,,160.0,,60,,,480,1200,,,md_D_Diesel,-97.43923226072778,30.14943752995879,,,internal
21_B2C17710,B2C_2863687.0,,,5,36,delivery,,177.0,,82,,,480,1200,,,md_D_Diesel,-97.30048750727674,30.074793713802105,,,internal
21_B2C15813,B2C_2863687.0,,,5,101,delivery,,158.0,,90,,,480,1200,,,md_D_Diesel,-97.28851338289394,30.36050320786687,,,internal
21_B2C18214,B2C_2863687.0,,,5,101,delivery,,182.0,,90,,,480,1200,,,md_D_Diesel,-97.15854535270607,30.262427331190004,,,internal
21_B2C16103,B2C_2857113.0,,,5,1,delivery,,161.0,,2,,,480,1200,,,md_E_Battery Electric,-97.30862369429015,30.28701512714346,,,internal
21_B2C18101,B2C_2857113.0,,,5,25,delivery,,181.0,,30,,,480,1200,,,md_E_Battery Electric,-97.1416875348625,30.146664043401405,,,internal
21_B2C19409,B2C_2857113.0,,,5,31,delivery,,194.0,,30,,,480,1200,,,md_E_Battery Electric,-97.57321837562432,30.039249713612286,,,internal
21_B2C15902,B2C_2857113.0,,,5,54,delivery,,159.0,,37,,,480,1200,,,md_E_Battery Electric,-97.38238174006136,30.280762160388033,,,internal
21_B2C16945,B2C_2857113.0,,,5,50,delivery,,169.0,,37,,,480,1200,,,md_E_Battery Electric,-97.38884961677078,30.126042355819667,,,internal
21_B2C18905,B2C_2857113.0,,,5,38,delivery,,189.0,,38,,,480,1200,,,md_E_Battery Electric,-97.13699186454852,29.99924661145171,,,internal
21_B2C16508,B2C_2857113.0,,,5,122,delivery,,165.0,,52,,,480,1200,,,md_E_Battery Electric,-97.37008577793299,30.330212234891608,,,internal
21_B2C18118,B2C_2857113.0,,,5,90,delivery,,181.0,,52,,,480,1200,,,md_E_Battery Electric,-97.1664019411701,30.133789270859058,,,internal
21_B2C16505,B2C_2857113.0,,,5,77,delivery,,165.0,,54,,,480,1200,,,md_E_Battery Electric,-97.38466098557565,30.324678149052723,,,internal
21_B2C16212,B2C_2857113.0,,,5,115,delivery,,162.0,,60,,,480,1200,,,md_D_Diesel,-97.26095891561721,30.355768236801488,,,internal
21_B2C16606,B2C_2857113.0,,,5,42,delivery,,166.0,,60,,,480,1200,,,md_D_Diesel,-97.36336860299319,30.33595377597547,,,internal
21_B2C15822,B2C_2857113.0,,,5,104,delivery,,158.0,,67,,,480,1200,,,md_D_Diesel,-97.32670264320568,30.393840595327276,,,internal
21_B2C16705,B2C_2857113.0,,,5,98,delivery,,167.0,,67,,,480,1200,,,md_D_Diesel,-97.35677434850743,30.346920828086066,,,internal
21_B2C17605,B2C_2857113.0,,,5,76,delivery,,176.0,,75,,,480,1200,,,md_D_Diesel,-97.27869034787514,30.109446455469623,,,internal
21_B2C15814,B2C_2857113.0,,,5,100,delivery,,158.0,,90,,,480,1200,,,md_D_Diesel,-97.33987460693015,30.381575807519045,,,internal
21_B2C17903,B2C_2863681.0,,,5,123,delivery,,179.0,,60,,,480,1200,,,md_D_Diesel,-97.32639484962955,30.21467409084863,,,internal
21_B2C15815,B2C_2863681.0,,,5,110,delivery,,158.0,,67,,,480,1200,,,md_D_Diesel,-97.31965996246282,30.325037781086813,,,internal
21_B2C17025,B2C_2863681.0,,,5,141,delivery,,170.0,,75,,,480,1200,,,md_D_Diesel,-97.47574876256746,30.123553263705045,,,internal
21_B2C18605,B2C_2863681.0,,,5,137,delivery,,186.0,,97,,,480,1200,,,md_D_Diesel,-97.18868122082138,29.983332901467648,,,internal
21_B2C19318,B2C_2857123.0,,,5,13,delivery,,193.0,,37,,,480,1200,,,md_D_Diesel,-97.55449130588357,30.12685985669691,,,internal
21_B2C15816,B2C_2857123.0,,,5,19,delivery,,158.0,,52,,,480,1200,,,md_D_Diesel,-97.30081907192101,30.3678996271329,,,internal
21_B2C18409,B2C_2857123.0,,,5,50,delivery,,184.0,,52,,,480,1200,,,md_D_Diesel,-97.14241062428756,30.054123442152594,,,internal
21_B2C18903,B2C_2857123.0,,,5,116,delivery,,189.0,,56,,,480,1200,,,md_D_Diesel,-97.14030869300446,30.003497064826586,,,internal
21_B2C16934,B2C_2857123.0,,,5,143,delivery,,169.0,,60,,,480,1200,,,md_D_Diesel,-97.36734595869454,30.134910921846693,,,internal
21_B2C19012,B2C_2857123.0,,,5,40,delivery,,190.0,,60,,,480,1200,,,md_D_Diesel,-97.16013576045766,30.004008092838447,,,internal
21_B2C17011,B2C_2857123.0,,,5,92,delivery,,170.0,,97,,,480,1200,,,md_D_Diesel,-97.47429648448541,30.138716399365187,,,internal
21_B2C16912,B2C_2863683.0,,,5,36,delivery,,169.0,,15,,,480,1200,,,md_D_Diesel,-97.444146300232,30.164899855090866,,,internal
21_B2C16936,B2C_2863683.0,,,5,81,delivery,,169.0,,30,,,480,1200,,,md_D_Diesel,-97.35836977575146,30.122261645670882,,,internal
21_B2C17026,B2C_2863683.0,,,5,14,delivery,,170.0,,37,,,480,1200,,,md_D_Diesel,-97.45729528018299,30.122859003351167,,,internal
21_B2C16904,B2C_2863683.0,,,5,57,delivery,,169.0,,60,,,480,1200,,,md_D_Diesel,-97.42046075593765,30.146011607198076,,,internal
21_B2C18805,B2C_2863683.0,,,5,85,delivery,,188.0,,60,,,480,1200,,,md_D_Diesel,-97.19043726067925,30.04891997333838,,,internal
21_B2C19413,B2C_2863683.0,,,5,52,delivery,,194.0,,67,,,480,1200,,,md_D_Diesel,-97.56097700365963,30.032221151716676,,,internal
21_B2C16609,B2C_2863683.0,,,5,89,delivery,,166.0,,75,,,480,1200,,,md_D_Diesel,-97.36471794199346,30.319433063991575,,,internal
21_B2C15819,B2C_2863683.0,,,5,148,delivery,,158.0,,90,,,480,1200,,,md_D_Diesel,-97.31881912600346,30.335719071896786,,,internal
21_B2C16403,B2C_2863683.0,,,5,154,delivery,,164.0,,105,,,480,1200,,,md_D_Diesel,-97.40175264993805,30.35002666317457,,,internal
21_B2C17102,B2C_2863685.0,,,5,32,delivery,,171.0,,30,,,480,1200,,,md_D_Diesel,-97.41476896229102,30.10845259494577,,,internal
21_B2C18803,B2C_2863685.0,,,5,46,delivery,,188.0,,37,,,480,1200,,,md_D_Diesel,-97.16904844866328,30.01536317917085,,,internal
21_B2C19402,B2C_2863685.0,,,5,97,delivery,,194.0,,45,,,480,1200,,,md_D_Diesel,-97.61672615508435,30.09294644973273,,,internal
21_B2C17114,B2C_2863685.0,,,5,92,delivery,,171.0,,52,,,480,1200,,,md_D_Diesel,-97.4116030365015,30.079607457070974,,,internal
21_B2C17617,B2C_2863685.0,,,5,34,delivery,,176.0,,52,,,480,1200,,,md_D_Diesel,-97.31044678366513,30.138950615830367,,,internal
21_B2C18622,B2C_2863685.0,,,5,46,delivery,,186.0,,52,,,480,1200,,,md_D_Diesel,-97.3441893165389,29.960300648162473,,,internal
21_B2C17006,B2C_2863685.0,,,5,193,delivery,,170.0,,60,,,480,1200,,,md_D_Diesel,-97.43349071519602,30.11921541836361,,,internal
21_B2C17906,B2C_2863685.0,,,5,94,delivery,,179.0,,60,,,480,1200,,,md_E_Battery Electric,-97.3281910997741,30.231718972113026,,,internal
21_B2C18508,B2C_2863685.0,,,5,82,delivery,,185.0,,60,,,480,1200,,,md_E_Battery Electric,-97.29657487682981,29.81721766493272,,,internal
21_B2C18112,B2C_2863685.0,,,5,71,delivery,,181.0,,82,,,480,1200,,,md_E_Battery Electric,-97.08594850036867,30.21914623461112,,,internal
21_B2C18119,B2C_2863685.0,,,5,105,delivery,,181.0,,82,,,480,1200,,,md_E_Battery Electric,-97.19811685345647,30.158549512615505,,,internal
21_B2C15820,B2C_2863685.0,,,5,155,delivery,,158.0,,90,,,480,1200,,,md_D_Diesel,-97.3019266816238,30.34058016125885,,,internal
21_B2C15823,B2C_2875880.0,,,5,36,delivery,,158.0,,30,,,480,1200,,,md_D_Diesel,-97.31773594942254,30.33088352639449,,,internal
21_B2C16421,B2C_2875880.0,,,5,100,delivery,,164.0,,75,,,480,1200,,,md_D_Diesel,-97.38154532360501,30.347236937173395,,,internal
21_B2C16709,B2C_2875880.0,,,5,79,delivery,,167.0,,75,,,480,1200,,,md_D_Diesel,-97.36192873349368,30.362545175676193,,,internal
21_B2C15901,B2C_2857126.0,,,5,83,delivery,,159.0,,37,,,480,1200,,,md_D_Diesel,-97.36204407301547,30.21906697861815,,,internal
21_B2C16932,B2C_2857126.0,,,5,93,delivery,,169.0,,45,,,480,1200,,,md_D_Diesel,-97.35058434679449,30.162722818097485,,,internal
21_B2C17702,B2C_2857126.0,,,5,83,delivery,,177.0,,45,,,480,1200,,,md_D_Diesel,-97.2939814958793,30.082195309078738,,,internal
21_B2C19312,B2C_2857126.0,,,5,42,delivery,,193.0,,45,,,480,1200,,,md_D_Diesel,-97.53087843071962,30.120692995868062,,,internal
21_B2C19431,B2C_2857126.0,,,5,99,delivery,,194.0,,60,,,480,1200,,,md_D_Diesel,-97.5853175680779,30.034784920459046,,,internal
21_B2C17021,B2C_2857126.0,,,5,162,delivery,,170.0,,75,,,480,1200,,,md_D_Diesel,-97.44530486522564,30.111648683933442,,,internal
21_B2C18208,B2C_2857126.0,,,5,101,delivery,,182.0,,75,,,480,1200,,,md_D_Diesel,-97.18627457314645,30.20864693973788,,,internal
21_B2C19518,B2C_2857126.0,,,5,130,delivery,,195.0,,75,,,480,1200,,,md_D_Diesel,-97.54732125075236,29.991928640892507,,,internal
21_B2C17104,B2C_2857129.0,,,5,112,delivery,,171.0,,37,,,480,1200,,,md_D_Diesel,-97.44153878599997,30.085672472957768,,,internal
21_B2C16302,B2C_2857129.0,,,5,41,delivery,,163.0,,52,,,480,1200,,,md_D_Diesel,-97.35956212844609,30.38042680822989,,,internal
21_B2C18311,B2C_2857129.0,,,5,40,delivery,,183.0,,52,,,480,1200,,,md_D_Diesel,-97.26661366661503,30.14843632903545,,,internal
21_B2C17023,B2C_2857129.0,,,5,52,delivery,,170.0,,60,,,480,1200,,,md_D_Diesel,-97.48176843383543,30.100317648144735,,,internal
21_B2C19308,B2C_2857129.0,,,5,156,delivery,,193.0,,60,,,480,1200,,,md_D_Diesel,-97.53013235107886,30.113070173834206,,,internal
21_B2C19440,B2C_2857129.0,,,5,73,delivery,,194.0,,60,,,480,1200,,,md_D_Diesel,-97.5669891822853,30.054027680786128,,,internal
21_B2C16913,B2C_2857129.0,,,5,109,delivery,,169.0,,82,,,480,1200,,,md_D_Diesel,-97.41378131286223,30.131489855015325,,,internal
21_B2C15903,B2C_2857129.0,,,5,155,delivery,,159.0,,105,,,480,1200,,,md_D_Diesel,-97.38380189899607,30.27871931494794,,,internal
21_B2C15904,B2C_2875881.0,,,5,106,delivery,,159.0,,30,,,480,1200,,,md_D_Diesel,-97.42451635107147,30.313606398057875,,,internal
21_B2C19214,B2C_2875881.0,,,5,52,delivery,,192.0,,52,,,480,1200,,,md_D_Diesel,-97.5075521240377,30.02211427052335,,,internal
21_B2C18123,B2C_2875881.0,,,5,76,delivery,,181.0,,60,,,480,1200,,,md_D_Diesel,-97.23645615006788,30.086623633746857,,,internal
21_B2C19503,B2C_2875881.0,,,5,78,delivery,,195.0,,60,,,480,1200,,,md_D_Diesel,-97.5332031165829,29.979007757428008,,,internal
21_B2C16008,B2C_2875881.0,,,5,58,delivery,,160.0,,67,,,480,1200,,,md_D_Diesel,-97.4495267509388,30.212268231773606,,,internal
21_B2C17231,B2C_2875881.0,,,5,33,delivery,,172.0,,67,,,480,1200,,,md_D_Diesel,-97.32298474498783,30.0415722332199,,,internal
21_B2C16949,B2C_2875881.0,,,5,77,delivery,,169.0,,82,,,480,1200,,,md_D_Diesel,-97.49281141674349,30.172761300463545,,,internal
21_B2C19202,B2C_2875881.0,,,5,137,delivery,,192.0,,90,,,480,1200,,,md_D_Diesel,-97.54428397169119,30.07572004245824,,,internal
21_B2C15905,B2C_2863673.0,,,5,119,delivery,,159.0,,37,,,480,1200,,,md_D_Diesel,-97.43004675401882,30.311712451042503,,,internal
21_B2C18618,B2C_2863673.0,,,5,53,delivery,,186.0,,37,,,480,1200,,,md_D_Diesel,-97.25957352944693,30.00825623409353,,,internal
21_B2C16506,B2C_2863673.0,,,5,73,delivery,,165.0,,45,,,480,1200,,,md_D_Diesel,-97.39038708685516,30.332379434513882,,,internal
21_B2C17307,B2C_2863673.0,,,5,14,delivery,,173.0,,45,,,480,1200,,,md_D_Diesel,-97.32403634201495,30.123169170900105,,,internal
21_B2C16108,B2C_2863673.0,,,5,56,delivery,,161.0,,67,,,480,1200,,,md_D_Diesel,-97.32296399042944,30.314409997536597,,,internal
21_B2C16409,B2C_2863673.0,,,5,108,delivery,,164.0,,67,,,480,1200,,,md_D_Diesel,-97.4111560149349,30.344592254024516,,,internal
21_B2C17210,B2C_2863673.0,,,5,115,delivery,,172.0,,67,,,480,1200,,,md_D_Diesel,-97.34143122176107,29.9805210619473,,,internal
21_B2C17110,B2C_2863673.0,,,5,88,delivery,,171.0,,75,,,480,1200,,,md_D_Diesel,-97.4360659053686,30.0691868528126,,,internal
21_B2C17214,B2C_2863673.0,,,5,129,delivery,,172.0,,82,,,480,1200,,,md_D_Diesel,-97.34738755480389,29.968865197149057,,,internal
21_B2C17311,B2C_2863673.0,,,5,130,delivery,,173.0,,82,,,480,1200,,,md_D_Diesel,-97.33295516265433,30.129651742192877,,,internal
21_B2C17306,B2C_2863673.0,,,5,99,delivery,,173.0,,90,,,480,1200,,,md_D_Diesel,-97.33025172494074,30.133807918082066,,,internal
21_B2C17204,B2C_2863673.0,,,5,138,delivery,,172.0,,97,,,480,1200,,,md_D_Diesel,-97.28728694408619,30.052947704946703,,,internal
21_B2C16312,B2C_2863673.0,,,5,121,delivery,,163.0,,105,,,480,1200,,,md_D_Diesel,-97.38660714863951,30.35995874812745,,,internal
21_B2C17112,B2C_2860060.0,,,5,30,delivery,,171.0,,22,,,480,1200,,,md_D_Diesel,-97.48583405634497,30.080787049077735,,,internal
21_B2C16101,B2C_2860060.0,,,5,117,delivery,,161.0,,30,,,480,1200,,,md_D_Diesel,-97.36246041972842,30.317065892151774,,,internal
21_B2C19501,B2C_2860060.0,,,5,55,delivery,,195.0,,37,,,480,1200,,,md_D_Diesel,-97.5092323455766,29.986072206325584,,,internal
21_B2C16924,B2C_2860060.0,,,5,30,delivery,,169.0,,52,,,480,1200,,,md_D_Diesel,-97.39072032381715,30.175005160769473,,,internal
21_B2C19112,B2C_2860060.0,,,5,69,delivery,,191.0,,60,,,480,1200,,,md_D_Diesel,-97.49883144866462,30.10088224209021,,,internal
21_B2C16205,B2C_2860060.0,,,5,62,delivery,,162.0,,67,,,480,1200,,,md_D_Diesel,-97.28339060024722,30.309652580349542,,,internal
21_B2C15907,B2C_2860060.0,,,5,96,delivery,,159.0,,75,,,480,1200,,,md_D_Diesel,-97.42166226989715,30.251714520043663,,,internal
21_B2C16004,B2C_2860060.0,,,5,139,delivery,,160.0,,82,,,480,1200,,,md_D_Diesel,-97.45393469938892,30.22030205646353,,,internal
21_B2C19322,B2C_2863671.0,,,5,116,delivery,,193.0,,45,,,480,1200,,,md_D_Diesel,-97.58689492186677,30.123968063983313,,,internal
21_B2C19435,B2C_2863671.0,,,5,77,delivery,,194.0,,67,,,480,1200,,,md_D_Diesel,-97.61409662686727,30.040536686029206,,,internal
21_B2C15908,B2C_2863671.0,,,5,57,delivery,,159.0,,75,,,480,1200,,,md_D_Diesel,-97.41037420819349,30.313867140936786,,,internal
21_B2C18906,B2C_2863677.0,,,5,31,delivery,,189.0,,48,,,480,1200,,,md_D_Diesel,-97.14011872298553,30.003702362168546,,,internal
21_B2C16802,B2C_2863677.0,,,5,58,delivery,,168.0,,52,,,480,1200,,,md_D_Diesel,-97.49506510117723,30.146101909090472,,,internal
21_B2C15909,B2C_2863677.0,,,5,95,delivery,,159.0,,75,,,480,1200,,,md_D_Diesel,-97.35755978333263,30.235614027365628,,,internal
21_B2C18210,B2C_2863677.0,,,5,151,delivery,,182.0,,82,,,480,1200,,,md_D_Diesel,-97.17553994156408,30.191066983407556,,,internal
21_B2C15910,B2C_2866911.0,,,5,25,delivery,,159.0,,30,,,480,1200,,,md_D_Diesel,-97.43344592264678,30.286029132011787,,,internal
21_B2C16513,B2C_2866911.0,,,5,75,delivery,,165.0,,54,,,480,1200,,,md_D_Diesel,-97.38235269864502,30.33851887173848,,,internal
21_B2C16610,B2C_2866911.0,,,5,109,delivery,,166.0,,75,,,480,1200,,,md_D_Diesel,-97.35502781827583,30.326022298764418,,,internal
21_B2C18403,B2C_2866911.0,,,5,124,delivery,,184.0,,90,,,480,1200,,,md_D_Diesel,-97.10124759081742,30.109263870975706,,,internal
21_B2C15911,B2C_2866294.0,,,5,42,delivery,,159.0,,30,,,480,1200,,,md_D_Diesel,-97.38363702362479,30.24428810173847,,,internal
21_B2C18211,B2C_2866294.0,,,5,48,delivery,,182.0,,30,,,480,1200,,,md_D_Diesel,-97.21253612277431,30.235750819810516,,,internal
21_B2C18503,B2C_2866294.0,,,5,60,delivery,,185.0,,60,,,480,1200,,,md_D_Diesel,-97.17365911288118,29.951076524362243,,,internal
21_B2C16118,B2C_2866294.0,,,5,65,delivery,,161.0,,67,,,480,1200,,,md_D_Diesel,-97.31959375750651,30.319659921608054,,,internal
21_B2C18216,B2C_2866294.0,,,5,148,delivery,,182.0,,97,,,480,1200,,,md_D_Diesel,-97.17220454215692,30.209409572314307,,,internal
21_B2C15912,B2C_2866760.0,,,5,82,delivery,,159.0,,45,,,480,1200,,,md_D_Diesel,-97.38152484093165,30.249375173665264,,,internal
21_B2C18125,B2C_2866760.0,,,5,66,delivery,,181.0,,45,,,480,1200,,,md_D_Diesel,-97.07475570912592,30.160591319681494,,,internal
21_B2C16306,B2C_2866760.0,,,5,24,delivery,,163.0,,52,,,480,1200,,,md_D_Diesel,-97.38675765477868,30.37747773605929,,,internal
21_B2C16422,B2C_2866760.0,,,5,85,delivery,,164.0,,54,,,480,1200,,,md_D_Diesel,-97.3887405774161,30.354260641008782,,,internal
21_B2C16602,B2C_2866760.0,,,5,56,delivery,,166.0,,55,,,480,1200,,,md_D_Diesel,-97.36373831765766,30.331920619203423,,,internal
21_B2C19005,B2C_2866760.0,,,5,62,delivery,,190.0,,60,,,480,1200,,,md_D_Diesel,-97.15907518873253,29.994197624782856,,,internal
21_B2C18607,B2C_2866760.0,,,5,161,delivery,,186.0,,67,,,480,1200,,,md_D_Diesel,-97.37062174787492,29.889780405997538,,,internal
21_B2C18608,B2C_2866760.0,,,5,80,delivery,,186.0,,82,,,480,1200,,,md_D_Diesel,-97.33886097246616,29.9070596581966,,,internal
21_B2C15917,B2C_2866760.0,,,5,137,delivery,,159.0,,105,,,480,1200,,,md_D_Diesel,-97.38741860424476,30.26487368704045,,,internal
21_B2C16011,B2C_2862192.0,,,5,44,delivery,,160.0,,52,,,480,1200,,,md_D_Diesel,-97.39190915498291,30.190196190005334,,,internal
21_B2C16811,B2C_2862192.0,,,5,70,delivery,,168.0,,52,,,480,1200,,,md_D_Diesel,-97.5172363102527,30.156496117210025,,,internal
21_B2C16708,B2C_2862192.0,,,5,51,delivery,,167.0,,60,,,480,1200,,,md_D_Diesel,-97.35982816793371,30.34576464486153,,,internal
21_B2C18206,B2C_2862192.0,,,5,91,delivery,,182.0,,60,,,480,1200,,,md_D_Diesel,-97.18181943927685,30.180604122917792,,,internal
21_B2C15913,B2C_2862192.0,,,5,108,delivery,,159.0,,82,,,480,1200,,,md_D_Diesel,-97.42206489865538,30.229692138394512,,,internal
21_B2C16612,B2C_2862192.0,,,5,161,delivery,,166.0,,82,,,480,1200,,,md_D_Diesel,-97.35603102562692,30.332238939434035,,,internal
21_B2C18415,B2C_2862192.0,,,5,118,delivery,,184.0,,82,,,480,1200,,,md_D_Diesel,-97.21622289706595,30.053341204794286,,,internal
21_B2C16314,B2C_2862192.0,,,5,161,delivery,,163.0,,90,,,480,1200,,,md_D_Diesel,-97.37222754634396,30.37949381911727,,,internal
21_B2C16203,B2C_2878330.0,,,5,8,delivery,,162.0,,37,,,480,1200,,,md_D_Diesel,-97.26763441470435,30.342435643747038,,,internal
21_B2C19002,B2C_2878330.0,,,5,80,delivery,,190.0,,45,,,480,1200,,,md_D_Diesel,-97.15155308787278,30.001963055185666,,,internal
21_B2C16604,B2C_2878330.0,,,5,87,delivery,,166.0,,55,,,480,1200,,,md_D_Diesel,-97.36838733863046,30.347808024707213,,,internal
21_B2C15914,B2C_2878330.0,,,5,51,delivery,,159.0,,60,,,480,1200,,,md_D_Diesel,-97.43770609700532,30.275689102268114,,,internal
21_B2C17611,B2C_2878330.0,,,5,127,delivery,,176.0,,67,,,480,1200,,,md_D_Diesel,-97.2910800211087,30.117329495715072,,,internal
21_B2C16109,B2C_2878330.0,,,5,94,delivery,,161.0,,90,,,480,1200,,,md_D_Diesel,-97.35938446922786,30.297908344952937,,,internal
21_B2C17613,B2C_2860059.0,,,5,78,delivery,,176.0,,37,,,480,1200,,,md_D_Diesel,-97.29933330465578,30.13975944273757,,,internal
21_B2C15915,B2C_2860059.0,,,5,37,delivery,,159.0,,45,,,480,1200,,,md_D_Diesel,-97.40381949074424,30.250013533886868,,,internal
21_B2C16001,B2C_2860059.0,,,5,96,delivery,,160.0,,52,,,480,1200,,,md_D_Diesel,-97.43851771050413,30.157690370140813,,,internal
21_B2C19315,B2C_2860059.0,,,5,172,delivery,,193.0,,112,,,480,1200,,,md_D_Diesel,-97.54319105483891,30.110795651358895,,,internal
21_B2C16803,B2C_2879884.0,,,5,34,delivery,,168.0,,45,,,480,1200,,,md_D_Diesel,-97.52660965556322,30.153282879139535,,,internal
21_B2C16617,B2C_2879884.0,,,5,7,delivery,,166.0,,49,,,480,1200,,,md_D_Diesel,-97.34745346170813,30.330186427212478,,,internal
21_B2C16907,B2C_2879884.0,,,5,81,delivery,,169.0,,52,,,480,1200,,,md_D_Diesel,-97.3843478144086,30.143163455318174,,,internal
21_B2C19513,B2C_2879884.0,,,5,40,delivery,,195.0,,52,,,480,1200,,,md_D_Diesel,-97.56062708358725,30.00799443966535,,,internal
21_B2C16414,B2C_2879884.0,,,5,51,delivery,,164.0,,59,,,480,1200,,,md_D_Diesel,-97.38337643046461,30.35055516559013,,,internal
21_B2C15916,B2C_2879884.0,,,5,95,delivery,,159.0,,67,,,480,1200,,,md_D_Diesel,-97.43069766184632,30.293804556625947,,,internal
21_B2C16938,B2C_2879884.0,,,5,98,delivery,,169.0,,67,,,480,1200,,,md_D_Diesel,-97.35724108671936,30.156352500338063,,,internal
21_B2C17109,B2C_2879884.0,,,5,69,delivery,,171.0,,67,,,480,1200,,,md_D_Diesel,-97.4337121418381,30.06193650379093,,,internal
21_B2C18110,B2C_2879884.0,,,5,153,delivery,,181.0,,67,,,480,1200,,,md_D_Diesel,-97.0860494788012,30.204894605825718,,,internal
21_B2C18621,B2C_2879884.0,,,5,66,delivery,,186.0,,75,,,480,1200,,,md_D_Diesel,-97.38064164440621,29.911364485256513,,,internal
21_B2C18201,B2C_2879886.0,,,5,34,delivery,,182.0,,30,,,480,1200,,,md_D_Diesel,-97.09325244394346,30.241238884717813,,,internal
21_B2C15918,B2C_2879886.0,,,5,132,delivery,,159.0,,45,,,480,1200,,,md_D_Diesel,-97.37519385050085,30.20097912092835,,,internal
21_B2C16818,B2C_2879886.0,,,5,76,delivery,,168.0,,45,,,480,1200,,,md_D_Diesel,-97.51674549326627,30.12732886003598,,,internal
21_B2C17020,B2C_2879886.0,,,5,81,delivery,,170.0,,45,,,480,1200,,,md_D_Diesel,-97.43121746235903,30.119928355945564,,,internal
21_B2C19325,B2C_2879886.0,,,5,108,delivery,,193.0,,75,,,480,1200,,,md_D_Diesel,-97.53876482867683,30.11371739718347,,,internal
21_B2C16930,B2C_2879886.0,,,5,80,delivery,,169.0,,82,,,480,1200,,,md_D_Diesel,-97.42144468357014,30.116895639763197,,,internal
21_B2C17203,B2C_2857132.0,,,5,36,delivery,,172.0,,22,,,480,1200,,,md_D_Diesel,-97.32621390532188,30.025036548241005,,,internal
21_B2C15920,B2C_2857132.0,,,5,28,delivery,,159.0,,37,,,480,1200,,,md_D_Diesel,-97.3478638229483,30.1717140313501,,,internal
21_B2C17101,B2C_2857132.0,,,5,37,delivery,,171.0,,37,,,480,1200,,,md_D_Diesel,-97.37550094802728,30.106795165674416,,,internal
21_B2C17604,B2C_2857132.0,,,5,43,delivery,,176.0,,37,,,480,1200,,,md_D_Diesel,-97.27988606943538,30.115153412933463,,,internal
21_B2C17213,B2C_2857132.0,,,5,69,delivery,,172.0,,45,,,480,1200,,,md_D_Diesel,-97.36780356455554,30.01281650177771,,,internal
21_B2C17226,B2C_2857132.0,,,5,63,delivery,,172.0,,45,,,480,1200,,,md_D_Diesel,-97.3576923342614,30.076076847942044,,,internal
21_B2C17403,B2C_2857132.0,,,5,74,delivery,,174.0,,45,,,480,1200,,,md_D_Diesel,-97.32485253815754,30.083040608987595,,,internal
21_B2C17413,B2C_2857132.0,,,5,13,delivery,,174.0,,52,,,480,1200,,,md_D_Diesel,-97.33170049705454,30.102937341296094,,,internal
21_B2C17415,B2C_2857132.0,,,5,47,delivery,,174.0,,52,,,480,1200,,,md_D_Diesel,-97.32844345017784,30.08305939577141,,,internal
21_B2C18504,B2C_2857132.0,,,5,106,delivery,,185.0,,52,,,480,1200,,,md_D_Diesel,-97.34135660695821,29.8380995512485,,,internal
21_B2C18010,B2C_2857132.0,,,5,60,delivery,,180.0,,59,,,480,1200,,,md_D_Diesel,-97.31265453546779,30.175430824260264,,,internal
21_B2C17304,B2C_2857132.0,,,5,115,delivery,,173.0,,60,,,480,1200,,,md_D_Diesel,-97.31799363111219,30.12737269981064,,,internal
21_B2C17509,B2C_2857132.0,,,5,80,delivery,,175.0,,60,,,480,1200,,,md_D_Diesel,-97.33838541652267,30.127604272121655,,,internal
21_B2C19433,B2C_2857132.0,,,5,110,delivery,,194.0,,60,,,480,1200,,,md_D_Diesel,-97.55388699988234,30.050570043602384,,,internal
21_B2C17309,B2C_2857132.0,,,5,142,delivery,,173.0,,82,,,480,1200,,,md_D_Diesel,-97.31571561598716,30.128826520068294,,,internal
21_B2C19206,B2C_2857132.0,,,5,186,delivery,,192.0,,105,,,480,1200,,,md_D_Diesel,-97.47970393051149,29.978268781671037,,,internal
21_B2C17007,B2C_2861708.0,,,5,85,delivery,,170.0,,30,,,480,1200,,,md_D_Diesel,-97.46110907122782,30.105747723123823,,,internal
21_B2C16929,B2C_2861708.0,,,5,59,delivery,,169.0,,45,,,480,1200,,,md_D_Diesel,-97.3672366886317,30.156312176836195,,,internal
21_B2C16003,B2C_2861708.0,,,5,90,delivery,,160.0,,52,,,480,1200,,,md_D_Diesel,-97.44895964502827,30.254589997719357,,,internal
21_B2C19416,B2C_2861708.0,,,5,49,delivery,,194.0,,60,,,480,1200,,,md_D_Diesel,-97.58682575476152,30.067303113167142,,,internal
21_B2C16940,B2C_2861708.0,,,5,125,delivery,,169.0,,75,,,480,1200,,,md_D_Diesel,-97.49245540266162,30.172361119334102,,,internal
21_B2C18127,B2C_2861708.0,,,5,158,delivery,,181.0,,90,,,480,1200,,,md_D_Diesel,-97.22259006759397,30.095665143414923,,,internal
21_B2C19324,B2C_2861708.0,,,5,80,delivery,,193.0,,97,,,480,1200,,,md_D_Diesel,-97.58951347434342,30.115922554594253,,,internal
21_B2C19108,B2C_2863680.0,,,5,33,delivery,,191.0,,22,,,480,1200,,,md_E_Battery Electric,-97.51913386575617,30.08528464837288,,,internal
21_B2C16305,B2C_2863680.0,,,5,43,delivery,,163.0,,30,,,480,1200,,,md_E_Battery Electric,-97.35798626159844,30.379861423062003,,,internal
21_B2C16402,B2C_2863680.0,,,5,18,delivery,,164.0,,32,,,480,1200,,,md_E_Battery Electric,-97.3970769903257,30.353558377328227,,,internal
21_B2C16311,B2C_2863680.0,,,5,31,delivery,,163.0,,37,,,480,1200,,,md_E_Battery Electric,-97.39046568943512,30.362281672267574,,,internal
21_B2C16804,B2C_2863680.0,,,5,34,delivery,,168.0,,37,,,480,1200,,,md_E_Battery Electric,-97.52058356297269,30.15209934760618,,,internal
21_B2C17706,B2C_2863680.0,,,5,82,delivery,,177.0,,37,,,480,1200,,,md_E_Battery Electric,-97.3021291153525,30.08358638206905,,,internal
21_B2C16425,B2C_2863680.0,,,5,59,delivery,,164.0,,38,,,480,1200,,,md_E_Battery Electric,-97.40493541269107,30.35506328214992,,,internal
21_B2C16901,B2C_2863680.0,,,5,56,delivery,,169.0,,45,,,480,1200,,,md_E_Battery Electric,-97.5125805070099,30.182509936592268,,,internal
21_B2C18509,B2C_2863680.0,,,5,77,delivery,,185.0,,45,,,480,1200,,,md_E_Battery Electric,-97.27447920014274,29.89308732154957,,,internal
21_B2C18614,B2C_2863680.0,,,5,112,delivery,,186.0,,67,,,480,1200,,,md_D_Diesel,-97.2517250531767,29.952945117652746,,,internal
21_B2C16005,B2C_2863680.0,,,5,129,delivery,,160.0,,75,,,480,1200,,,md_D_Diesel,-97.44068706368945,30.271406867421394,,,internal
21_B2C18222,B2C_2863682.0,,,5,70,delivery,,182.0,,45,,,480,1200,,,md_D_Diesel,-97.18807632569352,30.269133814904013,,,internal
21_B2C19208,B2C_2863682.0,,,5,27,delivery,,192.0,,45,,,480,1200,,,md_D_Diesel,-97.45004009868765,29.992528061496767,,,internal
21_B2C16102,B2C_2863682.0,,,5,37,delivery,,161.0,,52,,,480,1200,,,md_D_Diesel,-97.34472767392144,30.246092397991628,,,internal
21_B2C16603,B2C_2863682.0,,,5,45,delivery,,166.0,,55,,,480,1200,,,md_D_Diesel,-97.35333767980354,30.33370784390905,,,internal
21_B2C16007,B2C_2863682.0,,,5,154,delivery,,160.0,,75,,,480,1200,,,md_D_Diesel,-97.38412648924171,30.19026391756055,,,internal
21_B2C17603,B2C_2863682.0,,,5,75,delivery,,176.0,,75,,,480,1200,,,md_D_Diesel,-97.28877992499872,30.112089790893545,,,internal
21_B2C16405,B2C_2863682.0,,,5,190,delivery,,164.0,,97,,,480,1200,,,md_D_Diesel,-97.37829306335978,30.346962782117565,,,internal
21_B2C17107,B2C_2863682.0,,,5,154,delivery,,171.0,,105,,,480,1200,,,md_D_Diesel,-97.48175559567177,30.07440220752852,,,internal
21_B2C16926,B2C_2863682.0,,,5,230,delivery,,169.0,,127,,,480,1200,,,md_D_Diesel,-97.36551154922047,30.135266417520462,,,internal
21_B2C16009,B2C_2857130.0,,,5,27,delivery,,160.0,,37,,,480,1200,,,md_D_Diesel,-97.40778930827578,30.16633657038529,,,internal
21_B2C16315,B2C_2857130.0,,,5,65,delivery,,163.0,,60,,,480,1200,,,md_D_Diesel,-97.36351402215803,30.37630890481493,,,internal
21_B2C18215,B2C_2857130.0,,,5,258,delivery,,182.0,,127,,,480,1200,,,md_D_Diesel,-97.21547341524615,30.202718268612013,,,internal
21_B2C16427,B2C_2866292.0,,,5,6,delivery,,164.0,,25,,,480,1200,,,md_D_Diesel,-97.4039684850875,30.359343809077238,,,internal
21_B2C18802,B2C_2866292.0,,,5,41,delivery,,188.0,,45,,,480,1200,,,md_D_Diesel,-97.18973473321778,30.033408691759163,,,internal
21_B2C19436,B2C_2866292.0,,,5,34,delivery,,194.0,,60,,,480,1200,,,md_D_Diesel,-97.60172861613825,30.031888198674782,,,internal
21_B2C16010,B2C_2866292.0,,,5,72,delivery,,160.0,,67,,,480,1200,,,md_D_Diesel,-97.44144013590875,30.244650965717405,,,internal
21_B2C16921,B2C_2866292.0,,,5,139,delivery,,169.0,,75,,,480,1200,,,md_D_Diesel,-97.39420257594648,30.168119331271445,,,internal
21_B2C19118,B2C_2866292.0,,,5,185,delivery,,191.0,,75,,,480,1200,,,md_D_Diesel,-97.56649344060908,30.07209110222385,,,internal
21_B2C18416,B2C_2879892.0,,,5,82,delivery,,184.0,,45,,,480,1200,,,md_D_Diesel,-97.09192364142324,30.06464656993436,,,internal
21_B2C18501,B2C_2879892.0,,,5,13,delivery,,185.0,,45,,,480,1200,,,md_D_Diesel,-97.16148399128436,29.948559336786342,,,internal
21_B2C17012,B2C_2879892.0,,,5,11,delivery,,170.0,,56,,,480,1200,,,md_D_Diesel,-97.48312702242711,30.102899054898693,,,internal
21_B2C18904,B2C_2879892.0,,,5,79,delivery,,189.0,,60,,,480,1200,,,md_D_Diesel,-97.14461771278322,30.00681351260422,,,internal
21_B2C19510,B2C_2879892.0,,,5,133,delivery,,195.0,,60,,,480,1200,,,md_D_Diesel,-97.49804970311516,29.95075571519733,,,internal
21_B2C16012,B2C_2879892.0,,,5,79,delivery,,160.0,,67,,,480,1200,,,md_D_Diesel,-97.43735032066112,30.28157448945942,,,internal
21_B2C18303,B2C_2879892.0,,,5,152,delivery,,183.0,,75,,,480,1200,,,md_D_Diesel,-97.25245084566191,30.160926812797864,,,internal
21_B2C19101,B2C_2879892.0,,,5,108,delivery,,191.0,,82,,,480,1200,,,md_D_Diesel,-97.57155302354204,30.093955677778474,,,internal
21_B2C18302,B2C_2879892.0,,,5,174,delivery,,183.0,,105,,,480,1200,,,md_D_Diesel,-97.26524261726362,30.157430698907174,,,internal
21_B2C16014,B2C_2866919.0,,,5,6,delivery,,160.0,,15,,,480,1200,,,md_D_Diesel,-97.39734106887053,30.20610273161165,,,internal
21_B2C16110,B2C_2866919.0,,,5,82,delivery,,161.0,,45,,,480,1200,,,md_D_Diesel,-97.32542118115256,30.277120615341317,,,internal
21_B2C18114,B2C_2866919.0,,,5,48,delivery,,181.0,,45,,,480,1200,,,md_D_Diesel,-97.17564857577445,30.134720629103334,,,internal
21_B2C19211,B2C_2866919.0,,,5,102,delivery,,192.0,,52,,,480,1200,,,md_D_Diesel,-97.48487744444319,30.051758216246796,,,internal
21_B2C16615,B2C_2866919.0,,,5,37,delivery,,166.0,,60,,,480,1200,,,md_D_Diesel,-97.3453910454769,30.33567890065701,,,internal
21_B2C19424,B2C_2866919.0,,,5,132,delivery,,194.0,,82,,,480,1200,,,md_D_Diesel,-97.63406563860164,30.06946076335214,,,internal
21_B2C17913,B2C_2866919.0,,,5,110,delivery,,179.0,,90,,,480,1200,,,md_D_Diesel,-97.30509391322104,30.155628796436538,,,internal
21_B2C19417,B2C_2866919.0,,,5,159,delivery,,194.0,,97,,,480,1200,,,md_D_Diesel,-97.56505031607009,30.011607569241306,,,internal
21_B2C16015,B2C_2857131.0,,,5,17,delivery,,160.0,,3,,,480,1200,,,md_D_Diesel,-97.43173215800276,30.210493537624384,,,internal
21_B2C17801,B2C_2857131.0,,,5,28,delivery,,178.0,,9,,,480,1200,,,md_D_Diesel,-97.283671385898,30.17920896568642,,,internal
21_B2C17407,B2C_2857131.0,,,5,123,delivery,,174.0,,30,,,480,1200,,,md_D_Diesel,-97.34540451418984,30.09015611843106,,,internal
21_B2C17839,B2C_2857131.0,,,5,24,delivery,,178.0,,30,,,480,1200,,,md_D_Diesel,-97.28798827374439,30.20832580018105,,,internal
21_B2C17820,B2C_2857131.0,,,5,78,delivery,,178.0,,37,,,480,1200,,,md_D_Diesel,-97.25566364727447,30.246060694101118,,,internal
21_B2C16805,B2C_2857131.0,,,5,74,delivery,,168.0,,45,,,480,1200,,,md_D_Diesel,-97.51233113714301,30.1257091024622,,,internal
21_B2C17411,B2C_2857131.0,,,5,62,delivery,,174.0,,45,,,480,1200,,,md_D_Diesel,-97.34729369694735,30.089439051378978,,,internal
21_B2C18601,B2C_2857131.0,,,5,23,delivery,,186.0,,45,,,480,1200,,,md_D_Diesel,-97.26033941549976,29.94347104273089,,,internal
21_B2C17303,B2C_2857131.0,,,5,48,delivery,,173.0,,48,,,480,1200,,,md_D_Diesel,-97.32542931197399,30.127946767380745,,,internal
21_B2C17507,B2C_2857131.0,,,5,43,delivery,,175.0,,52,,,480,1200,,,md_D_Diesel,-97.32059511558113,30.119252082665724,,,internal
21_B2C18005,B2C_2857131.0,,,5,39,delivery,,180.0,,52,,,480,1200,,,md_D_Diesel,-97.3024401930981,30.17980589424135,,,internal
21_B2C18011,B2C_2857131.0,,,5,67,delivery,,180.0,,52,,,480,1200,,,md_D_Diesel,-97.29606200336212,30.168307340860412,,,internal
21_B2C16601,B2C_2857131.0,,,5,114,delivery,,166.0,,60,,,480,1200,,,md_D_Diesel,-97.35911097083613,30.331830540670698,,,internal
21_B2C17409,B2C_2857131.0,,,5,44,delivery,,174.0,,60,,,480,1200,,,md_D_Diesel,-97.33813903724588,30.08127338613326,,,internal
21_B2C17833,B2C_2857131.0,,,5,60,delivery,,178.0,,60,,,480,1200,,,md_D_Diesel,-97.2890743541148,30.238449018806804,,,internal
21_B2C16702,B2C_2857131.0,,,5,76,delivery,,167.0,,67,,,480,1200,,,md_D_Diesel,-97.35709969765547,30.35983590935339,,,internal
21_B2C17412,B2C_2857131.0,,,5,49,delivery,,174.0,,67,,,480,1200,,,md_D_Diesel,-97.32229116499467,30.088943604617064,,,internal
21_B2C17828,B2C_2857131.0,,,5,69,delivery,,178.0,,75,,,480,1200,,,md_D_Diesel,-97.2222947481608,30.22528869375597,,,internal
21_B2C17809,B2C_2857131.0,,,5,145,delivery,,178.0,,82,,,480,1200,,,md_D_Diesel,-97.27390153484309,30.242344182026343,,,internal
21_B2C17841,B2C_2857131.0,,,5,106,delivery,,178.0,,82,,,480,1200,,,md_D_Diesel,-97.27891077160352,30.25144430592425,,,internal
21_B2C17503,B2C_2857131.0,,,5,132,delivery,,175.0,,97,,,480,1200,,,md_D_Diesel,-97.31410348219119,30.12021979310885,,,internal
21_B2C18130,B2C_2857131.0,,,5,143,delivery,,181.0,,97,,,480,1200,,,md_D_Diesel,-97.19805207359865,30.093606154814942,,,internal
21_B2C17701,B2C_2857133.0,,,5,42,delivery,,177.0,,52,,,480,1200,,,md_D_Diesel,-97.3020827385533,30.071335634323685,,,internal
21_B2C18616,B2C_2857133.0,,,5,43,delivery,,186.0,,52,,,480,1200,,,md_D_Diesel,-97.3062036861675,30.016942279035348,,,internal
21_B2C19013,B2C_2857133.0,,,5,85,delivery,,190.0,,52,,,480,1200,,,md_D_Diesel,-97.16078666453642,30.000125191450056,,,internal
21_B2C16105,B2C_2857133.0,,,5,52,delivery,,161.0,,60,,,480,1200,,,md_D_Diesel,-97.34396826025794,30.297955874537116,,,internal
21_B2C18507,B2C_2857133.0,,,5,66,delivery,,185.0,,60,,,480,1200,,,md_D_Diesel,-97.20037318824257,29.900743296456564,,,internal
21_B2C19326,B2C_2857133.0,,,5,100,delivery,,193.0,,67,,,480,1200,,,md_D_Diesel,-97.58799566716702,30.11954940270215,,,internal
21_B2C16407,B2C_2857133.0,,,5,190,delivery,,164.0,,120,,,480,1200,,,md_D_Diesel,-97.38163930946298,30.34609768166526,,,internal
21_B2C19111,B2C_2879894.0,,,5,64,delivery,,191.0,,45,,,480,1200,,,md_D_Diesel,-97.49588334780877,30.09572280739976,,,internal
21_B2C16430,B2C_2879894.0,,,5,98,delivery,,164.0,,49,,,480,1200,,,md_D_Diesel,-97.39889785795847,30.3439248289688,,,internal
21_B2C16611,B2C_2879894.0,,,5,8,delivery,,166.0,,55,,,480,1200,,,md_D_Diesel,-97.3587556949012,30.325592721654715,,,internal
21_B2C16106,B2C_2879894.0,,,5,116,delivery,,161.0,,75,,,480,1200,,,md_D_Diesel,-97.33942826587405,30.27019249722529,,,internal
21_B2C16703,B2C_2879894.0,,,5,118,delivery,,167.0,,75,,,480,1200,,,md_D_Diesel,-97.3633301642049,30.347218220928077,,,internal
21_B2C17024,B2C_2879894.0,,,5,72,delivery,,170.0,,75,,,480,1200,,,md_D_Diesel,-97.41868646784906,30.11424378893548,,,internal
21_B2C16801,B2C_2857124.0,,,5,78,delivery,,168.0,,52,,,480,1200,,,md_D_Diesel,-97.53669149616307,30.14642271818077,,,internal
21_B2C17005,B2C_2857124.0,,,5,87,delivery,,170.0,,67,,,480,1200,,,md_D_Diesel,-97.4521204832961,30.115454734764732,,,internal
21_B2C18610,B2C_2857124.0,,,5,111,delivery,,186.0,,75,,,480,1200,,,md_D_Diesel,-97.3123810793042,30.013179039805642,,,internal
21_B2C19001,B2C_2857124.0,,,5,150,delivery,,190.0,,75,,,480,1200,,,md_D_Diesel,-97.15434609488042,29.98797427651133,,,internal
21_B2C16112,B2C_2857124.0,,,5,143,delivery,,161.0,,82,,,480,1200,,,md_D_Diesel,-97.29986873942535,30.30484059105267,,,internal
21_B2C16107,B2C_2857124.0,,,5,136,delivery,,161.0,,90,,,480,1200,,,md_D_Diesel,-97.34295182015443,30.284788560235768,,,internal
21_B2C16944,B2C_2857124.0,,,5,53,delivery,,169.0,,90,,,480,1200,,,md_D_Diesel,-97.36183218585953,30.15679812100392,,,internal
21_B2C16113,B2C_2866905.0,,,5,99,delivery,,161.0,,22,,,480,1200,,,md_D_Diesel,-97.35142925119024,30.311666143490903,,,internal
21_B2C19502,B2C_2866905.0,,,5,30,delivery,,195.0,,22,,,480,1200,,,md_D_Diesel,-97.50581088284198,29.94687053973982,,,internal
21_B2C16309,B2C_2866905.0,,,5,53,delivery,,163.0,,30,,,480,1200,,,md_D_Diesel,-97.37100939693649,30.35815728717664,,,internal
21_B2C16413,B2C_2866905.0,,,5,33,delivery,,164.0,,32,,,480,1200,,,md_D_Diesel,-97.39948830357945,30.34522576704724,,,internal
21_B2C16206,B2C_2866905.0,,,5,42,delivery,,162.0,,45,,,480,1200,,,md_D_Diesel,-97.2096996913326,30.284877767365554,,,internal
21_B2C17009,B2C_2866905.0,,,5,72,delivery,,170.0,,45,,,480,1200,,,md_D_Diesel,-97.4688954191344,30.132851384051808,,,internal
21_B2C16927,B2C_2866905.0,,,5,129,delivery,,169.0,,52,,,480,1200,,,md_D_Diesel,-97.46421629728822,30.170080595708555,,,internal
21_B2C16942,B2C_2866905.0,,,5,34,delivery,,169.0,,67,,,480,1200,,,md_D_Diesel,-97.37013514157256,30.128316830976438,,,internal
21_B2C16807,B2C_2866905.0,,,5,85,delivery,,168.0,,75,,,480,1200,,,md_D_Diesel,-97.52172813938512,30.163484900561382,,,internal
21_B2C17103,B2C_2866905.0,,,5,146,delivery,,171.0,,75,,,480,1200,,,md_D_Diesel,-97.4103051703073,30.087538224367183,,,internal
21_B2C18121,B2C_2866905.0,,,5,112,delivery,,181.0,,90,,,480,1200,,,md_D_Diesel,-97.19937876932035,30.157168269388954,,,internal
21_B2C19201,B2C_2866905.0,,,5,106,delivery,,192.0,,90,,,480,1200,,,md_D_Diesel,-97.4925421318831,30.00017802042399,,,internal
21_B2C16937,B2C_2875883.0,,,5,49,delivery,,169.0,,45,,,480,1200,,,md_D_Diesel,-97.38703430311834,30.15471995496942,,,internal
21_B2C16908,B2C_2875883.0,,,5,67,delivery,,169.0,,60,,,480,1200,,,md_D_Diesel,-97.36978460875999,30.143130081710826,,,internal
21_B2C16115,B2C_2875883.0,,,5,52,delivery,,161.0,,67,,,480,1200,,,md_D_Diesel,-97.3555363350975,30.289268352121212,,,internal
21_B2C16933,B2C_2875883.0,,,5,163,delivery,,169.0,,105,,,480,1200,,,md_D_Diesel,-97.34101902023639,30.117791006287,,,internal
21_B2C17002,B2C_2875883.0,,,5,109,delivery,,170.0,,105,,,480,1200,,,md_D_Diesel,-97.47063227743088,30.107910606368264,,,internal
21_B2C18609,B2C_2875886.0,,,5,9,delivery,,186.0,,22,,,480,1200,,,md_D_Diesel,-97.19697768650477,29.98000587445136,,,internal
21_B2C16947,B2C_2875886.0,,,5,95,delivery,,169.0,,37,,,480,1200,,,md_D_Diesel,-97.40397773916122,30.152132286179103,,,internal
21_B2C16117,B2C_2875886.0,,,5,86,delivery,,161.0,,45,,,480,1200,,,md_D_Diesel,-97.34398748359396,30.285960776178896,,,internal
21_B2C17905,B2C_2875886.0,,,5,68,delivery,,179.0,,45,,,480,1200,,,md_D_Diesel,-97.34482582096187,30.180453353294293,,,internal
21_B2C18404,B2C_2875886.0,,,5,94,delivery,,184.0,,45,,,480,1200,,,md_D_Diesel,-97.07097527714596,30.088757833021802,,,internal
21_B2C19103,B2C_2875886.0,,,5,115,delivery,,191.0,,45,,,480,1200,,,md_D_Diesel,-97.55417944487493,30.09291987391387,,,internal
21_B2C18902,B2C_2875886.0,,,5,75,delivery,,189.0,,56,,,480,1200,,,md_D_Diesel,-97.13581677232285,30.004633263006774,,,internal
21_B2C19401,B2C_2875886.0,,,5,39,delivery,,194.0,,67,,,480,1200,,,md_E_Battery Electric,-97.60456808792011,30.089343732860197,,,internal
21_B2C16423,B2C_2875886.0,,,5,113,delivery,,164.0,,75,,,480,1200,,,md_E_Battery Electric,-97.39858660543322,30.344415028453653,,,internal
21_B2C18113,B2C_2875886.0,,,5,86,delivery,,181.0,,75,,,480,1200,,,md_E_Battery Electric,-97.12627196824364,30.164751815688376,,,internal
21_B2C17709,B2C_2875886.0,,,5,118,delivery,,177.0,,97,,,480,1200,,,md_E_Battery Electric,-97.29018202652557,30.065177124261492,,,internal
21_B2C17908,B2C_2875886.0,,,5,45,delivery,,179.0,,97,,,480,1200,,,md_D_Diesel,-97.33562160154477,30.187239995551696,,,internal
21_B2C18613,B2C_2875886.0,,,5,217,delivery,,186.0,,97,,,480,1200,,,md_D_Diesel,-97.28508285864595,30.01461813611949,,,internal
21_B2C19426,B2C_2857119.0,,,5,8,delivery,,194.0,,22,,,480,1200,,,md_D_Diesel,-97.56950677773915,30.03320019164896,,,internal
21_B2C16909,B2C_2857119.0,,,5,161,delivery,,169.0,,37,,,480,1200,,,md_D_Diesel,-97.50073567372552,30.15961180021173,,,internal
21_B2C18704,B2C_2857119.0,,,5,44,delivery,,187.0,,41,,,480,1200,,,md_D_Diesel,-97.14479378936352,30.009824353487815,,,internal
21_B2C16424,B2C_2857119.0,,,5,46,delivery,,164.0,,44,,,480,1200,,,md_D_Diesel,-97.37690954075514,30.348494349674905,,,internal
21_B2C19317,B2C_2857119.0,,,5,59,delivery,,193.0,,45,,,480,1200,,,md_D_Diesel,-97.59757340206554,30.110219953235163,,,internal
21_B2C19405,B2C_2857119.0,,,5,82,delivery,,194.0,,45,,,480,1200,,,md_D_Diesel,-97.62849271121566,30.07205636221675,,,internal
21_B2C16208,B2C_2857119.0,,,5,51,delivery,,162.0,,52,,,480,1200,,,md_D_Diesel,-97.20054801785547,30.2943534834347,,,internal
21_B2C17105,B2C_2857119.0,,,5,51,delivery,,171.0,,52,,,480,1200,,,md_D_Diesel,-97.4606202585905,30.061392298787393,,,internal
21_B2C17111,B2C_2857119.0,,,5,84,delivery,,171.0,,52,,,480,1200,,,md_D_Diesel,-97.41460369274608,30.092138859604702,,,internal
21_B2C19204,B2C_2857119.0,,,5,103,delivery,,192.0,,60,,,480,1200,,,md_D_Diesel,-97.47352555955631,30.035786023257184,,,internal
21_B2C19508,B2C_2857119.0,,,5,156,delivery,,195.0,,60,,,480,1200,,,md_D_Diesel,-97.5475760232516,30.009404753690067,,,internal
21_B2C19415,B2C_2857119.0,,,5,155,delivery,,194.0,,75,,,480,1200,,,md_D_Diesel,-97.54877185924951,30.049456347520735,,,internal
21_B2C16201,B2C_2857119.0,,,5,85,delivery,,162.0,,82,,,480,1200,,,md_D_Diesel,-97.20861447013961,30.2530222629946,,,internal
21_B2C19608,B2C_2879887.0,,,5,1,delivery,,196.0,,3,,,480,1200,,,md_D_Diesel,-97.41864790541064,29.978985229539404,,,internal
21_B2C16202,B2C_2879887.0,,,5,35,delivery,,162.0,,30,,,480,1200,,,md_D_Diesel,-97.21820629003658,30.336012838894998,,,internal
21_B2C17016,B2C_2879887.0,,,5,35,delivery,,170.0,,30,,,480,1200,,,md_D_Diesel,-97.4893988648888,30.105097764316763,,,internal
21_B2C17225,B2C_2879887.0,,,5,19,delivery,,172.0,,37,,,480,1200,,,md_D_Diesel,-97.29760255083478,30.051750998515296,,,internal
21_B2C17227,B2C_2879887.0,,,5,90,delivery,,172.0,,45,,,480,1200,,,md_D_Diesel,-97.37372689217125,30.077106552259544,,,internal
21_B2C16910,B2C_2879887.0,,,5,71,delivery,,169.0,,52,,,480,1200,,,md_D_Diesel,-97.36775574006947,30.13437835721823,,,internal
21_B2C17022,B2C_2879887.0,,,5,27,delivery,,170.0,,52,,,480,1200,,,md_D_Diesel,-97.4433265316631,30.11896869431335,,,internal
21_B2C17209,B2C_2879887.0,,,5,62,delivery,,172.0,,52,,,480,1200,,,md_D_Diesel,-97.35609851507482,30.00578877819303,,,internal
21_B2C19609,B2C_2879887.0,,,5,107,delivery,,196.0,,67,,,480,1200,,,md_D_Diesel,-97.42081024858345,29.931444949519896,,,internal
21_B2C16822,B2C_2879887.0,,,5,134,delivery,,168.0,,105,,,480,1200,,,md_D_Diesel,-97.54964010439447,30.15360147171566,,,internal
21_B2C18115,B2C_2879888.0,,,5,20,delivery,,181.0,,15,,,480,1200,,,md_E_Battery Electric,-97.12018967189876,30.182277390564114,,,internal
21_B2C17228,B2C_2879888.0,,,5,49,delivery,,172.0,,37,,,480,1200,,,md_E_Battery Electric,-97.40376022730382,29.990336882828554,,,internal
21_B2C16204,B2C_2879888.0,,,5,73,delivery,,162.0,,45,,,480,1200,,,md_E_Battery Electric,-97.28117075779119,30.33843669885423,,,internal
21_B2C16919,B2C_2879888.0,,,5,34,delivery,,169.0,,45,,,480,1200,,,md_E_Battery Electric,-97.44421465139438,30.166963019570733,,,internal
21_B2C16511,B2C_2879888.0,,,5,107,delivery,,165.0,,52,,,480,1200,,,md_E_Battery Electric,-97.38189871419526,30.32868191189903,,,internal
21_B2C17207,B2C_2879888.0,,,5,117,delivery,,172.0,,67,,,480,1200,,,md_E_Battery Electric,-97.40952164552098,29.9840232586393,,,internal
21_B2C17208,B2C_2879888.0,,,5,123,delivery,,172.0,,67,,,480,1200,,,md_E_Battery Electric,-97.32874787841791,30.033222210749287,,,internal
21_B2C17108,B2C_2879888.0,,,5,51,delivery,,171.0,,75,,,480,1200,,,md_D_Diesel,-97.48051728120456,30.085517584192946,,,internal
21_B2C17201,B2C_2879888.0,,,5,39,delivery,,172.0,,90,,,480,1200,,,md_D_Diesel,-97.41593711393847,30.00777418973943,,,internal
21_B2C16502,B2C_2879888.0,,,5,137,delivery,,165.0,,97,,,480,1200,,,md_D_Diesel,-97.38490261729903,30.341887718506264,,,internal
21_B2C16310,B2C_2866759.0,,,5,65,delivery,,163.0,,45,,,480,1200,,,md_D_Diesel,-97.38629979693603,30.375983047025997,,,internal
21_B2C16307,B2C_2866759.0,,,5,41,delivery,,163.0,,52,,,480,1200,,,md_D_Diesel,-97.37384191726721,30.359096606398108,,,internal
21_B2C18202,B2C_2866759.0,,,5,104,delivery,,182.0,,67,,,480,1200,,,md_D_Diesel,-97.20541922951003,30.195049762912138,,,internal
21_B2C16207,B2C_2866759.0,,,5,131,delivery,,162.0,,82,,,480,1200,,,md_D_Diesel,-97.2074963945997,30.272404637272725,,,internal
21_B2C17811,B2C_2861705.0,,,5,42,delivery,,178.0,,30,,,480,1200,,,md_D_Diesel,-97.28577222924201,30.249951189670043,,,internal
21_B2C17808,B2C_2861705.0,,,5,56,delivery,,178.0,,37,,,480,1200,,,md_D_Diesel,-97.30039000824885,30.186621544238776,,,internal
21_B2C16412,B2C_2861705.0,,,5,19,delivery,,164.0,,38,,,480,1200,,,md_D_Diesel,-97.4111501681309,30.348877329209536,,,internal
21_B2C16416,B2C_2861705.0,,,5,50,delivery,,164.0,,44,,,480,1200,,,md_D_Diesel,-97.41372225410441,30.344682877231612,,,internal
21_B2C16209,B2C_2861705.0,,,5,57,delivery,,162.0,,60,,,480,1200,,,md_D_Diesel,-97.19546219320131,30.271896563855172,,,internal
21_B2C17911,B2C_2861705.0,,,5,144,delivery,,179.0,,60,,,480,1200,,,md_D_Diesel,-97.31714094147911,30.20294013119603,,,internal
21_B2C18012,B2C_2861705.0,,,5,106,delivery,,180.0,,60,,,480,1200,,,md_D_Diesel,-97.30103150105568,30.17217982251078,,,internal
21_B2C18205,B2C_2861705.0,,,5,104,delivery,,182.0,,60,,,480,1200,,,md_D_Diesel,-97.10538930797948,30.274787634783408,,,internal
21_B2C18013,B2C_2861705.0,,,5,137,delivery,,180.0,,67,,,480,1200,,,md_D_Diesel,-97.30187794672271,30.183770961186802,,,internal
21_B2C16420,B2C_2861705.0,,,5,109,delivery,,164.0,,75,,,480,1200,,,md_D_Diesel,-97.39115058953637,30.342820395161304,,,internal
21_B2C17814,B2C_2861705.0,,,5,59,delivery,,178.0,,75,,,480,1200,,,md_D_Diesel,-97.2699985418958,30.180014212855554,,,internal
21_B2C17832,B2C_2861705.0,,,5,77,delivery,,178.0,,75,,,480,1200,,,md_D_Diesel,-97.28158027555938,30.210502606476123,,,internal
21_B2C17835,B2C_2861705.0,,,5,67,delivery,,178.0,,75,,,480,1200,,,md_D_Diesel,-97.28789717247008,30.296883521526205,,,internal
21_B2C18003,B2C_2861705.0,,,5,86,delivery,,180.0,,82,,,480,1200,,,md_D_Diesel,-97.30692094398943,30.174261652353756,,,internal
21_B2C16210,B2C_2875882.0,,,5,128,delivery,,162.0,,75,,,480,1200,,,md_D_Diesel,-97.2112567634264,30.246065731100394,,,internal
21_B2C16939,B2C_2875882.0,,,5,146,delivery,,169.0,,97,,,480,1200,,,md_D_Diesel,-97.40569904851174,30.13602941596332,,,internal
21_B2C17610,B2C_2866914.0,,,5,35,delivery,,176.0,,30,,,480,1200,,,md_D_Diesel,-97.29836058239466,30.121017972996814,,,internal
21_B2C18109,B2C_2866914.0,,,5,89,delivery,,181.0,,37,,,480,1200,,,md_D_Diesel,-97.26956042379047,30.10979096271165,,,internal
21_B2C16211,B2C_2866914.0,,,5,47,delivery,,162.0,,45,,,480,1200,,,md_D_Diesel,-97.18283760410407,30.315573394784476,,,internal
21_B2C17106,B2C_2866914.0,,,5,26,delivery,,171.0,,45,,,480,1200,,,md_D_Diesel,-97.48405909972837,30.07363953712946,,,internal
21_B2C16812,B2C_2866914.0,,,5,97,delivery,,168.0,,52,,,480,1200,,,md_D_Diesel,-97.51869849264553,30.138752363430736,,,internal
21_B2C19504,B2C_2866914.0,,,5,96,delivery,,195.0,,67,,,480,1200,,,md_D_Diesel,-97.52629905504521,30.005088893816332,,,internal
21_B2C16902,B2C_2866914.0,,,5,121,delivery,,169.0,,90,,,480,1200,,,md_D_Diesel,-97.45426751761,30.13562403700181,,,internal
21_B2C19404,B2C_2866914.0,,,5,122,delivery,,194.0,,90,,,480,1200,,,md_D_Diesel,-97.61909005640831,30.05202407261746,,,internal
21_B2C17708,B2C_2866914.0,,,5,108,delivery,,177.0,,97,,,480,1200,,,md_D_Diesel,-97.28661566263588,30.06921348803838,,,internal
21_B2C19443,B2C_2860895.0,,,5,31,delivery,,194.0,,45,,,480,1200,,,md_D_Diesel,-97.55259739903457,30.037059818978538,,,internal
21_B2C18510,B2C_2860895.0,,,5,106,delivery,,185.0,,52,,,480,1200,,,md_D_Diesel,-97.3530489268789,29.87122188839589,,,internal
21_B2C19102,B2C_2860895.0,,,5,46,delivery,,191.0,,52,,,480,1200,,,md_D_Diesel,-97.55396926732601,30.094093865888148,,,internal
21_B2C19505,B2C_2860895.0,,,5,66,delivery,,195.0,,60,,,480,1200,,,md_D_Diesel,-97.5353752674387,30.00067021583966,,,internal
21_B2C16213,B2C_2860895.0,,,5,37,delivery,,162.0,,67,,,480,1200,,,md_D_Diesel,-97.24485614405312,30.29352422241886,,,internal
21_B2C16823,B2C_2863672.0,,,5,48,delivery,,168.0,,22,,,480,1200,,,md_D_Diesel,-97.5030466317599,30.121080483501263,,,internal
21_B2C16301,B2C_2863672.0,,,5,53,delivery,,163.0,,67,,,480,1200,,,md_D_Diesel,-97.38900994550409,30.38456344122753,,,internal
21_B2C17915,B2C_2863672.0,,,5,103,delivery,,179.0,,82,,,480,1200,,,md_D_Diesel,-97.30429412154332,30.151211150902178,,,internal
21_B2C16903,B2C_2857118.0,,,5,46,delivery,,169.0,,37,,,480,1200,,,md_D_Diesel,-97.41586542846723,30.135115648198422,,,internal
21_B2C16304,B2C_2857118.0,,,5,39,delivery,,163.0,,52,,,480,1200,,,md_D_Diesel,-97.37126567937327,30.371965050138996,,,internal
21_B2C16512,B2C_2857118.0,,,5,55,delivery,,165.0,,75,,,480,1200,,,md_D_Diesel,-97.37802654575442,30.33340206803558,,,internal
21_B2C18502,B2C_2857118.0,,,5,113,delivery,,185.0,,75,,,480,1200,,,md_D_Diesel,-97.33077787909862,29.876428526078666,,,internal
21_B2C18128,B2C_2863674.0,,,5,35,delivery,,181.0,,52,,,480,1200,,,md_D_Diesel,-97.26765296393027,30.098494230474348,,,internal
21_B2C18908,B2C_2863674.0,,,5,87,delivery,,189.0,,56,,,480,1200,,,md_D_Diesel,-97.14665668252346,30.00764496535016,,,internal
21_B2C19004,B2C_2863674.0,,,5,46,delivery,,190.0,,60,,,480,1200,,,md_D_Diesel,-97.16812599739633,30.001463479063585,,,internal
21_B2C16316,B2C_2863674.0,,,5,159,delivery,,163.0,,67,,,480,1200,,,md_D_Diesel,-97.36290936711946,30.380351078984326,,,internal
21_B2C16308,B2C_2863674.0,,,5,73,delivery,,163.0,,75,,,480,1200,,,md_D_Diesel,-97.38762696093812,30.378775086196654,,,internal
21_B2C19006,B2C_2863674.0,,,5,131,delivery,,190.0,,90,,,480,1200,,,md_D_Diesel,-97.17477962669847,30.001497663483494,,,internal
21_B2C16313,B2C_2866915.0,,,5,120,delivery,,163.0,,37,,,480,1200,,,md_D_Diesel,-97.37554403470958,30.392317826302346,,,internal
21_B2C18111,B2C_2866915.0,,,5,96,delivery,,181.0,,37,,,480,1200,,,md_D_Diesel,-97.10315068367235,30.21189118174983,,,internal
21_B2C16507,B2C_2866915.0,,,5,126,delivery,,165.0,,45,,,480,1200,,,md_D_Diesel,-97.37898394757985,30.321249090090788,,,internal
21_B2C16501,B2C_2866915.0,,,5,81,delivery,,165.0,,90,,,480,1200,,,md_D_Diesel,-97.38284522688745,30.33657042555452,,,internal
21_B2C16406,B2C_2875888.0,,,5,52,delivery,,164.0,,44,,,480,1200,,,md_D_Diesel,-97.40019385633934,30.34866296156557,,,internal
21_B2C17705,B2C_2875888.0,,,5,132,delivery,,177.0,,82,,,480,1200,,,md_D_Diesel,-97.29758887927908,30.074597211495156,,,internal
21_B2C19430,B2C_2875888.0,,,5,133,delivery,,194.0,,82,,,480,1200,,,md_D_Diesel,-97.6054707714693,30.04691277869839,,,internal
21_B2C18301,B2C_2857111.0,,,5,12,delivery,,183.0,,22,,,480,1200,,,md_D_Diesel,-97.23279387135295,30.154419293373078,,,internal
21_B2C19612,B2C_2857111.0,,,5,45,delivery,,196.0,,37,,,480,1200,,,md_D_Diesel,-97.39631716274656,29.974597494365238,,,internal
21_B2C19438,B2C_2857111.0,,,5,55,delivery,,194.0,,45,,,480,1200,,,md_D_Diesel,-97.55576186826514,30.025995197389875,,,internal
21_B2C16417,B2C_2857111.0,,,5,142,delivery,,164.0,,59,,,480,1200,,,md_D_Diesel,-97.39342198704796,30.351493796703934,,,internal
21_B2C18116,B2C_2857111.0,,,5,87,delivery,,181.0,,67,,,480,1200,,,md_D_Diesel,-97.1576777664836,30.18508080907217,,,internal
21_B2C16408,B2C_2857111.0,,,5,117,delivery,,164.0,,82,,,480,1200,,,md_D_Diesel,-97.40051032059854,30.358466530658976,,,internal
21_B2C18907,B2C_2866757.0,,,5,59,delivery,,189.0,,33,,,480,1200,,,md_D_Diesel,-97.13764864838957,30.004023560939576,,,internal
21_B2C18808,B2C_2866757.0,,,5,127,delivery,,188.0,,60,,,480,1200,,,md_D_Diesel,-97.17903327325283,30.03842582144996,,,internal
21_B2C16514,B2C_2866757.0,,,5,102,delivery,,165.0,,75,,,480,1200,,,md_D_Diesel,-97.37691592080073,30.326829658490695,,,internal
21_B2C18619,B2C_2866757.0,,,5,88,delivery,,186.0,,75,,,480,1200,,,md_D_Diesel,-97.3166390338495,30.008677236683752,,,internal
21_B2C16410,B2C_2866757.0,,,5,112,delivery,,164.0,,82,,,480,1200,,,md_D_Diesel,-97.37745680096396,30.353002989434824,,,internal
21_B2C17003,B2C_2866293.0,,,5,43,delivery,,170.0,,30,,,480,1200,,,md_D_Diesel,-97.46179569254866,30.136449305608096,,,internal
21_B2C16515,B2C_2866293.0,,,5,29,delivery,,165.0,,37,,,480,1200,,,md_D_Diesel,-97.37615364206526,30.320573985767826,,,internal
21_B2C16411,B2C_2866293.0,,,5,27,delivery,,164.0,,38,,,480,1200,,,md_D_Diesel,-97.38918933173747,30.35380421714225,,,internal
21_B2C17904,B2C_2866293.0,,,5,36,delivery,,179.0,,45,,,480,1200,,,md_D_Diesel,-97.35588707260632,30.142198217607394,,,internal
21_B2C16817,B2C_2866293.0,,,5,86,delivery,,168.0,,52,,,480,1200,,,md_D_Diesel,-97.48172268184169,30.14097027284537,,,internal
21_B2C18801,B2C_2866293.0,,,5,59,delivery,,188.0,,52,,,480,1200,,,md_D_Diesel,-97.18096668699249,30.043691910946258,,,internal
21_B2C16821,B2C_2866293.0,,,5,65,delivery,,168.0,,90,,,480,1200,,,md_D_Diesel,-97.50342645743268,30.1179024673034,,,internal
21_B2C19212,B2C_2863689.0,,,5,50,delivery,,192.0,,22,,,480,1200,,,md_D_Diesel,-97.4568656122515,30.007620097592845,,,internal
21_B2C16613,B2C_2863689.0,,,5,71,delivery,,166.0,,52,,,480,1200,,,md_D_Diesel,-97.36182591376809,30.342736527865732,,,internal
21_B2C18804,B2C_2863689.0,,,5,60,delivery,,188.0,,52,,,480,1200,,,md_D_Diesel,-97.17313287020363,30.034320466515908,,,internal
21_B2C16418,B2C_2863689.0,,,5,142,delivery,,164.0,,59,,,480,1200,,,md_D_Diesel,-97.40340555330839,30.344135614058104,,,internal
21_B2C16707,B2C_2863689.0,,,5,194,delivery,,167.0,,67,,,480,1200,,,md_D_Diesel,-97.36080901217157,30.345013717531085,,,internal
21_B2C17609,B2C_2863689.0,,,5,69,delivery,,176.0,,67,,,480,1200,,,md_D_Diesel,-97.29096824954466,30.138939713759616,,,internal
21_B2C18007,B2C_2863689.0,,,5,64,delivery,,180.0,,75,,,480,1200,,,md_D_Diesel,-97.31364549520171,30.190158876689434,,,internal
21_B2C19321,B2C_2863689.0,,,5,121,delivery,,193.0,,75,,,480,1200,,,md_D_Diesel,-97.54782445904887,30.119114247482003,,,internal
21_B2C18009,B2C_2863689.0,,,5,126,delivery,,180.0,,82,,,480,1200,,,md_D_Diesel,-97.30354198229496,30.1655400157188,,,internal
21_B2C19114,B2C_2863689.0,,,5,129,delivery,,191.0,,90,,,480,1200,,,md_D_Diesel,-97.54063366864634,30.106709755841408,,,internal
21_B2C19441,B2C_2863689.0,,,5,144,delivery,,194.0,,90,,,480,1200,,,md_D_Diesel,-97.58132532629888,30.050696740419944,,,internal
21_B2C18401,B2C_2863676.0,,,5,73,delivery,,184.0,,45,,,480,1200,,,md_D_Diesel,-97.0879916506382,30.02998040517249,,,internal
21_B2C16419,B2C_2863676.0,,,5,88,delivery,,164.0,,54,,,480,1200,,,md_D_Diesel,-97.40182899956599,30.36142077241247,,,internal
21_B2C18611,B2C_2863676.0,,,5,129,delivery,,186.0,,67,,,480,1200,,,md_D_Diesel,-97.39367850031618,29.87934933611015,,,internal
21_B2C18407,B2C_2863676.0,,,5,142,delivery,,184.0,,75,,,480,1200,,,md_D_Diesel,-97.0429786399389,30.11605598432176,,,internal
21_B2C17821,B2C_2861703.0,,,5,33,delivery,,178.0,,30,,,480,1200,,,md_D_Diesel,-97.25882683574402,30.194334275047545,,,internal
21_B2C18221,B2C_2861703.0,,,5,15,delivery,,182.0,,30,,,480,1200,,,md_D_Diesel,-97.15709669601257,30.21679540786044,,,internal
21_B2C17310,B2C_2861703.0,,,5,20,delivery,,173.0,,38,,,480,1200,,,md_D_Diesel,-97.32483767134553,30.123178952876415,,,internal
21_B2C17305,B2C_2861703.0,,,5,29,delivery,,173.0,,45,,,480,1200,,,md_D_Diesel,-97.3250993981988,30.142102997015794,,,internal
21_B2C16428,B2C_2861703.0,,,5,43,delivery,,164.0,,49,,,480,1200,,,md_D_Diesel,-97.37774077388694,30.349436017330802,,,internal
21_B2C17505,B2C_2861703.0,,,5,65,delivery,,175.0,,52,,,480,1200,,,md_D_Diesel,-97.31782576743205,30.11525378536202,,,internal
21_B2C18207,B2C_2861703.0,,,5,111,delivery,,182.0,,52,,,480,1200,,,md_D_Diesel,-97.07655054982348,30.229450241424363,,,internal
21_B2C19105,B2C_2861703.0,,,5,80,delivery,,191.0,,52,,,480,1200,,,md_D_Diesel,-97.57043566572072,30.099962686666185,,,internal
21_B2C19507,B2C_2861703.0,,,5,40,delivery,,195.0,,52,,,480,1200,,,md_D_Diesel,-97.53458611384836,30.013265827720858,,,internal
21_B2C17302,B2C_2861703.0,,,5,45,delivery,,173.0,,57,,,480,1200,,,md_D_Diesel,-97.31325900938499,30.127350623764958,,,internal
21_B2C16607,B2C_2861703.0,,,5,57,delivery,,166.0,,60,,,480,1200,,,md_D_Diesel,-97.35608882639355,30.323992831138128,,,internal
21_B2C17414,B2C_2861703.0,,,5,56,delivery,,174.0,,60,,,480,1200,,,md_D_Diesel,-97.33233276465742,30.080379491296156,,,internal
21_B2C17501,B2C_2861703.0,,,5,28,delivery,,175.0,,60,,,480,1200,,,md_D_Diesel,-97.3234261956857,30.11122962241302,,,internal
21_B2C17834,B2C_2861703.0,,,5,75,delivery,,178.0,,60,,,480,1200,,,md_D_Diesel,-97.21564562081807,30.2155970185795,,,internal
21_B2C17803,B2C_2861703.0,,,5,46,delivery,,178.0,,67,,,480,1200,,,md_D_Diesel,-97.28386215196424,30.18009930599173,,,internal
21_B2C19015,B2C_2861703.0,,,5,55,delivery,,190.0,,67,,,480,1200,,,md_D_Diesel,-97.15509199215226,29.997304579507734,,,internal
21_B2C17406,B2C_2861703.0,,,5,169,delivery,,174.0,,75,,,480,1200,,,md_D_Diesel,-97.34401271126346,30.106712523394574,,,internal
21_B2C17813,B2C_2861703.0,,,5,155,delivery,,178.0,,97,,,480,1200,,,md_D_Diesel,-97.30591478043796,30.247282661538193,,,internal
21_B2C17817,B2C_2861703.0,,,5,106,delivery,,178.0,,112,,,480,1200,,,md_D_Diesel,-97.27549621727323,30.295463440359462,,,internal
21_B2C19109,B2C_2857114.0,,,5,52,delivery,,191.0,,30,,,480,1200,,,md_D_Diesel,-97.58826553544809,30.104849100395302,,,internal
21_B2C16503,B2C_2857114.0,,,5,72,delivery,,165.0,,52,,,480,1200,,,md_D_Diesel,-97.38190818545615,30.336075781844773,,,internal
21_B2C17902,B2C_2857114.0,,,5,64,delivery,,179.0,,52,,,480,1200,,,md_D_Diesel,-97.32832730204339,30.258329326926,,,internal
21_B2C17914,B2C_2857114.0,,,5,66,delivery,,179.0,,60,,,480,1200,,,md_D_Diesel,-97.32626043725698,30.244705203796617,,,internal
21_B2C16504,B2C_2857114.0,,,5,102,delivery,,165.0,,67,,,480,1200,,,md_D_Diesel,-97.3868920839755,30.338558036527417,,,internal
21_B2C19115,B2C_2857114.0,,,5,52,delivery,,191.0,,82,,,480,1200,,,md_D_Diesel,-97.56638625409056,30.092488855261404,,,internal
21_B2C17017,B2C_2857114.0,,,5,47,delivery,,170.0,,90,,,480,1200,,,md_D_Diesel,-97.44914243149393,30.121312398445347,,,internal
21_B2C16509,B2C_2866706.0,,,5,103,delivery,,165.0,,60,,,480,1200,,,md_D_Diesel,-97.37368957914038,30.33666312750174,,,internal
21_B2C19306,B2C_2866706.0,,,5,123,delivery,,193.0,,60,,,480,1200,,,md_D_Diesel,-97.5951879304929,30.108530462258617,,,internal
21_B2C18313,B2C_2866706.0,,,5,93,delivery,,183.0,,67,,,480,1200,,,md_D_Diesel,-97.2275340528228,30.151698417623155,,,internal
21_B2C19319,B2C_2866706.0,,,5,96,delivery,,193.0,,75,,,480,1200,,,md_D_Diesel,-97.59665840242981,30.103537632351877,,,internal
21_B2C16941,B2C_2857112.0,,,5,34,delivery,,169.0,,22,,,480,1200,,,md_D_Diesel,-97.44347822782268,30.17672758873194,,,internal
21_B2C16605,B2C_2857112.0,,,5,70,delivery,,166.0,,52,,,480,1200,,,md_D_Diesel,-97.35542479908298,30.341203824548455,,,internal
21_B2C18223,B2C_2857112.0,,,5,49,delivery,,182.0,,67,,,480,1200,,,md_D_Diesel,-97.11810899734498,30.274840504098798,,,internal
21_B2C16950,B2C_2857112.0,,,5,141,delivery,,169.0,,75,,,480,1200,,,md_D_Diesel,-97.50174168499434,30.176272068302055,,,internal
21_B2C18703,B2C_2857109.0,,,5,60,delivery,,187.0,,46,,,480,1200,,,md_D_Diesel,-97.1529409122613,30.013558155956353,,,internal
21_B2C17718,B2C_2857109.0,,,5,86,delivery,,177.0,,52,,,480,1200,,,md_D_Diesel,-97.28954706457385,30.097936982593268,,,internal
21_B2C18604,B2C_2857109.0,,,5,167,delivery,,186.0,,52,,,480,1200,,,md_D_Diesel,-97.34578838317725,29.927466631300625,,,internal
21_B2C19323,B2C_2857109.0,,,5,96,delivery,,193.0,,60,,,480,1200,,,md_D_Diesel,-97.54350347602373,30.128445842889732,,,internal
21_B2C19408,B2C_2857109.0,,,5,64,delivery,,194.0,,60,,,480,1200,,,md_D_Diesel,-97.57457722803315,30.06484692674143,,,internal
21_B2C16608,B2C_2857109.0,,,5,104,delivery,,166.0,,97,,,480,1200,,,md_D_Diesel,-97.35560501217218,30.33514093272403,,,internal
21_B2C19610,B2C_2857122.0,,,5,6,delivery,,196.0,,22,,,480,1200,,,md_D_Diesel,-97.45428330036788,29.93576755779605,,,internal
21_B2C19209,B2C_2857122.0,,,5,23,delivery,,192.0,,30,,,480,1200,,,md_D_Diesel,-97.4502901197317,30.017887616673463,,,internal
21_B2C17707,B2C_2857122.0,,,5,56,delivery,,177.0,,37,,,480,1200,,,md_D_Diesel,-97.2747432295426,30.093633849821085,,,internal
21_B2C19407,B2C_2857122.0,,,5,37,delivery,,194.0,,45,,,480,1200,,,md_D_Diesel,-97.59960548838686,30.087701435129027,,,internal
21_B2C19411,B2C_2857122.0,,,5,83,delivery,,194.0,,45,,,480,1200,,,md_D_Diesel,-97.54751793056866,30.03157130605562,,,internal
21_B2C19439,B2C_2857122.0,,,5,45,delivery,,194.0,,45,,,480,1200,,,md_D_Diesel,-97.6224096964563,30.087061801433858,,,internal
21_B2C19428,B2C_2857122.0,,,5,95,delivery,,194.0,,60,,,480,1200,,,md_D_Diesel,-97.60814772504163,30.08435593246064,,,internal
21_B2C16706,B2C_2857122.0,,,5,53,delivery,,167.0,,67,,,480,1200,,,md_D_Diesel,-97.36273067511705,30.357318628558275,,,internal
21_B2C18105,B2C_2857122.0,,,5,191,delivery,,181.0,,82,,,480,1200,,,md_D_Diesel,-97.23764439625438,30.02293976710113,,,internal
21_B2C16948,B2C_2857122.0,,,5,216,delivery,,169.0,,105,,,480,1200,,,md_D_Diesel,-97.43725821963685,30.12952852487804,,,internal
21_B2C18606,B2C_2866910.0,,,5,36,delivery,,186.0,,45,,,480,1200,,,md_D_Diesel,-97.24772786812242,30.004414439637674,,,internal
21_B2C19003,B2C_2866910.0,,,5,118,delivery,,190.0,,45,,,480,1200,,,md_D_Diesel,-97.17585054260452,29.997509193022807,,,internal
21_B2C16806,B2C_2866910.0,,,5,62,delivery,,168.0,,52,,,480,1200,,,md_D_Diesel,-97.50501621561355,30.106537696977544,,,internal
21_B2C17027,B2C_2866910.0,,,5,65,delivery,,170.0,,52,,,480,1200,,,md_D_Diesel,-97.46020927438084,30.11475453905516,,,internal
21_B2C18227,B2C_2866910.0,,,5,78,delivery,,182.0,,52,,,480,1200,,,md_D_Diesel,-97.15740797857681,30.268167660517005,,,internal
21_B2C19304,B2C_2866910.0,,,5,90,delivery,,193.0,,67,,,480,1200,,,md_D_Diesel,-97.5374431735217,30.115172552079084,,,internal
21_B2C19516,B2C_2866910.0,,,5,81,delivery,,195.0,,75,,,480,1200,,,md_D_Diesel,-97.51135803458028,29.998392316869392,,,internal
21_B2C19517,B2C_2879893.0,,,5,9,delivery,,195.0,,22,,,480,1200,,,md_D_Diesel,-97.54868600501031,29.994689793772668,,,internal
21_B2C16808,B2C_2879893.0,,,5,87,delivery,,168.0,,45,,,480,1200,,,md_D_Diesel,-97.54298824067989,30.160962171846727,,,internal
21_B2C18217,B2C_2879893.0,,,5,77,delivery,,182.0,,45,,,480,1200,,,md_D_Diesel,-97.20615327610079,30.23123622829182,,,internal
21_B2C19213,B2C_2879893.0,,,5,55,delivery,,192.0,,52,,,480,1200,,,md_D_Diesel,-97.53035457224301,30.01644795201084,,,internal
21_B2C19309,B2C_2879893.0,,,5,192,delivery,,193.0,,75,,,480,1200,,,md_D_Diesel,-97.51712449091409,30.109290687685444,,,internal
21_B2C19113,B2C_2879893.0,,,5,100,delivery,,191.0,,97,,,480,1200,,,md_D_Diesel,-97.57977940681793,30.08652579574327,,,internal
21_B2C17010,B2C_2866913.0,,,5,1,delivery,,170.0,,2,,,480,1200,,,md_D_Diesel,-97.4410863453428,30.108674834617396,,,internal
21_B2C18620,B2C_2866913.0,,,5,17,delivery,,186.0,,37,,,480,1200,,,md_D_Diesel,-97.40536623122506,29.889821070636614,,,internal
21_B2C19009,B2C_2866913.0,,,5,78,delivery,,190.0,,45,,,480,1200,,,md_D_Diesel,-97.16458743644083,29.989542273959064,,,internal
21_B2C19116,B2C_2866913.0,,,5,38,delivery,,191.0,,45,,,480,1200,,,md_D_Diesel,-97.49294956758676,30.09704626323373,,,internal
21_B2C18612,B2C_2866913.0,,,5,34,delivery,,186.0,,52,,,480,1200,,,md_D_Diesel,-97.29738282263475,29.976484861416875,,,internal
21_B2C19210,B2C_2866913.0,,,5,65,delivery,,192.0,,52,,,480,1200,,,md_D_Diesel,-97.52370492478936,30.01338672748543,,,internal
21_B2C16809,B2C_2866913.0,,,5,188,delivery,,168.0,,60,,,480,1200,,,md_D_Diesel,-97.4958296919564,30.1343350566349,,,internal
21_B2C18412,B2C_2866913.0,,,5,85,delivery,,184.0,,60,,,480,1200,,,md_D_Diesel,-97.14071264589832,30.042538709754755,,,internal
21_B2C18411,B2C_2866913.0,,,5,152,delivery,,184.0,,82,,,480,1200,,,md_D_Diesel,-97.15346461912455,30.107991938394687,,,internal
21_B2C16816,B2C_2866913.0,,,5,173,delivery,,168.0,,90,,,480,1200,,,md_D_Diesel,-97.52711313301336,30.15380412351118,,,internal
21_B2C16935,B2C_2866913.0,,,5,99,delivery,,169.0,,97,,,480,1200,,,md_D_Diesel,-97.39341286567488,30.176008621264476,,,internal
21_B2C16813,B2C_2866908.0,,,5,80,delivery,,168.0,,60,,,480,1200,,,md_D_Diesel,-97.48290132756462,30.145364441113912,,,internal
21_B2C18702,B2C_2866908.0,,,5,59,delivery,,187.0,,75,,,480,1200,,,md_D_Diesel,-97.15338138957284,30.010131368260502,,,internal
21_B2C18414,B2C_2878180.0,,,5,31,delivery,,184.0,,30,,,480,1200,,,md_D_Diesel,-97.04735624374635,30.052674751789937,,,internal
21_B2C18901,B2C_2878180.0,,,5,106,delivery,,189.0,,56,,,480,1200,,,md_D_Diesel,-97.14909095630242,30.00503757245398,,,internal
21_B2C19328,B2C_2878180.0,,,5,102,delivery,,193.0,,60,,,480,1200,,,md_D_Diesel,-97.52659333738777,30.11713941931358,,,internal
21_B2C16815,B2C_2878180.0,,,5,81,delivery,,168.0,,67,,,480,1200,,,md_D_Diesel,-97.52139577101038,30.164449968950752,,,internal
21_B2C17115,B2C_2878180.0,,,5,108,delivery,,171.0,,75,,,480,1200,,,md_D_Diesel,-97.42709763563165,30.03358482831835,,,internal
21_B2C17008,B2C_2878180.0,,,5,100,delivery,,170.0,,97,,,480,1200,,,md_D_Diesel,-97.47123220879746,30.12094893831865,,,internal
21_B2C18212,B2C_2857121.0,,,5,19,delivery,,182.0,,22,,,480,1200,,,md_D_Diesel,-97.16109921571568,30.226310658958127,,,internal
21_B2C16819,B2C_2857121.0,,,5,52,delivery,,168.0,,37,,,480,1200,,,md_D_Diesel,-97.52998300394964,30.151707275528572,,,internal
21_B2C19511,B2C_2857121.0,,,5,80,delivery,,195.0,,45,,,480,1200,,,md_D_Diesel,-97.49399930068887,29.983012829675626,,,internal
21_B2C19104,B2C_2857121.0,,,5,85,delivery,,191.0,,67,,,480,1200,,,md_D_Diesel,-97.51320312671788,30.08607939695265,,,internal
21_B2C18225,B2C_2857121.0,,,5,56,delivery,,182.0,,82,,,480,1200,,,md_D_Diesel,-97.10860203849249,30.26930583882134,,,internal
21_B2C16917,B2C_2875887.0,,,5,141,delivery,,169.0,,52,,,480,1200,,,md_D_Diesel,-97.49827718195237,30.20450050521083,,,internal
21_B2C16820,B2C_2875887.0,,,5,67,delivery,,168.0,,75,,,480,1200,,,md_D_Diesel,-97.53414424769092,30.13845688489832,,,internal
21_B2C17612,B2C_2857128.0,,,5,172,delivery,,176.0,,60,,,480,1200,,,md_D_Diesel,-97.30095428378011,30.088491046751695,,,internal
21_B2C19427,B2C_2857128.0,,,5,47,delivery,,194.0,,60,,,480,1200,,,md_D_Diesel,-97.5488445649238,30.028936890407568,,,internal
21_B2C16905,B2C_2857128.0,,,5,67,delivery,,169.0,,67,,,480,1200,,,md_D_Diesel,-97.46981650554132,30.150788304255624,,,internal
21_B2C19429,B2C_2857128.0,,,5,151,delivery,,194.0,,67,,,480,1200,,,md_D_Diesel,-97.61503994872429,30.07475180332696,,,internal
21_B2C17704,B2C_2866909.0,,,5,112,delivery,,177.0,,60,,,480,1200,,,md_D_Diesel,-97.29565511332916,30.07074197099702,,,internal
21_B2C16906,B2C_2866909.0,,,5,78,delivery,,169.0,,67,,,480,1200,,,md_D_Diesel,-97.45312639656682,30.133732182134924,,,internal
21_B2C17716,B2C_2879891.0,,,5,82,delivery,,177.0,,40,,,480,1200,,,md_D_Diesel,-97.28808198234024,30.091342954679035,,,internal
21_B2C19418,B2C_2879891.0,,,5,29,delivery,,194.0,,67,,,480,1200,,,md_D_Diesel,-97.62886677369569,30.08124201195269,,,internal
21_B2C16911,B2C_2879891.0,,,5,28,delivery,,169.0,,75,,,480,1200,,,md_D_Diesel,-97.42142624508664,30.145220412891003,,,internal
21_B2C17607,B2C_2879891.0,,,5,123,delivery,,176.0,,75,,,480,1200,,,md_D_Diesel,-97.30326128454003,30.12986644504502,,,internal
21_B2C19410,B2C_2879891.0,,,5,156,delivery,,194.0,,97,,,480,1200,,,md_D_Diesel,-97.58031260772037,30.065521125415234,,,internal
21_B2C18602,B2C_2857116.0,,,5,13,delivery,,186.0,,45,,,480,1200,,,md_D_Diesel,-97.20683742457821,29.966735248508165,,,internal
21_B2C19205,B2C_2857116.0,,,5,103,delivery,,192.0,,67,,,480,1200,,,md_D_Diesel,-97.53796458584723,30.029284341169838,,,internal
21_B2C16914,B2C_2857116.0,,,5,72,delivery,,169.0,,75,,,480,1200,,,md_D_Diesel,-97.3870725846695,30.15888082813224,,,internal
21_B2C18406,B2C_2857116.0,,,5,240,delivery,,184.0,,105,,,480,1200,,,md_D_Diesel,-97.06740537963917,30.056554835842665,,,internal
21_B2C18126,B2C_2875884.0,,,5,17,delivery,,181.0,,22,,,480,1200,,,md_D_Diesel,-97.19536490636426,30.14793503575087,,,internal
21_B2C18417,B2C_2875884.0,,,5,13,delivery,,184.0,,30,,,480,1200,,,md_D_Diesel,-97.1188311229574,29.994449570399084,,,internal
21_B2C18129,B2C_2875884.0,,,5,108,delivery,,181.0,,67,,,480,1200,,,md_D_Diesel,-97.08980959631464,30.223337227435728,,,internal
21_B2C19412,B2C_2875884.0,,,5,71,delivery,,194.0,,67,,,480,1200,,,md_D_Diesel,-97.57552132139186,30.05221982466811,,,internal
21_B2C16920,B2C_2875884.0,,,5,104,delivery,,169.0,,75,,,480,1200,,,md_D_Diesel,-97.44949152657632,30.16806832445378,,,internal
21_B2C16922,B2C_2861704.0,,,5,33,delivery,,169.0,,22,,,480,1200,,,md_D_Diesel,-97.44712767290811,30.16393575337679,,,internal
21_B2C17004,B2C_2861704.0,,,5,14,delivery,,170.0,,37,,,480,1200,,,md_D_Diesel,-97.47777470530991,30.101935307708025,,,internal
21_B2C19432,B2C_2861704.0,,,5,94,delivery,,194.0,,37,,,480,1200,,,md_D_Diesel,-97.55407919502231,30.026208400439447,,,internal
21_B2C19327,B2C_2861704.0,,,5,18,delivery,,193.0,,43,,,480,1200,,,md_D_Diesel,-97.55573190968789,30.135346543392927,,,internal
21_B2C16923,B2C_2861704.0,,,5,52,delivery,,169.0,,45,,,480,1200,,,md_D_Diesel,-97.40076990370589,30.161297475222508,,,internal
21_B2C19203,B2C_2861704.0,,,5,40,delivery,,192.0,,45,,,480,1200,,,md_D_Diesel,-97.45339972915461,30.019195684733067,,,internal
21_B2C18107,B2C_2861704.0,,,5,70,delivery,,181.0,,52,,,480,1200,,,md_D_Diesel,-97.06235375775677,30.147056120859393,,,internal
21_B2C17113,B2C_2861704.0,,,5,29,delivery,,171.0,,67,,,480,1200,,,md_D_Diesel,-97.41085104475809,30.108305008558716,,,internal
21_B2C17910,B2C_2857120.0,,,5,35,delivery,,179.0,,37,,,480,1200,,,md_D_Diesel,-97.34263136740115,30.15805670593842,,,internal
21_B2C17502,B2C_2857120.0,,,5,12,delivery,,175.0,,41,,,480,1200,,,md_D_Diesel,-97.34137319828992,30.122729703464287,,,internal
21_B2C16931,B2C_2857120.0,,,5,38,delivery,,169.0,,45,,,480,1200,,,md_D_Diesel,-97.39432086478683,30.187014328423544,,,internal
21_B2C19615,B2C_2857120.0,,,5,31,delivery,,196.0,,52,,,480,1200,,,md_D_Diesel,-97.35964481874882,29.95022762516163,,,internal
21_B2C17510,B2C_2857120.0,,,5,113,delivery,,175.0,,67,,,480,1200,,,md_D_Diesel,-97.32789584916105,30.1166780464062,,,internal
21_B2C18120,B2C_2857120.0,,,5,180,delivery,,181.0,,75,,,480,1200,,,md_D_Diesel,-97.18979534004792,30.157191017295876,,,internal
21_B2C16946,B2C_2866295.0,,,5,110,delivery,,169.0,,37,,,480,1200,,,md_D_Diesel,-97.37279224363886,30.128073694448148,,,internal
21_B2C18506,B2C_2866295.0,,,5,30,delivery,,185.0,,52,,,480,1200,,,md_D_Diesel,-97.25887570956144,29.880362086580412,,,internal
21_B2C17018,B2C_2857134.0,,,5,27,delivery,,170.0,,37,,,480,1200,,,md_D_Diesel,-97.4681427570088,30.123555396326584,,,internal
21_B2C19414,B2C_2857134.0,,,5,59,delivery,,194.0,,60,,,480,1200,,,md_D_Diesel,-97.5734139863414,30.041306217823344,,,internal
21_B2C17001,B2C_2857134.0,,,5,148,delivery,,170.0,,82,,,480,1200,,,md_D_Diesel,-97.44897936308662,30.12767008427178,,,internal
21_B2C18226,B2C_2863686.0,,,5,24,delivery,,182.0,,22,,,480,1200,,,md_D_Diesel,-97.10439615677777,30.232189968981412,,,internal
21_B2C18402,B2C_2863686.0,,,5,17,delivery,,184.0,,22,,,480,1200,,,md_D_Diesel,-97.0534567575236,30.084854929108168,,,internal
21_B2C17013,B2C_2863686.0,,,5,37,delivery,,170.0,,37,,,480,1200,,,md_D_Diesel,-97.44657884718286,30.128839860158635,,,internal
21_B2C18307,B2C_2863686.0,,,5,97,delivery,,183.0,,45,,,480,1200,,,md_D_Diesel,-97.29210151387126,30.147981583182748,,,internal
21_B2C18308,B2C_2863686.0,,,5,42,delivery,,183.0,,52,,,480,1200,,,md_D_Diesel,-97.29350969981829,30.15431583361916,,,internal
21_B2C17712,B2C_2863686.0,,,5,81,delivery,,177.0,,60,,,480,1200,,,md_D_Diesel,-97.28872769038122,30.06842362402157,,,internal
21_B2C19434,B2C_2863686.0,,,5,79,delivery,,194.0,,67,,,480,1200,,,md_D_Diesel,-97.61901169188782,30.047376766348656,,,internal
21_B2C18410,B2C_2857115.0,,,5,135,delivery,,184.0,,60,,,480,1200,,,md_D_Diesel,-97.15713749796038,30.1158970332088,,,internal
21_B2C17014,B2C_2857115.0,,,5,123,delivery,,170.0,,75,,,480,1200,,,md_D_Diesel,-97.48493276298683,30.105826539704537,,,internal
21_B2C18209,B2C_2879889.0,,,5,52,delivery,,182.0,,45,,,480,1200,,,md_D_Diesel,-97.19947263041125,30.182216109476062,,,internal
21_B2C17015,B2C_2879889.0,,,5,102,delivery,,170.0,,52,,,480,1200,,,md_D_Diesel,-97.47693071143891,30.11964811592433,,,internal
21_B2C19107,B2C_2879889.0,,,5,85,delivery,,191.0,,52,,,480,1200,,,md_D_Diesel,-97.5482874913137,30.100634255333908,,,internal
21_B2C19602,B2C_2879889.0,,,5,163,delivery,,196.0,,60,,,480,1200,,,md_D_Diesel,-97.38750264952242,29.96723337062403,,,internal
21_B2C18708,B2C_2879889.0,,,5,144,delivery,,187.0,,82,,,480,1200,,,md_D_Diesel,-97.14560575034137,30.012716822482,,,internal
21_B2C18617,B2C_2879882.0,,,5,3,delivery,,186.0,,22,,,480,1200,,,md_D_Diesel,-97.23124904510514,30.015370010020522,,,internal
21_B2C19419,B2C_2879882.0,,,5,26,delivery,,194.0,,30,,,480,1200,,,md_D_Diesel,-97.60747129621379,30.073004192604373,,,internal
21_B2C18701,B2C_2879882.0,,,5,38,delivery,,187.0,,50,,,480,1200,,,md_D_Diesel,-97.14308276978149,30.009281961263763,,,internal
21_B2C17028,B2C_2879882.0,,,5,122,delivery,,170.0,,52,,,480,1200,,,md_D_Diesel,-97.45285297285581,30.121995443577152,,,internal
21_B2C17221,B2C_2879882.0,,,5,58,delivery,,172.0,,52,,,480,1200,,,md_D_Diesel,-97.37909792899,30.040974950694082,,,internal
21_B2C19117,B2C_2879882.0,,,5,74,delivery,,191.0,,52,,,480,1200,,,md_D_Diesel,-97.51052531291892,30.086054889146105,,,internal
21_B2C17232,B2C_2879882.0,,,5,81,delivery,,172.0,,60,,,480,1200,,,md_D_Diesel,-97.37494265238402,30.077537131359882,,,internal
21_B2C17202,B2C_2879882.0,,,5,115,delivery,,172.0,,75,,,480,1200,,,md_D_Diesel,-97.33915815225046,30.01249482712529,,,internal
21_B2C17205,B2C_2879882.0,,,5,62,delivery,,172.0,,75,,,480,1200,,,md_D_Diesel,-97.38313387379738,30.03462873455831,,,internal
21_B2C19305,B2C_2879882.0,,,5,65,delivery,,193.0,,97,,,480,1200,,,md_D_Diesel,-97.60122990151986,30.105880220362632,,,internal
21_B2C17818,B2C_2863688.0,,,5,47,delivery,,178.0,,22,,,480,1200,,,md_D_Diesel,-97.21548273634689,30.21642271410546,,,internal
21_B2C17806,B2C_2863688.0,,,5,57,delivery,,178.0,,37,,,480,1200,,,md_D_Diesel,-97.29397722126367,30.22202907419657,,,internal
21_B2C17901,B2C_2863688.0,,,5,85,delivery,,179.0,,37,,,480,1200,,,md_D_Diesel,-97.33761314376119,30.216135747728227,,,internal
21_B2C17511,B2C_2863688.0,,,5,57,delivery,,175.0,,47,,,480,1200,,,md_D_Diesel,-97.32100086927119,30.11370547887981,,,internal
21_B2C17836,B2C_2863688.0,,,5,101,delivery,,178.0,,52,,,480,1200,,,md_D_Diesel,-97.28558310299705,30.247782406425653,,,internal
21_B2C17301,B2C_2863688.0,,,5,65,delivery,,173.0,,57,,,480,1200,,,md_D_Diesel,-97.3163721136844,30.124260274934606,,,internal
21_B2C17711,B2C_2863688.0,,,5,32,delivery,,177.0,,59,,,480,1200,,,md_D_Diesel,-97.31232554801208,30.085065968180285,,,internal
21_B2C17235,B2C_2863688.0,,,5,124,delivery,,172.0,,60,,,480,1200,,,md_D_Diesel,-97.3714252950455,30.00680087756365,,,internal
21_B2C18204,B2C_2863688.0,,,5,124,delivery,,182.0,,60,,,480,1200,,,md_D_Diesel,-97.19680902701332,30.184804689929834,,,internal
21_B2C17206,B2C_2863688.0,,,5,75,delivery,,172.0,,67,,,480,1200,,,md_D_Diesel,-97.42074257288465,30.008538092871632,,,internal
21_B2C17402,B2C_2863688.0,,,5,61,delivery,,174.0,,67,,,480,1200,,,md_D_Diesel,-97.32366797772514,30.08287060548317,,,internal
21_B2C17602,B2C_2863688.0,,,5,118,delivery,,176.0,,67,,,480,1200,,,md_D_Diesel,-97.2875639994493,30.116303144041165,,,internal
21_B2C17229,B2C_2863688.0,,,5,133,delivery,,172.0,,75,,,480,1200,,,md_D_Diesel,-97.38117506108011,30.05685983968061,,,internal
21_B2C17220,B2C_2863688.0,,,5,41,delivery,,172.0,,82,,,480,1200,,,md_D_Diesel,-97.36545332489021,29.981960720390354,,,internal
21_B2C17816,B2C_2863688.0,,,5,114,delivery,,178.0,,97,,,480,1200,,,md_D_Diesel,-97.2285156470417,30.18609351400958,,,internal
21_B2C17212,B2C_2857853.0,,,5,27,delivery,,172.0,,30,,,480,1200,,,md_D_Diesel,-97.3924366301628,30.010687073382943,,,internal
21_B2C17223,B2C_2857853.0,,,5,54,delivery,,172.0,,30,,,480,1200,,,md_D_Diesel,-97.36105750520474,30.100610424231736,,,internal
21_B2C17215,B2C_2857853.0,,,5,59,delivery,,172.0,,45,,,480,1200,,,md_D_Diesel,-97.40637074149868,29.993194080769175,,,internal
21_B2C17216,B2C_2857853.0,,,5,63,delivery,,172.0,,45,,,480,1200,,,md_D_Diesel,-97.2893324982765,30.032305553593737,,,internal
21_B2C17218,B2C_2857853.0,,,5,80,delivery,,172.0,,45,,,480,1200,,,md_D_Diesel,-97.28029687321673,30.04336599038271,,,internal
21_B2C17222,B2C_2857853.0,,,5,24,delivery,,172.0,,45,,,480,1200,,,md_D_Diesel,-97.34922361344168,30.03590373577277,,,internal
21_B2C17508,B2C_2857853.0,,,5,51,delivery,,175.0,,47,,,480,1200,,,md_D_Diesel,-97.31584291494796,30.11386675147548,,,internal
21_B2C17219,B2C_2857853.0,,,5,44,delivery,,172.0,,52,,,480,1200,,,md_D_Diesel,-97.30812658099414,30.054452009923175,,,internal
21_B2C17234,B2C_2857853.0,,,5,86,delivery,,172.0,,52,,,480,1200,,,md_D_Diesel,-97.35204325972609,30.101909159392253,,,internal
21_B2C17401,B2C_2857853.0,,,5,77,delivery,,174.0,,52,,,480,1200,,,md_D_Diesel,-97.33644640120292,30.09308008642287,,,internal
21_B2C17805,B2C_2857853.0,,,5,75,delivery,,178.0,,52,,,480,1200,,,md_D_Diesel,-97.23783389952585,30.25132388985718,,,internal
21_B2C17405,B2C_2857853.0,,,5,51,delivery,,174.0,,53,,,480,1200,,,md_D_Diesel,-97.33606021804103,30.080038486370263,,,internal
21_B2C17211,B2C_2857853.0,,,5,43,delivery,,172.0,,60,,,480,1200,,,md_D_Diesel,-97.42240661563041,29.995987605633225,,,internal
21_B2C17217,B2C_2857853.0,,,5,55,delivery,,172.0,,67,,,480,1200,,,md_D_Diesel,-97.28784314109517,30.041824392588104,,,internal
21_B2C17224,B2C_2857853.0,,,5,85,delivery,,172.0,,67,,,480,1200,,,md_D_Diesel,-97.40852462688483,29.996905353433416,,,internal
21_B2C17404,B2C_2857853.0,,,5,107,delivery,,174.0,,67,,,480,1200,,,md_D_Diesel,-97.33253980939726,30.0913165721072,,,internal
21_B2C17230,B2C_2857853.0,,,5,86,delivery,,172.0,,75,,,480,1200,,,md_D_Diesel,-97.38363691727284,30.040041283960168,,,internal
21_B2C17233,B2C_2857853.0,,,5,136,delivery,,172.0,,75,,,480,1200,,,md_D_Diesel,-97.35518799702061,30.09623056475844,,,internal
21_B2C17408,B2C_2857853.0,,,5,107,delivery,,174.0,,75,,,480,1200,,,md_D_Diesel,-97.32179325084756,30.105933357418746,,,internal
21_B2C17236,B2C_2857853.0,,,5,55,delivery,,172.0,,82,,,480,1200,,,md_D_Diesel,-97.29302629532918,30.039026708145496,,,internal
21_B2C17410,B2C_2857853.0,,,5,164,delivery,,174.0,,82,,,480,1200,,,md_D_Diesel,-97.32342723544926,30.089248532514723,,,internal
21_B2C18218,B2C_2879033.0,,,5,22,delivery,,182.0,,30,,,480,1200,,,md_D_Diesel,-97.09935599722135,30.232695520393452,,,internal
21_B2C17601,B2C_2879033.0,,,5,65,delivery,,176.0,,37,,,480,1200,,,md_D_Diesel,-97.31534940219454,30.134554713460023,,,internal
21_B2C18709,B2C_2879033.0,,,5,32,delivery,,187.0,,41,,,480,1200,,,md_D_Diesel,-97.15616313732258,30.012506371902056,,,internal
21_B2C18309,B2C_2879033.0,,,5,92,delivery,,183.0,,60,,,480,1200,,,md_D_Diesel,-97.26600792678981,30.166677823579867,,,internal
21_B2C17608,B2C_2856759.0,,,5,137,delivery,,176.0,,67,,,480,1200,,,md_D_Diesel,-97.28770823396005,30.143600984857166,,,internal
21_B2C17614,B2C_2863675.0,,,5,11,delivery,,176.0,,52,,,480,1200,,,md_D_Diesel,-97.30096249017143,30.097241650554405,,,internal
21_B2C18306,B2C_2863675.0,,,5,94,delivery,,183.0,,52,,,480,1200,,,md_D_Diesel,-97.25016476286947,30.149254215074897,,,internal
21_B2C17615,B2C_2863675.0,,,5,77,delivery,,176.0,,60,,,480,1200,,,md_D_Diesel,-97.27975018306971,30.108449859501714,,,internal
21_B2C18124,B2C_2876113.0,,,5,15,delivery,,181.0,,22,,,480,1200,,,md_D_Diesel,-97.0868455734012,30.1727240476326,,,internal
21_B2C17616,B2C_2876113.0,,,5,38,delivery,,176.0,,60,,,480,1200,,,md_D_Diesel,-97.28361034228074,30.118011569635083,,,internal
21_B2C19313,B2C_2857127.0,,,5,18,delivery,,193.0,,30,,,480,1200,,,md_D_Diesel,-97.5704639126158,30.132811708425887,,,internal
21_B2C17714,B2C_2857127.0,,,5,78,delivery,,177.0,,45,,,480,1200,,,md_D_Diesel,-97.28942205755543,30.06840667185207,,,internal
21_B2C17703,B2C_2857127.0,,,5,136,delivery,,177.0,,67,,,480,1200,,,md_D_Diesel,-97.28657589694704,30.0687975336349,,,internal
21_B2C18224,B2C_2866761.0,,,5,25,delivery,,182.0,,30,,,480,1200,,,md_D_Diesel,-97.18183691818481,30.205901356112463,,,internal
21_B2C18106,B2C_2866761.0,,,5,60,delivery,,181.0,,52,,,480,1200,,,md_D_Diesel,-97.06780472762068,30.15610933993599,,,internal
21_B2C19601,B2C_2866761.0,,,5,90,delivery,,196.0,,60,,,480,1200,,,md_D_Diesel,-97.44854546456892,29.944492764515644,,,internal
21_B2C17713,B2C_2866761.0,,,5,126,delivery,,177.0,,97,,,480,1200,,,md_D_Diesel,-97.28677536623229,30.0737289509243,,,internal
21_B2C17717,B2C_2866916.0,,,5,51,delivery,,177.0,,50,,,480,1200,,,md_D_Diesel,-97.29932936851425,30.077624314947776,,,internal
21_B2C18117,B2C_2866916.0,,,5,64,delivery,,181.0,,60,,,480,1200,,,md_D_Diesel,-97.09036113347176,30.220016339327916,,,internal
21_B2C18102,B2C_2867339.0,,,5,140,delivery,,181.0,,60,,,480,1200,,,md_D_Diesel,-97.23399918721972,30.14191098620742,,,internal
21_B2C19008,B2C_2867339.0,,,5,81,delivery,,190.0,,67,,,480,1200,,,md_D_Diesel,-97.15806606932071,30.00271521750837,,,internal
21_B2C19014,B2C_2867339.0,,,5,120,delivery,,190.0,,67,,,480,1200,,,md_D_Diesel,-97.14141826056586,29.997287074973002,,,internal
21_B2C19423,B2C_2879890.0,,,5,63,delivery,,194.0,,45,,,480,1200,,,md_D_Diesel,-97.54723119206699,30.04322443613255,,,internal
21_B2C18103,B2C_2879890.0,,,5,126,delivery,,181.0,,75,,,480,1200,,,md_D_Diesel,-97.13525949684751,30.15851836321938,,,internal
21_B2C19301,B2C_2879890.0,,,5,115,delivery,,193.0,,75,,,480,1200,,,md_D_Diesel,-97.55813982859799,30.111769382960244,,,internal
21_B2C19425,B2C_2857653.0,,,5,24,delivery,,194.0,,22,,,480,1200,,,md_D_Diesel,-97.60476090238757,30.065946041858307,,,internal
21_B2C19422,B2C_2857653.0,,,5,75,delivery,,194.0,,52,,,480,1200,,,md_D_Diesel,-97.59898072097636,30.06745492608596,,,internal
21_B2C18122,B2C_2857653.0,,,5,141,delivery,,181.0,,67,,,480,1200,,,md_D_Diesel,-97.24367056710095,30.13657579589472,,,internal
21_B2C19421,B2C_2857653.0,,,5,65,delivery,,194.0,,67,,,480,1200,,,md_D_Diesel,-97.56220706359986,30.062629863871535,,,internal
21_B2C19515,B2C_2857653.0,,,5,91,delivery,,195.0,,82,,,480,1200,,,md_D_Diesel,-97.52168491074247,30.003397095451103,,,internal
21_B2C18213,B2C_2866758.0,,,5,100,delivery,,182.0,,60,,,480,1200,,,md_D_Diesel,-97.08389095850853,30.249611406601026,,,internal
21_B2C19614,B2C_2866756.0,,,5,172,delivery,,196.0,,60,,,480,1200,,,md_D_Diesel,-97.38813629655017,29.95314563255903,,,internal
21_B2C18219,B2C_2866756.0,,,5,136,delivery,,182.0,,97,,,480,1200,,,md_D_Diesel,-97.12430027284555,30.238749689882773,,,internal
21_B2C19613,B2C_2866756.0,,,5,187,delivery,,196.0,,135,,,480,1200,,,md_D_Diesel,-97.4332132729171,29.916187305061623,,,internal
21_B2C18220,B2C_2856758.0,,,5,65,delivery,,182.0,,52,,,480,1200,,,md_D_Diesel,-97.11285617645075,30.27212646753783,,,internal
21_B2C18304,B2C_2881020.0,,,5,159,delivery,,183.0,,90,,,480,1200,,,md_D_Diesel,-97.2697553217512,30.159044366244455,,,internal
21_B2C19311,B2C_2866906.0,,,5,76,delivery,,193.0,,37,,,480,1200,,,md_D_Diesel,-97.57245225632654,30.12807787745185,,,internal
21_B2C19420,B2C_2866906.0,,,5,23,delivery,,194.0,,45,,,480,1200,,,md_D_Diesel,-97.59185836921228,30.08115474703602,,,internal
21_B2C18305,B2C_2866906.0,,,5,48,delivery,,183.0,,60,,,480,1200,,,md_D_Diesel,-97.27916403511942,30.158548222046726,,,internal
21_B2C18314,B2C_2879883.0,,,5,164,delivery,,183.0,,60,,,480,1200,,,md_D_Diesel,-97.24626669106242,30.147964758923514,,,internal
21_B2C19607,B2C_2879883.0,,,5,77,delivery,,196.0,,60,,,480,1200,,,md_D_Diesel,-97.41264723426937,29.94214880798415,,,internal
21_B2C18405,B2C_2857110.0,,,5,51,delivery,,184.0,,45,,,480,1200,,,md_D_Diesel,-97.15256727994571,30.03923847553854,,,internal
21_B2C18603,B2C_2857110.0,,,5,76,delivery,,186.0,,45,,,480,1200,,,md_D_Diesel,-97.19729858944676,30.00984305468756,,,internal
21_B2C19314,B2C_2857110.0,,,5,68,delivery,,193.0,,67,,,480,1200,,,md_D_Diesel,-97.56677333134195,30.13062931130727,,,internal
21_B2C19316,B2C_2866921.0,,,5,53,delivery,,193.0,,30,,,480,1200,,,md_D_Diesel,-97.55777869377357,30.111440265316833,,,internal
21_B2C19406,B2C_2866921.0,,,5,17,delivery,,194.0,,37,,,480,1200,,,md_D_Diesel,-97.60053372489807,30.049763369670988,,,internal
21_B2C19011,B2C_2866921.0,,,5,41,delivery,,190.0,,45,,,480,1200,,,md_D_Diesel,-97.15534899617315,30.001429582698844,,,internal
21_B2C19320,B2C_2866921.0,,,5,76,delivery,,193.0,,45,,,480,1200,,,md_D_Diesel,-97.6081583502584,30.103524144523973,,,internal
21_B2C18505,B2C_2866921.0,,,5,41,delivery,,185.0,,67,,,480,1200,,,md_D_Diesel,-97.26495509847364,29.83494805502646,,,internal
21_B2C18511,B2C_2857117.0,,,5,59,delivery,,185.0,,45,,,480,1200,,,md_D_Diesel,-97.24764855825896,29.919175251585365,,,internal
21_B2C18615,B2C_2866918.0,,,5,91,delivery,,186.0,,67,,,480,1200,,,md_D_Diesel,-97.36134342201711,29.916976334636914,,,internal
21_B2C19307,B2C_2866920.0,,,5,41,delivery,,193.0,,37,,,480,1200,,,md_D_Diesel,-97.54797877681372,30.1261219907074,,,internal
21_B2C18705,B2C_2866920.0,,,5,39,delivery,,187.0,,55,,,480,1200,,,md_D_Diesel,-97.14482817169558,30.009041262896705,,,internal
21_B2C19403,B2C_2866920.0,,,5,42,delivery,,194.0,,60,,,480,1200,,,md_D_Diesel,-97.55294716826317,30.044914013426858,,,internal
21_B2C19110,B2C_2881021.0,,,5,62,delivery,,191.0,,22,,,480,1200,,,md_E_Battery Electric,-97.54340768897372,30.10289695307592,,,internal
21_B2C19010,B2C_2881021.0,,,5,62,delivery,,190.0,,67,,,480,1200,,,md_E_Battery Electric,-97.17104821604104,29.999180088884046,,,internal
21_B2C19603,B2C_2857654.0,,,5,95,delivery,,196.0,,82,,,480,1200,,,md_D_Diesel,-97.3829852105927,29.937785689080716,,,internal
