payload_id,carrier_id,sequence_id,tour_id,commodity,weight,job,pu_zone,del_zone,pu_stop_duration,del_stop_duration,pu_tw_lower,pu_tw_upper,del_tw_lower,del_tw_upper,pu_arrival_time,del_arrival_time,veh_type,del_x,del_y,pu_x,pu_y,ship_index
21_B2C17802,B2C_2879885.0,,,5,43,delivery,,178,,30,,,480,1200,,,md_E_Battery Electric,-97.25370488,30.17850771,,,internal
21_B2C18131,B2C_2879885.0,,,5,136,delivery,,181,,30,,,480,1200,,,md_E_Battery Electric,-97.26302759,30.11675002,,,internal
21_B2C15801,B2C_2879885.0,,,5,130,delivery,,158,,45,,,480,1200,,,md_E_Battery Electric,-97.28824576,30.35637191,,,internal
21_B2C16510,B2C_2879885.0,,,5,49,delivery,,165,,45,,,480,1200,,,md_E_Battery Electric,-97.36883061,30.33944753,,,internal
21_B2C16916,B2C_2879885.0,,,5,61,delivery,,169,,45,,,480,1200,,,md_E_Battery Electric,-97.36791363,30.13567441,,,internal
21_B2C18104,B2C_2879885.0,,,5,58,delivery,,181,,45,,,480,1200,,,md_E_Battery Electric,-97.23472324,30.13561507,,,internal
21_B2C16928,B2C_2879885.0,,,5,53,delivery,,169,,52,,,480,1200,,,md_E_Battery Electric,-97.50358387,30.18148206,,,internal
21_B2C16943,B2C_2879885.0,,,5,114,delivery,,169,,67,,,480,1200,,,md_E_Battery Electric,-97.36765131,30.13426139,,,internal
21_B2C17812,B2C_2879885.0,,,5,160,delivery,,178,,67,,,480,1200,,,md_E_Battery Electric,-97.24769931,30.19321359,,,internal
21_B2C17825,B2C_2879885.0,,,5,125,delivery,,178,,75,,,480,1200,,,md_E_Battery Electric,-97.23519802,30.25226708,,,internal
21_B2C17831,B2C_2879885.0,,,5,123,delivery,,178,,90,,,480,1200,,,md_E_Battery Electric,-97.30312169,30.27138456,,,internal
21_B2C19207,B2C_2866907.0,,,5,98,delivery,,192,,37,,,480,1200,,,md_E_Battery Electric,-97.48707039,30.02790063,,,internal
21_B2C16915,B2C_2866907.0,,,5,36,delivery,,169,,45,,,480,1200,,,md_E_Battery Electric,-97.43517828,30.18928974,,,internal
21_B2C18014,B2C_2866907.0,,,5,48,delivery,,180,,45,,,480,1200,,,md_E_Battery Electric,-97.30047173,30.17848335,,,internal
21_B2C16426,B2C_2866907.0,,,5,68,delivery,,164,,49,,,480,1200,,,md_E_Battery Electric,-97.39661757,30.34253128,,,internal
21_B2C19509,B2C_2866907.0,,,5,73,delivery,,195,,52,,,480,1200,,,md_E_Battery Electric,-97.5086258,29.97047061,,,internal
21_B2C19514,B2C_2866907.0,,,5,53,delivery,,195,,52,,,480,1200,,,md_E_Battery Electric,-97.52450249,29.99274822,,,internal
21_B2C17504,B2C_2866907.0,,,5,153,delivery,,175,,60,,,480,1200,,,md_E_Battery Electric,-97.31817656,30.1185892,,,internal
21_B2C18004,B2C_2866907.0,,,5,59,delivery,,180,,60,,,480,1200,,,md_E_Battery Electric,-97.31048797,30.16491488,,,internal
21_B2C19606,B2C_2866907.0,,,5,181,delivery,,196,,60,,,480,1200,,,md_E_Battery Electric,-97.47522103,29.92698485,,,internal
21_B2C19442,B2C_2866907.0,,,5,128,delivery,,194,,67,,,480,1200,,,md_E_Battery Electric,-97.61751283,30.07676617,,,internal
21_B2C15802,B2C_2866907.0,,,5,113,delivery,,158,,75,,,480,1200,,,md_E_Battery Electric,-97.36393256,30.39388814,,,internal
21_B2C17308,B2C_2866907.0,,,5,131,delivery,,173,,75,,,480,1200,,,md_E_Battery Electric,-97.33515563,30.14527425,,,internal
21_B2C17506,B2C_2866907.0,,,5,114,delivery,,175,,75,,,480,1200,,,md_E_Battery Electric,-97.3167697,30.11399873,,,internal
21_B2C19512,B2C_2866907.0,,,5,94,delivery,,195,,75,,,480,1200,,,md_E_Battery Electric,-97.50465157,29.95495709,,,internal
21_B2C19519,B2C_2866907.0,,,5,79,delivery,,195,,82,,,480,1200,,,md_E_Battery Electric,-97.54523197,30.00571187,,,internal
21_B2C16002,B2C_2866907.0,,,5,205,delivery,,160,,90,,,480,1200,,,md_E_Battery Electric,-97.47258005,30.23695729,,,internal
21_B2C16429,B2C_2866907.0,,,5,116,delivery,,164,,90,,,480,1200,,,md_E_Battery Electric,-97.39734054,30.35735486,,,internal
21_B2C17312,B2C_2866907.0,,,5,222,delivery,,173,,90,,,480,1200,,,md_E_Battery Electric,-97.31031273,30.12185478,,,internal
21_B2C17907,B2C_2866917.0,,,5,30,delivery,,179,,30,,,480,1200,,,md_E_Battery Electric,-97.33498518,30.20564682,,,internal
21_B2C17823,B2C_2866917.0,,,5,71,delivery,,178,,37,,,480,1200,,,md_E_Battery Electric,-97.25878531,30.190471,,,internal
21_B2C16614,B2C_2866917.0,,,5,60,delivery,,166,,43,,,480,1200,,,md_E_Battery Electric,-97.36240609,30.32429401,,,internal
21_B2C16116,B2C_2866917.0,,,5,108,delivery,,161,,45,,,480,1200,,,md_E_Battery Electric,-97.3305834,30.30159127,,,internal
21_B2C19616,B2C_2866917.0,,,5,21,delivery,,196,,45,,,480,1200,,,md_E_Battery Electric,-97.39496718,29.93037877,,,internal
21_B2C15803,B2C_2866917.0,,,5,59,delivery,,158,,60,,,480,1200,,,md_E_Battery Electric,-97.34032369,30.33381296,,,internal
21_B2C18001,B2C_2866917.0,,,5,92,delivery,,180,,60,,,480,1200,,,md_E_Battery Electric,-97.2889042,30.16962789,,,internal
21_B2C17912,B2C_2866917.0,,,5,71,delivery,,179,,67,,,480,1200,,,md_E_Battery Electric,-97.31522547,30.21609577,,,internal
21_B2C18108,B2C_2866917.0,,,5,102,delivery,,181,,67,,,480,1200,,,md_E_Battery Electric,-97.07819443,30.17878373,,,internal
21_B2C17824,B2C_2866917.0,,,5,72,delivery,,178,,75,,,480,1200,,,md_E_Battery Electric,-97.23013168,30.21610936,,,internal
21_B2C16415,B2C_2866917.0,,,5,124,delivery,,164,,82,,,480,1200,,,md_E_Battery Electric,-97.38121266,30.34796335,,,internal
21_B2C17807,B2C_2866917.0,,,5,64,delivery,,178,,82,,,480,1200,,,md_E_Battery Electric,-97.30904736,30.25043451,,,internal
21_B2C16404,B2C_2863028.0,,,5,31,delivery,,164,,49,,,480,1200,,,md_E_Battery Electric,-97.37921483,30.35263271,,,internal
21_B2C18707,B2C_2863028.0,,,5,51,delivery,,187,,50,,,480,1200,,,md_E_Battery Electric,-97.14709501,30.01441447,,,internal
21_B2C15821,B2C_2863028.0,,,5,97,delivery,,158,,60,,,480,1200,,,md_E_Battery Electric,-97.35564248,30.38674387,,,internal
21_B2C15804,B2C_2863028.0,,,5,125,delivery,,158,,90,,,480,1200,,,md_E_Battery Electric,-97.3341588,30.36064825,,,internal
21_B2C18310,B2C_2863679.0,,,5,43,delivery,,183,,37,,,480,1200,,,md_E_Battery Electric,-97.25854335,30.14917678,,,internal
21_B2C15805,B2C_2863679.0,,,5,146,delivery,,158,,60,,,480,1200,,,md_E_Battery Electric,-97.31964787,30.39362919,,,internal
21_B2C18408,B2C_2863679.0,,,5,63,delivery,,184,,60,,,480,1200,,,md_E_Battery Electric,-97.14795062,30.11021549,,,internal
21_B2C15906,B2C_2863679.0,,,5,94,delivery,,159,,67,,,480,1200,,,md_E_Battery Electric,-97.34404596,30.23470338,,,internal
21_B2C15806,B2C_2863678.0,,,5,35,delivery,,158,,30,,,480,1200,,,md_E_Battery Electric,-97.37723286,30.40179338,,,internal
21_B2C16701,B2C_2863678.0,,,5,43,delivery,,167,,45,,,480,1200,,,md_E_Battery Electric,-97.35469881,30.3418834,,,internal
21_B2C16918,B2C_2863678.0,,,5,108,delivery,,169,,45,,,480,1200,,,md_E_Battery Electric,-97.43585283,30.17974843,,,internal
21_B2C15919,B2C_2863678.0,,,5,166,delivery,,159,,52,,,480,1200,,,md_E_Battery Electric,-97.39554724,30.32839644,,,internal
21_B2C18806,B2C_2863678.0,,,5,95,delivery,,188,,52,,,480,1200,,,md_E_Battery Electric,-97.16515646,30.02473805,,,internal
21_B2C16303,B2C_2863678.0,,,5,121,delivery,,163,,75,,,480,1200,,,md_E_Battery Electric,-97.37386747,30.3559681,,,internal
21_B2C18706,B2C_2863678.0,,,5,69,delivery,,187,,82,,,480,1200,,,md_E_Battery Electric,-97.15458141,30.0121892,,,internal
21_B2C16704,B2C_2879915.0,,,5,12,delivery,,167,,4,,,480,1200,,,md_E_Battery Electric,-97.36219317,30.35719317,,,internal
21_B2C15807,B2C_2879915.0,,,5,13,delivery,,158,,30,,,480,1200,,,md_E_Battery Electric,-97.37225675,30.40759648,,,internal
21_B2C19611,B2C_2879915.0,,,5,53,delivery,,196,,67,,,480,1200,,,md_E_Battery Electric,-97.43208767,29.94037114,,,internal
21_B2C18312,B2C_2861706.0,,,5,50,delivery,,183,,30,,,480,1200,,,md_E_Battery Electric,-97.26298304,30.15623207,,,internal
21_B2C15808,B2C_2861706.0,,,5,9,delivery,,158,,37,,,480,1200,,,md_E_Battery Electric,-97.33910861,30.35379226,,,internal
21_B2C18006,B2C_2861706.0,,,5,55,delivery,,180,,45,,,480,1200,,,md_E_Battery Electric,-97.28738453,30.16829732,,,internal
21_B2C19310,B2C_2861706.0,,,5,82,delivery,,193,,45,,,480,1200,,,md_E_Battery Electric,-97.58665295,30.10928919,,,internal
21_B2C17909,B2C_2861706.0,,,5,96,delivery,,179,,52,,,480,1200,,,md_E_Battery Electric,-97.30339848,30.16208389,,,internal
21_B2C18008,B2C_2861706.0,,,5,73,delivery,,180,,59,,,480,1200,,,md_E_Battery Electric,-97.31018834,30.18756584,,,internal
21_B2C15818,B2C_2861706.0,,,5,145,delivery,,158,,67,,,480,1200,,,md_E_Battery Electric,-97.29532014,30.35451605,,,internal
21_B2C16006,B2C_2861706.0,,,5,125,delivery,,160,,67,,,480,1200,,,md_E_Battery Electric,-97.41261469,30.18821808,,,internal
21_B2C16401,B2C_2861706.0,,,5,188,delivery,,164,,97,,,480,1200,,,md_E_Battery Electric,-97.38961488,30.35555381,,,internal
21_B2C16925,B2C_2857125.0,,,5,3,delivery,,169,,22,,,480,1200,,,md_E_Battery Electric,-97.43018887,30.1905453,,,internal
21_B2C17822,B2C_2857125.0,,,5,24,delivery,,178,,37,,,480,1200,,,md_E_Battery Electric,-97.25983189,30.24391798,,,internal
21_B2C15809,B2C_2857125.0,,,5,61,delivery,,158,,45,,,480,1200,,,md_E_Battery Electric,-97.29749525,30.3470707,,,internal
21_B2C19106,B2C_2857125.0,,,5,69,delivery,,191,,45,,,480,1200,,,md_E_Battery Electric,-97.51650133,30.0982363,,,internal
21_B2C19604,B2C_2857125.0,,,5,26,delivery,,196,,45,,,480,1200,,,md_E_Battery Electric,-97.38366707,29.95033076,,,internal
21_B2C15817,B2C_2857125.0,,,5,54,delivery,,158,,52,,,480,1200,,,md_E_Battery Electric,-97.29182859,30.3523742,,,internal
21_B2C17840,B2C_2857125.0,,,5,73,delivery,,178,,52,,,480,1200,,,md_E_Battery Electric,-97.29536265,30.24439399,,,internal
21_B2C19007,B2C_2857125.0,,,5,84,delivery,,190,,52,,,480,1200,,,md_E_Battery Electric,-97.15864938,29.98641919,,,internal
21_B2C16814,B2C_2857125.0,,,5,56,delivery,,168,,60,,,480,1200,,,md_E_Battery Electric,-97.55489039,30.14108935,,,internal
21_B2C18002,B2C_2857125.0,,,5,68,delivery,,180,,60,,,480,1200,,,md_E_Battery Electric,-97.29576354,30.16797525,,,internal
21_B2C18807,B2C_2857125.0,,,5,51,delivery,,188,,60,,,480,1200,,,md_E_Battery Electric,-97.17380739,30.04034213,,,internal
21_B2C17837,B2C_2857125.0,,,5,119,delivery,,178,,67,,,480,1200,,,md_E_Battery Electric,-97.21016234,30.2397907,,,internal
21_B2C17842,B2C_2857125.0,,,5,142,delivery,,178,,67,,,480,1200,,,md_E_Battery Electric,-97.23947403,30.17269722,,,internal
21_B2C17830,B2C_2857125.0,,,5,188,delivery,,178,,75,,,480,1200,,,md_E_Battery Electric,-97.28813932,30.2165286,,,internal
21_B2C17606,B2C_2857125.0,,,5,147,delivery,,176,,105,,,480,1200,,,md_E_Battery Electric,-97.28660234,30.11979092,,,internal
21_B2C19437,B2C_2857125.0,,,5,148,delivery,,194,,105,,,480,1200,,,md_E_Battery Electric,-97.54490787,30.03146396,,,internal
21_B2C17019,B2C_2857125.0,,,5,109,delivery,,170,,112,,,480,1200,,,md_E_Battery Electric,-97.48081122,30.11346991,,,internal
21_B2C17810,B2C_2861707.0,,,5,34,delivery,,178,,37,,,480,1200,,,md_E_Battery Electric,-97.2450875,30.21771634,,,internal
21_B2C17826,B2C_2861707.0,,,5,24,delivery,,178,,45,,,480,1200,,,md_E_Battery Electric,-97.2868466,30.21544656,,,internal
21_B2C18413,B2C_2861707.0,,,5,29,delivery,,184,,45,,,480,1200,,,md_E_Battery Electric,-97.2101859,30.06435391,,,internal
21_B2C15810,B2C_2861707.0,,,5,74,delivery,,158,,52,,,480,1200,,,md_E_Battery Electric,-97.28828731,30.35271608,,,internal
21_B2C17804,B2C_2861707.0,,,5,49,delivery,,178,,52,,,480,1200,,,md_E_Battery Electric,-97.29542039,30.1868864,,,internal
21_B2C17815,B2C_2861707.0,,,5,90,delivery,,178,,52,,,480,1200,,,md_E_Battery Electric,-97.29537356,30.20275768,,,internal
21_B2C17829,B2C_2861707.0,,,5,70,delivery,,178,,52,,,480,1200,,,md_E_Battery Electric,-97.29017936,30.21186913,,,internal
21_B2C17819,B2C_2861707.0,,,5,93,delivery,,178,,60,,,480,1200,,,md_E_Battery Electric,-97.29323278,30.23449409,,,internal
21_B2C18512,B2C_2861707.0,,,5,89,delivery,,185,,60,,,480,1200,,,md_E_Battery Electric,-97.24733831,29.89434981,,,internal
21_B2C16810,B2C_2861707.0,,,5,147,delivery,,168,,67,,,480,1200,,,md_E_Battery Electric,-97.54898288,30.15248432,,,internal
21_B2C17838,B2C_2861707.0,,,5,212,delivery,,178,,67,,,480,1200,,,md_E_Battery Electric,-97.22815431,30.20807014,,,internal
21_B2C17827,B2C_2861707.0,,,5,114,delivery,,178,,75,,,480,1200,,,md_E_Battery Electric,-97.23785515,30.20163214,,,internal
21_B2C16111,B2C_2861707.0,,,5,63,delivery,,161,,82,,,480,1200,,,md_E_Battery Electric,-97.34578777,30.32032638,,,internal
21_B2C18203,B2C_2861707.0,,,5,202,delivery,,182,,90,,,480,1200,,,md_E_Battery Electric,-97.16895127,30.21828685,,,internal
21_B2C15811,B2C_2875885.0,,,5,115,delivery,,158,,45,,,480,1200,,,md_E_Battery Electric,-97.30815459,30.33518989,,,internal
21_B2C16104,B2C_2875885.0,,,5,84,delivery,,161,,45,,,480,1200,,,md_E_Battery Electric,-97.33944136,30.28936028,,,internal
21_B2C16616,B2C_2875885.0,,,5,60,delivery,,166,,55,,,480,1200,,,md_E_Battery Electric,-97.34594679,30.33016991,,,internal
21_B2C17715,B2C_2875885.0,,,5,81,delivery,,177,,60,,,480,1200,,,md_E_Battery Electric,-97.31460402,30.07926714,,,internal
21_B2C19302,B2C_2875885.0,,,5,168,delivery,,193,,82,,,480,1200,,,md_E_Battery Electric,-97.55627496,30.12748776,,,internal
21_B2C15812,B2C_2863684.0,,,5,17,delivery,,158,,30,,,480,1200,,,md_E_Battery Electric,-97.36165354,30.40638927,,,internal
21_B2C19303,B2C_2863684.0,,,5,69,delivery,,193,,45,,,480,1200,,,md_E_Battery Electric,-97.54666647,30.11820333,,,internal
21_B2C19605,B2C_2863684.0,,,5,42,delivery,,196,,75,,,480,1200,,,md_E_Battery Electric,-97.42447211,29.94758615,,,internal
21_B2C16114,B2C_2863684.0,,,5,179,delivery,,161,,82,,,480,1200,,,md_E_Battery Electric,-97.3265668,30.29926941,,,internal
21_B2C19506,B2C_2863687.0,,,5,87,delivery,,195,,52,,,480,1200,,,md_E_Battery Electric,-97.52471185,29.98695666,,,internal
21_B2C16013,B2C_2863687.0,,,5,124,delivery,,160,,60,,,480,1200,,,md_E_Battery Electric,-97.43923226,30.14943753,,,internal
21_B2C17710,B2C_2863687.0,,,5,36,delivery,,177,,82,,,480,1200,,,md_E_Battery Electric,-97.30048751,30.07479371,,,internal
21_B2C15813,B2C_2863687.0,,,5,101,delivery,,158,,90,,,480,1200,,,md_E_Battery Electric,-97.28851338,30.36050321,,,internal
21_B2C18214,B2C_2863687.0,,,5,101,delivery,,182,,90,,,480,1200,,,md_E_Battery Electric,-97.15854535,30.26242733,,,internal
21_B2C16103,B2C_2857113.0,,,5,1,delivery,,161,,2,,,480,1200,,,md_E_Battery Electric,-97.30862369,30.28701513,,,internal
21_B2C18101,B2C_2857113.0,,,5,25,delivery,,181,,30,,,480,1200,,,md_E_Battery Electric,-97.14168753,30.14666404,,,internal
21_B2C19409,B2C_2857113.0,,,5,31,delivery,,194,,30,,,480,1200,,,md_E_Battery Electric,-97.57321838,30.03924971,,,internal
21_B2C15902,B2C_2857113.0,,,5,54,delivery,,159,,37,,,480,1200,,,md_E_Battery Electric,-97.38238174,30.28076216,,,internal
21_B2C16945,B2C_2857113.0,,,5,50,delivery,,169,,37,,,480,1200,,,md_E_Battery Electric,-97.38884962,30.12604236,,,internal
21_B2C18905,B2C_2857113.0,,,5,38,delivery,,189,,38,,,480,1200,,,md_E_Battery Electric,-97.13699186,29.99924661,,,internal
21_B2C16508,B2C_2857113.0,,,5,122,delivery,,165,,52,,,480,1200,,,md_E_Battery Electric,-97.37008578,30.33021223,,,internal
21_B2C18118,B2C_2857113.0,,,5,90,delivery,,181,,52,,,480,1200,,,md_E_Battery Electric,-97.16640194,30.13378927,,,internal
21_B2C16505,B2C_2857113.0,,,5,77,delivery,,165,,54,,,480,1200,,,md_E_Battery Electric,-97.38466099,30.32467815,,,internal
21_B2C16212,B2C_2857113.0,,,5,115,delivery,,162,,60,,,480,1200,,,md_E_Battery Electric,-97.26095892,30.35576824,,,internal
21_B2C16606,B2C_2857113.0,,,5,42,delivery,,166,,60,,,480,1200,,,md_E_Battery Electric,-97.3633686,30.33595378,,,internal
21_B2C15822,B2C_2857113.0,,,5,104,delivery,,158,,67,,,480,1200,,,md_E_Battery Electric,-97.32670264,30.3938406,,,internal
21_B2C16705,B2C_2857113.0,,,5,98,delivery,,167,,67,,,480,1200,,,md_E_Battery Electric,-97.35677435,30.34692083,,,internal
21_B2C17605,B2C_2857113.0,,,5,76,delivery,,176,,75,,,480,1200,,,md_E_Battery Electric,-97.27869035,30.10944646,,,internal
21_B2C15814,B2C_2857113.0,,,5,100,delivery,,158,,90,,,480,1200,,,md_E_Battery Electric,-97.33987461,30.38157581,,,internal
21_B2C17903,B2C_2863681.0,,,5,123,delivery,,179,,60,,,480,1200,,,md_E_Battery Electric,-97.32639485,30.21467409,,,internal
21_B2C15815,B2C_2863681.0,,,5,110,delivery,,158,,67,,,480,1200,,,md_E_Battery Electric,-97.31965996,30.32503778,,,internal
21_B2C17025,B2C_2863681.0,,,5,141,delivery,,170,,75,,,480,1200,,,md_E_Battery Electric,-97.47574876,30.12355326,,,internal
21_B2C18605,B2C_2863681.0,,,5,137,delivery,,186,,97,,,480,1200,,,md_E_Battery Electric,-97.18868122,29.9833329,,,internal
21_B2C19318,B2C_2857123.0,,,5,13,delivery,,193,,37,,,480,1200,,,md_E_Battery Electric,-97.55449131,30.12685986,,,internal
21_B2C15816,B2C_2857123.0,,,5,19,delivery,,158,,52,,,480,1200,,,md_E_Battery Electric,-97.30081907,30.36789963,,,internal
21_B2C18409,B2C_2857123.0,,,5,50,delivery,,184,,52,,,480,1200,,,md_E_Battery Electric,-97.14241062,30.05412344,,,internal
21_B2C18903,B2C_2857123.0,,,5,116,delivery,,189,,56,,,480,1200,,,md_E_Battery Electric,-97.14030869,30.00349706,,,internal
21_B2C16934,B2C_2857123.0,,,5,143,delivery,,169,,60,,,480,1200,,,md_E_Battery Electric,-97.36734596,30.13491092,,,internal
21_B2C19012,B2C_2857123.0,,,5,40,delivery,,190,,60,,,480,1200,,,md_E_Battery Electric,-97.16013576,30.00400809,,,internal
21_B2C17011,B2C_2857123.0,,,5,92,delivery,,170,,97,,,480,1200,,,md_E_Battery Electric,-97.47429648,30.1387164,,,internal
21_B2C16912,B2C_2863683.0,,,5,36,delivery,,169,,15,,,480,1200,,,md_E_Battery Electric,-97.4441463,30.16489986,,,internal
21_B2C16936,B2C_2863683.0,,,5,81,delivery,,169,,30,,,480,1200,,,md_E_Battery Electric,-97.35836978,30.12226165,,,internal
21_B2C17026,B2C_2863683.0,,,5,14,delivery,,170,,37,,,480,1200,,,md_E_Battery Electric,-97.45729528,30.122859,,,internal
21_B2C16904,B2C_2863683.0,,,5,57,delivery,,169,,60,,,480,1200,,,md_E_Battery Electric,-97.42046076,30.14601161,,,internal
21_B2C18805,B2C_2863683.0,,,5,85,delivery,,188,,60,,,480,1200,,,md_E_Battery Electric,-97.19043726,30.04891997,,,internal
21_B2C19413,B2C_2863683.0,,,5,52,delivery,,194,,67,,,480,1200,,,md_E_Battery Electric,-97.560977,30.03222115,,,internal
21_B2C16609,B2C_2863683.0,,,5,89,delivery,,166,,75,,,480,1200,,,md_E_Battery Electric,-97.36471794,30.31943306,,,internal
21_B2C15819,B2C_2863683.0,,,5,148,delivery,,158,,90,,,480,1200,,,md_E_Battery Electric,-97.31881913,30.33571907,,,internal
21_B2C16403,B2C_2863683.0,,,5,154,delivery,,164,,105,,,480,1200,,,md_E_Battery Electric,-97.40175265,30.35002666,,,internal
21_B2C17102,B2C_2863685.0,,,5,32,delivery,,171,,30,,,480,1200,,,md_E_Battery Electric,-97.41476896,30.10845259,,,internal
21_B2C18803,B2C_2863685.0,,,5,46,delivery,,188,,37,,,480,1200,,,md_E_Battery Electric,-97.16904845,30.01536318,,,internal
21_B2C19402,B2C_2863685.0,,,5,97,delivery,,194,,45,,,480,1200,,,md_E_Battery Electric,-97.61672616,30.09294645,,,internal
21_B2C17114,B2C_2863685.0,,,5,92,delivery,,171,,52,,,480,1200,,,md_E_Battery Electric,-97.41160304,30.07960746,,,internal
21_B2C17617,B2C_2863685.0,,,5,34,delivery,,176,,52,,,480,1200,,,md_E_Battery Electric,-97.31044678,30.13895062,,,internal
21_B2C18622,B2C_2863685.0,,,5,46,delivery,,186,,52,,,480,1200,,,md_E_Battery Electric,-97.34418932,29.96030065,,,internal
21_B2C17006,B2C_2863685.0,,,5,193,delivery,,170,,60,,,480,1200,,,md_E_Battery Electric,-97.43349072,30.11921542,,,internal
21_B2C17906,B2C_2863685.0,,,5,94,delivery,,179,,60,,,480,1200,,,md_E_Battery Electric,-97.3281911,30.23171897,,,internal
21_B2C18508,B2C_2863685.0,,,5,82,delivery,,185,,60,,,480,1200,,,md_E_Battery Electric,-97.29657488,29.81721766,,,internal
21_B2C18112,B2C_2863685.0,,,5,71,delivery,,181,,82,,,480,1200,,,md_E_Battery Electric,-97.0859485,30.21914623,,,internal
21_B2C18119,B2C_2863685.0,,,5,105,delivery,,181,,82,,,480,1200,,,md_E_Battery Electric,-97.19811685,30.15854951,,,internal
21_B2C15820,B2C_2863685.0,,,5,155,delivery,,158,,90,,,480,1200,,,md_E_Battery Electric,-97.30192668,30.34058016,,,internal
21_B2C15823,B2C_2875880.0,,,5,36,delivery,,158,,30,,,480,1200,,,md_E_Battery Electric,-97.31773595,30.33088353,,,internal
21_B2C16421,B2C_2875880.0,,,5,100,delivery,,164,,75,,,480,1200,,,md_E_Battery Electric,-97.38154532,30.34723694,,,internal
21_B2C16709,B2C_2875880.0,,,5,79,delivery,,167,,75,,,480,1200,,,md_E_Battery Electric,-97.36192873,30.36254518,,,internal
21_B2C15901,B2C_2857126.0,,,5,83,delivery,,159,,37,,,480,1200,,,md_E_Battery Electric,-97.36204407,30.21906698,,,internal
21_B2C16932,B2C_2857126.0,,,5,93,delivery,,169,,45,,,480,1200,,,md_E_Battery Electric,-97.35058435,30.16272282,,,internal
21_B2C17702,B2C_2857126.0,,,5,83,delivery,,177,,45,,,480,1200,,,md_E_Battery Electric,-97.2939815,30.08219531,,,internal
21_B2C19312,B2C_2857126.0,,,5,42,delivery,,193,,45,,,480,1200,,,md_E_Battery Electric,-97.53087843,30.120693,,,internal
21_B2C19431,B2C_2857126.0,,,5,99,delivery,,194,,60,,,480,1200,,,md_E_Battery Electric,-97.58531757,30.03478492,,,internal
21_B2C17021,B2C_2857126.0,,,5,162,delivery,,170,,75,,,480,1200,,,md_E_Battery Electric,-97.44530487,30.11164868,,,internal
21_B2C18208,B2C_2857126.0,,,5,101,delivery,,182,,75,,,480,1200,,,md_E_Battery Electric,-97.18627457,30.20864694,,,internal
21_B2C19518,B2C_2857126.0,,,5,130,delivery,,195,,75,,,480,1200,,,md_E_Battery Electric,-97.54732125,29.99192864,,,internal
21_B2C17104,B2C_2857129.0,,,5,112,delivery,,171,,37,,,480,1200,,,md_E_Battery Electric,-97.44153879,30.08567247,,,internal
21_B2C16302,B2C_2857129.0,,,5,41,delivery,,163,,52,,,480,1200,,,md_E_Battery Electric,-97.35956213,30.38042681,,,internal
21_B2C18311,B2C_2857129.0,,,5,40,delivery,,183,,52,,,480,1200,,,md_E_Battery Electric,-97.26661367,30.14843633,,,internal
21_B2C17023,B2C_2857129.0,,,5,52,delivery,,170,,60,,,480,1200,,,md_E_Battery Electric,-97.48176843,30.10031765,,,internal
21_B2C19308,B2C_2857129.0,,,5,156,delivery,,193,,60,,,480,1200,,,md_E_Battery Electric,-97.53013235,30.11307017,,,internal
21_B2C19440,B2C_2857129.0,,,5,73,delivery,,194,,60,,,480,1200,,,md_E_Battery Electric,-97.56698918,30.05402768,,,internal
21_B2C16913,B2C_2857129.0,,,5,109,delivery,,169,,82,,,480,1200,,,md_E_Battery Electric,-97.41378131,30.13148986,,,internal
21_B2C15903,B2C_2857129.0,,,5,155,delivery,,159,,105,,,480,1200,,,md_E_Battery Electric,-97.3838019,30.27871931,,,internal
21_B2C15904,B2C_2875881.0,,,5,106,delivery,,159,,30,,,480,1200,,,md_E_Battery Electric,-97.42451635,30.3136064,,,internal
21_B2C19214,B2C_2875881.0,,,5,52,delivery,,192,,52,,,480,1200,,,md_E_Battery Electric,-97.50755212,30.02211427,,,internal
21_B2C18123,B2C_2875881.0,,,5,76,delivery,,181,,60,,,480,1200,,,md_E_Battery Electric,-97.23645615,30.08662363,,,internal
21_B2C19503,B2C_2875881.0,,,5,78,delivery,,195,,60,,,480,1200,,,md_E_Battery Electric,-97.53320312,29.97900776,,,internal
21_B2C16008,B2C_2875881.0,,,5,58,delivery,,160,,67,,,480,1200,,,md_E_Battery Electric,-97.44952675,30.21226823,,,internal
21_B2C17231,B2C_2875881.0,,,5,33,delivery,,172,,67,,,480,1200,,,md_E_Battery Electric,-97.32298474,30.04157223,,,internal
21_B2C16949,B2C_2875881.0,,,5,77,delivery,,169,,82,,,480,1200,,,md_E_Battery Electric,-97.49281142,30.1727613,,,internal
21_B2C19202,B2C_2875881.0,,,5,137,delivery,,192,,90,,,480,1200,,,md_E_Battery Electric,-97.54428397,30.07572004,,,internal
21_B2C15905,B2C_2863673.0,,,5,119,delivery,,159,,37,,,480,1200,,,md_E_Battery Electric,-97.43004675,30.31171245,,,internal
21_B2C18618,B2C_2863673.0,,,5,53,delivery,,186,,37,,,480,1200,,,md_E_Battery Electric,-97.25957353,30.00825623,,,internal
21_B2C16506,B2C_2863673.0,,,5,73,delivery,,165,,45,,,480,1200,,,md_E_Battery Electric,-97.39038709,30.33237943,,,internal
21_B2C17307,B2C_2863673.0,,,5,14,delivery,,173,,45,,,480,1200,,,md_E_Battery Electric,-97.32403634,30.12316917,,,internal
21_B2C16108,B2C_2863673.0,,,5,56,delivery,,161,,67,,,480,1200,,,md_E_Battery Electric,-97.32296399,30.31441,,,internal
21_B2C16409,B2C_2863673.0,,,5,108,delivery,,164,,67,,,480,1200,,,md_E_Battery Electric,-97.41115601,30.34459225,,,internal
21_B2C17210,B2C_2863673.0,,,5,115,delivery,,172,,67,,,480,1200,,,md_E_Battery Electric,-97.34143122,29.98052106,,,internal
21_B2C17110,B2C_2863673.0,,,5,88,delivery,,171,,75,,,480,1200,,,md_E_Battery Electric,-97.43606591,30.06918685,,,internal
21_B2C17214,B2C_2863673.0,,,5,129,delivery,,172,,82,,,480,1200,,,md_E_Battery Electric,-97.34738755,29.9688652,,,internal
21_B2C17311,B2C_2863673.0,,,5,130,delivery,,173,,82,,,480,1200,,,md_E_Battery Electric,-97.33295516,30.12965174,,,internal
21_B2C17306,B2C_2863673.0,,,5,99,delivery,,173,,90,,,480,1200,,,md_E_Battery Electric,-97.33025172,30.13380792,,,internal
21_B2C17204,B2C_2863673.0,,,5,138,delivery,,172,,97,,,480,1200,,,md_E_Battery Electric,-97.28728694,30.0529477,,,internal
21_B2C16312,B2C_2863673.0,,,5,121,delivery,,163,,105,,,480,1200,,,md_E_Battery Electric,-97.38660715,30.35995875,,,internal
21_B2C17112,B2C_2860060.0,,,5,30,delivery,,171,,22,,,480,1200,,,md_E_Battery Electric,-97.48583406,30.08078705,,,internal
21_B2C16101,B2C_2860060.0,,,5,117,delivery,,161,,30,,,480,1200,,,md_E_Battery Electric,-97.36246042,30.31706589,,,internal
21_B2C19501,B2C_2860060.0,,,5,55,delivery,,195,,37,,,480,1200,,,md_E_Battery Electric,-97.50923235,29.98607221,,,internal
21_B2C16924,B2C_2860060.0,,,5,30,delivery,,169,,52,,,480,1200,,,md_E_Battery Electric,-97.39072032,30.17500516,,,internal
21_B2C19112,B2C_2860060.0,,,5,69,delivery,,191,,60,,,480,1200,,,md_E_Battery Electric,-97.49883145,30.10088224,,,internal
21_B2C16205,B2C_2860060.0,,,5,62,delivery,,162,,67,,,480,1200,,,md_E_Battery Electric,-97.2833906,30.30965258,,,internal
21_B2C15907,B2C_2860060.0,,,5,96,delivery,,159,,75,,,480,1200,,,md_E_Battery Electric,-97.42166227,30.25171452,,,internal
21_B2C16004,B2C_2860060.0,,,5,139,delivery,,160,,82,,,480,1200,,,md_E_Battery Electric,-97.4539347,30.22030206,,,internal
21_B2C19322,B2C_2863671.0,,,5,116,delivery,,193,,45,,,480,1200,,,md_E_Battery Electric,-97.58689492,30.12396806,,,internal
21_B2C19435,B2C_2863671.0,,,5,77,delivery,,194,,67,,,480,1200,,,md_E_Battery Electric,-97.61409663,30.04053669,,,internal
21_B2C15908,B2C_2863671.0,,,5,57,delivery,,159,,75,,,480,1200,,,md_E_Battery Electric,-97.41037421,30.31386714,,,internal
21_B2C18906,B2C_2863677.0,,,5,31,delivery,,189,,48,,,480,1200,,,md_E_Battery Electric,-97.14011872,30.00370236,,,internal
21_B2C16802,B2C_2863677.0,,,5,58,delivery,,168,,52,,,480,1200,,,md_E_Battery Electric,-97.4950651,30.14610191,,,internal
21_B2C15909,B2C_2863677.0,,,5,95,delivery,,159,,75,,,480,1200,,,md_E_Battery Electric,-97.35755978,30.23561403,,,internal
21_B2C18210,B2C_2863677.0,,,5,151,delivery,,182,,82,,,480,1200,,,md_E_Battery Electric,-97.17553994,30.19106698,,,internal
21_B2C15910,B2C_2866911.0,,,5,25,delivery,,159,,30,,,480,1200,,,md_E_Battery Electric,-97.43344592,30.28602913,,,internal
21_B2C16513,B2C_2866911.0,,,5,75,delivery,,165,,54,,,480,1200,,,md_E_Battery Electric,-97.3823527,30.33851887,,,internal
21_B2C16610,B2C_2866911.0,,,5,109,delivery,,166,,75,,,480,1200,,,md_E_Battery Electric,-97.35502782,30.3260223,,,internal
21_B2C18403,B2C_2866911.0,,,5,124,delivery,,184,,90,,,480,1200,,,md_E_Battery Electric,-97.10124759,30.10926387,,,internal
21_B2C15911,B2C_2866294.0,,,5,42,delivery,,159,,30,,,480,1200,,,md_E_Battery Electric,-97.38363702,30.2442881,,,internal
21_B2C18211,B2C_2866294.0,,,5,48,delivery,,182,,30,,,480,1200,,,md_E_Battery Electric,-97.21253612,30.23575082,,,internal
21_B2C18503,B2C_2866294.0,,,5,60,delivery,,185,,60,,,480,1200,,,md_E_Battery Electric,-97.17365911,29.95107652,,,internal
21_B2C16118,B2C_2866294.0,,,5,65,delivery,,161,,67,,,480,1200,,,md_E_Battery Electric,-97.31959376,30.31965992,,,internal
21_B2C18216,B2C_2866294.0,,,5,148,delivery,,182,,97,,,480,1200,,,md_E_Battery Electric,-97.17220454,30.20940957,,,internal
21_B2C15912,B2C_2866760.0,,,5,82,delivery,,159,,45,,,480,1200,,,md_E_Battery Electric,-97.38152484,30.24937517,,,internal
21_B2C18125,B2C_2866760.0,,,5,66,delivery,,181,,45,,,480,1200,,,md_E_Battery Electric,-97.07475571,30.16059132,,,internal
21_B2C16306,B2C_2866760.0,,,5,24,delivery,,163,,52,,,480,1200,,,md_E_Battery Electric,-97.38675765,30.37747774,,,internal
21_B2C16422,B2C_2866760.0,,,5,85,delivery,,164,,54,,,480,1200,,,md_E_Battery Electric,-97.38874058,30.35426064,,,internal
21_B2C16602,B2C_2866760.0,,,5,56,delivery,,166,,55,,,480,1200,,,md_E_Battery Electric,-97.36373832,30.33192062,,,internal
21_B2C19005,B2C_2866760.0,,,5,62,delivery,,190,,60,,,480,1200,,,md_E_Battery Electric,-97.15907519,29.99419762,,,internal
21_B2C18607,B2C_2866760.0,,,5,161,delivery,,186,,67,,,480,1200,,,md_E_Battery Electric,-97.37062175,29.88978041,,,internal
21_B2C18608,B2C_2866760.0,,,5,80,delivery,,186,,82,,,480,1200,,,md_E_Battery Electric,-97.33886097,29.90705966,,,internal
21_B2C15917,B2C_2866760.0,,,5,137,delivery,,159,,105,,,480,1200,,,md_E_Battery Electric,-97.3874186,30.26487369,,,internal
21_B2C16011,B2C_2862192.0,,,5,44,delivery,,160,,52,,,480,1200,,,md_E_Battery Electric,-97.39190915,30.19019619,,,internal
21_B2C16811,B2C_2862192.0,,,5,70,delivery,,168,,52,,,480,1200,,,md_E_Battery Electric,-97.51723631,30.15649612,,,internal
21_B2C16708,B2C_2862192.0,,,5,51,delivery,,167,,60,,,480,1200,,,md_E_Battery Electric,-97.35982817,30.34576464,,,internal
21_B2C18206,B2C_2862192.0,,,5,91,delivery,,182,,60,,,480,1200,,,md_E_Battery Electric,-97.18181944,30.18060412,,,internal
21_B2C15913,B2C_2862192.0,,,5,108,delivery,,159,,82,,,480,1200,,,md_E_Battery Electric,-97.4220649,30.22969214,,,internal
21_B2C16612,B2C_2862192.0,,,5,161,delivery,,166,,82,,,480,1200,,,md_E_Battery Electric,-97.35603103,30.33223894,,,internal
21_B2C18415,B2C_2862192.0,,,5,118,delivery,,184,,82,,,480,1200,,,md_E_Battery Electric,-97.2162229,30.0533412,,,internal
21_B2C16314,B2C_2862192.0,,,5,161,delivery,,163,,90,,,480,1200,,,md_E_Battery Electric,-97.37222755,30.37949382,,,internal
21_B2C16203,B2C_2878330.0,,,5,8,delivery,,162,,37,,,480,1200,,,md_E_Battery Electric,-97.26763441,30.34243564,,,internal
21_B2C19002,B2C_2878330.0,,,5,80,delivery,,190,,45,,,480,1200,,,md_E_Battery Electric,-97.15155309,30.00196306,,,internal
21_B2C16604,B2C_2878330.0,,,5,87,delivery,,166,,55,,,480,1200,,,md_E_Battery Electric,-97.36838734,30.34780802,,,internal
21_B2C15914,B2C_2878330.0,,,5,51,delivery,,159,,60,,,480,1200,,,md_E_Battery Electric,-97.4377061,30.2756891,,,internal
21_B2C17611,B2C_2878330.0,,,5,127,delivery,,176,,67,,,480,1200,,,md_E_Battery Electric,-97.29108002,30.1173295,,,internal
21_B2C16109,B2C_2878330.0,,,5,94,delivery,,161,,90,,,480,1200,,,md_E_Battery Electric,-97.35938447,30.29790834,,,internal
21_B2C17613,B2C_2860059.0,,,5,78,delivery,,176,,37,,,480,1200,,,md_E_Battery Electric,-97.2993333,30.13975944,,,internal
21_B2C15915,B2C_2860059.0,,,5,37,delivery,,159,,45,,,480,1200,,,md_E_Battery Electric,-97.40381949,30.25001353,,,internal
21_B2C16001,B2C_2860059.0,,,5,96,delivery,,160,,52,,,480,1200,,,md_E_Battery Electric,-97.43851771,30.15769037,,,internal
21_B2C19315,B2C_2860059.0,,,5,172,delivery,,193,,112,,,480,1200,,,md_E_Battery Electric,-97.54319105,30.11079565,,,internal
21_B2C16803,B2C_2879884.0,,,5,34,delivery,,168,,45,,,480,1200,,,md_E_Battery Electric,-97.52660966,30.15328288,,,internal
21_B2C16617,B2C_2879884.0,,,5,7,delivery,,166,,49,,,480,1200,,,md_E_Battery Electric,-97.34745346,30.33018643,,,internal
21_B2C16907,B2C_2879884.0,,,5,81,delivery,,169,,52,,,480,1200,,,md_E_Battery Electric,-97.38434781,30.14316346,,,internal
21_B2C19513,B2C_2879884.0,,,5,40,delivery,,195,,52,,,480,1200,,,md_E_Battery Electric,-97.56062708,30.00799444,,,internal
21_B2C16414,B2C_2879884.0,,,5,51,delivery,,164,,59,,,480,1200,,,md_E_Battery Electric,-97.38337643,30.35055517,,,internal
21_B2C15916,B2C_2879884.0,,,5,95,delivery,,159,,67,,,480,1200,,,md_E_Battery Electric,-97.43069766,30.29380456,,,internal
21_B2C16938,B2C_2879884.0,,,5,98,delivery,,169,,67,,,480,1200,,,md_E_Battery Electric,-97.35724109,30.1563525,,,internal
21_B2C17109,B2C_2879884.0,,,5,69,delivery,,171,,67,,,480,1200,,,md_E_Battery Electric,-97.43371214,30.0619365,,,internal
21_B2C18110,B2C_2879884.0,,,5,153,delivery,,181,,67,,,480,1200,,,md_E_Battery Electric,-97.08604948,30.20489461,,,internal
21_B2C18621,B2C_2879884.0,,,5,66,delivery,,186,,75,,,480,1200,,,md_E_Battery Electric,-97.38064164,29.91136449,,,internal
21_B2C18201,B2C_2879886.0,,,5,34,delivery,,182,,30,,,480,1200,,,md_E_Battery Electric,-97.09325244,30.24123888,,,internal
21_B2C15918,B2C_2879886.0,,,5,132,delivery,,159,,45,,,480,1200,,,md_E_Battery Electric,-97.37519385,30.20097912,,,internal
21_B2C16818,B2C_2879886.0,,,5,76,delivery,,168,,45,,,480,1200,,,md_E_Battery Electric,-97.51674549,30.12732886,,,internal
21_B2C17020,B2C_2879886.0,,,5,81,delivery,,170,,45,,,480,1200,,,md_E_Battery Electric,-97.43121746,30.11992836,,,internal
21_B2C19325,B2C_2879886.0,,,5,108,delivery,,193,,75,,,480,1200,,,md_E_Battery Electric,-97.53876483,30.1137174,,,internal
21_B2C16930,B2C_2879886.0,,,5,80,delivery,,169,,82,,,480,1200,,,md_E_Battery Electric,-97.42144468,30.11689564,,,internal
21_B2C17203,B2C_2857132.0,,,5,36,delivery,,172,,22,,,480,1200,,,md_E_Battery Electric,-97.32621391,30.02503655,,,internal
21_B2C15920,B2C_2857132.0,,,5,28,delivery,,159,,37,,,480,1200,,,md_E_Battery Electric,-97.34786382,30.17171403,,,internal
21_B2C17101,B2C_2857132.0,,,5,37,delivery,,171,,37,,,480,1200,,,md_E_Battery Electric,-97.37550095,30.10679517,,,internal
21_B2C17604,B2C_2857132.0,,,5,43,delivery,,176,,37,,,480,1200,,,md_E_Battery Electric,-97.27988607,30.11515341,,,internal
21_B2C17213,B2C_2857132.0,,,5,69,delivery,,172,,45,,,480,1200,,,md_E_Battery Electric,-97.36780356,30.0128165,,,internal
21_B2C17226,B2C_2857132.0,,,5,63,delivery,,172,,45,,,480,1200,,,md_E_Battery Electric,-97.35769233,30.07607685,,,internal
21_B2C17403,B2C_2857132.0,,,5,74,delivery,,174,,45,,,480,1200,,,md_E_Battery Electric,-97.32485254,30.08304061,,,internal
21_B2C17413,B2C_2857132.0,,,5,13,delivery,,174,,52,,,480,1200,,,md_E_Battery Electric,-97.3317005,30.10293734,,,internal
21_B2C17415,B2C_2857132.0,,,5,47,delivery,,174,,52,,,480,1200,,,md_E_Battery Electric,-97.32844345,30.0830594,,,internal
21_B2C18504,B2C_2857132.0,,,5,106,delivery,,185,,52,,,480,1200,,,md_E_Battery Electric,-97.34135661,29.83809955,,,internal
21_B2C18010,B2C_2857132.0,,,5,60,delivery,,180,,59,,,480,1200,,,md_E_Battery Electric,-97.31265454,30.17543082,,,internal
21_B2C17304,B2C_2857132.0,,,5,115,delivery,,173,,60,,,480,1200,,,md_E_Battery Electric,-97.31799363,30.1273727,,,internal
21_B2C17509,B2C_2857132.0,,,5,80,delivery,,175,,60,,,480,1200,,,md_E_Battery Electric,-97.33838542,30.12760427,,,internal
21_B2C19433,B2C_2857132.0,,,5,110,delivery,,194,,60,,,480,1200,,,md_E_Battery Electric,-97.553887,30.05057004,,,internal
21_B2C17309,B2C_2857132.0,,,5,142,delivery,,173,,82,,,480,1200,,,md_E_Battery Electric,-97.31571562,30.12882652,,,internal
21_B2C19206,B2C_2857132.0,,,5,186,delivery,,192,,105,,,480,1200,,,md_E_Battery Electric,-97.47970393,29.97826878,,,internal
21_B2C17007,B2C_2861708.0,,,5,85,delivery,,170,,30,,,480,1200,,,md_E_Battery Electric,-97.46110907,30.10574772,,,internal
21_B2C16929,B2C_2861708.0,,,5,59,delivery,,169,,45,,,480,1200,,,md_E_Battery Electric,-97.36723669,30.15631218,,,internal
21_B2C16003,B2C_2861708.0,,,5,90,delivery,,160,,52,,,480,1200,,,md_E_Battery Electric,-97.44895965,30.25459,,,internal
21_B2C19416,B2C_2861708.0,,,5,49,delivery,,194,,60,,,480,1200,,,md_E_Battery Electric,-97.58682575,30.06730311,,,internal
21_B2C16940,B2C_2861708.0,,,5,125,delivery,,169,,75,,,480,1200,,,md_E_Battery Electric,-97.4924554,30.17236112,,,internal
21_B2C18127,B2C_2861708.0,,,5,158,delivery,,181,,90,,,480,1200,,,md_E_Battery Electric,-97.22259007,30.09566514,,,internal
21_B2C19324,B2C_2861708.0,,,5,80,delivery,,193,,97,,,480,1200,,,md_E_Battery Electric,-97.58951347,30.11592255,,,internal
21_B2C19108,B2C_2863680.0,,,5,33,delivery,,191,,22,,,480,1200,,,md_E_Battery Electric,-97.51913387,30.08528465,,,internal
21_B2C16305,B2C_2863680.0,,,5,43,delivery,,163,,30,,,480,1200,,,md_E_Battery Electric,-97.35798626,30.37986142,,,internal
21_B2C16402,B2C_2863680.0,,,5,18,delivery,,164,,32,,,480,1200,,,md_E_Battery Electric,-97.39707699,30.35355838,,,internal
21_B2C16311,B2C_2863680.0,,,5,31,delivery,,163,,37,,,480,1200,,,md_E_Battery Electric,-97.39046569,30.36228167,,,internal
21_B2C16804,B2C_2863680.0,,,5,34,delivery,,168,,37,,,480,1200,,,md_E_Battery Electric,-97.52058356,30.15209935,,,internal
21_B2C17706,B2C_2863680.0,,,5,82,delivery,,177,,37,,,480,1200,,,md_E_Battery Electric,-97.30212912,30.08358638,,,internal
21_B2C16425,B2C_2863680.0,,,5,59,delivery,,164,,38,,,480,1200,,,md_E_Battery Electric,-97.40493541,30.35506328,,,internal
21_B2C16901,B2C_2863680.0,,,5,56,delivery,,169,,45,,,480,1200,,,md_E_Battery Electric,-97.51258051,30.18250994,,,internal
21_B2C18509,B2C_2863680.0,,,5,77,delivery,,185,,45,,,480,1200,,,md_E_Battery Electric,-97.2744792,29.89308732,,,internal
21_B2C18614,B2C_2863680.0,,,5,112,delivery,,186,,67,,,480,1200,,,md_E_Battery Electric,-97.25172505,29.95294512,,,internal
21_B2C16005,B2C_2863680.0,,,5,129,delivery,,160,,75,,,480,1200,,,md_E_Battery Electric,-97.44068706,30.27140687,,,internal
21_B2C18222,B2C_2863682.0,,,5,70,delivery,,182,,45,,,480,1200,,,md_E_Battery Electric,-97.18807633,30.26913381,,,internal
21_B2C19208,B2C_2863682.0,,,5,27,delivery,,192,,45,,,480,1200,,,md_E_Battery Electric,-97.4500401,29.99252806,,,internal
21_B2C16102,B2C_2863682.0,,,5,37,delivery,,161,,52,,,480,1200,,,md_E_Battery Electric,-97.34472767,30.2460924,,,internal
21_B2C16603,B2C_2863682.0,,,5,45,delivery,,166,,55,,,480,1200,,,md_E_Battery Electric,-97.35333768,30.33370784,,,internal
21_B2C16007,B2C_2863682.0,,,5,154,delivery,,160,,75,,,480,1200,,,md_E_Battery Electric,-97.38412649,30.19026392,,,internal
21_B2C17603,B2C_2863682.0,,,5,75,delivery,,176,,75,,,480,1200,,,md_E_Battery Electric,-97.28877992,30.11208979,,,internal
21_B2C16405,B2C_2863682.0,,,5,190,delivery,,164,,97,,,480,1200,,,md_E_Battery Electric,-97.37829306,30.34696278,,,internal
21_B2C17107,B2C_2863682.0,,,5,154,delivery,,171,,105,,,480,1200,,,md_E_Battery Electric,-97.4817556,30.07440221,,,internal
21_B2C16926,B2C_2863682.0,,,5,230,delivery,,169,,127,,,480,1200,,,md_E_Battery Electric,-97.36551155,30.13526642,,,internal
21_B2C16009,B2C_2857130.0,,,5,27,delivery,,160,,37,,,480,1200,,,md_E_Battery Electric,-97.40778931,30.16633657,,,internal
21_B2C16315,B2C_2857130.0,,,5,65,delivery,,163,,60,,,480,1200,,,md_E_Battery Electric,-97.36351402,30.3763089,,,internal
21_B2C18215,B2C_2857130.0,,,5,258,delivery,,182,,127,,,480,1200,,,md_E_Battery Electric,-97.21547342,30.20271827,,,internal
21_B2C16427,B2C_2866292.0,,,5,6,delivery,,164,,25,,,480,1200,,,md_E_Battery Electric,-97.40396849,30.35934381,,,internal
21_B2C18802,B2C_2866292.0,,,5,41,delivery,,188,,45,,,480,1200,,,md_E_Battery Electric,-97.18973473,30.03340869,,,internal
21_B2C19436,B2C_2866292.0,,,5,34,delivery,,194,,60,,,480,1200,,,md_E_Battery Electric,-97.60172862,30.0318882,,,internal
21_B2C16010,B2C_2866292.0,,,5,72,delivery,,160,,67,,,480,1200,,,md_E_Battery Electric,-97.44144014,30.24465097,,,internal
21_B2C16921,B2C_2866292.0,,,5,139,delivery,,169,,75,,,480,1200,,,md_E_Battery Electric,-97.39420258,30.16811933,,,internal
21_B2C19118,B2C_2866292.0,,,5,185,delivery,,191,,75,,,480,1200,,,md_E_Battery Electric,-97.56649344,30.0720911,,,internal
21_B2C18416,B2C_2879892.0,,,5,82,delivery,,184,,45,,,480,1200,,,md_E_Battery Electric,-97.09192364,30.06464657,,,internal
21_B2C18501,B2C_2879892.0,,,5,13,delivery,,185,,45,,,480,1200,,,md_E_Battery Electric,-97.16148399,29.94855934,,,internal
21_B2C17012,B2C_2879892.0,,,5,11,delivery,,170,,56,,,480,1200,,,md_E_Battery Electric,-97.48312702,30.10289905,,,internal
21_B2C18904,B2C_2879892.0,,,5,79,delivery,,189,,60,,,480,1200,,,md_E_Battery Electric,-97.14461771,30.00681351,,,internal
21_B2C19510,B2C_2879892.0,,,5,133,delivery,,195,,60,,,480,1200,,,md_E_Battery Electric,-97.4980497,29.95075572,,,internal
21_B2C16012,B2C_2879892.0,,,5,79,delivery,,160,,67,,,480,1200,,,md_E_Battery Electric,-97.43735032,30.28157449,,,internal
21_B2C18303,B2C_2879892.0,,,5,152,delivery,,183,,75,,,480,1200,,,md_E_Battery Electric,-97.25245085,30.16092681,,,internal
21_B2C19101,B2C_2879892.0,,,5,108,delivery,,191,,82,,,480,1200,,,md_E_Battery Electric,-97.57155302,30.09395568,,,internal
21_B2C18302,B2C_2879892.0,,,5,174,delivery,,183,,105,,,480,1200,,,md_E_Battery Electric,-97.26524262,30.1574307,,,internal
21_B2C16014,B2C_2866919.0,,,5,6,delivery,,160,,15,,,480,1200,,,md_E_Battery Electric,-97.39734107,30.20610273,,,internal
21_B2C16110,B2C_2866919.0,,,5,82,delivery,,161,,45,,,480,1200,,,md_E_Battery Electric,-97.32542118,30.27712062,,,internal
21_B2C18114,B2C_2866919.0,,,5,48,delivery,,181,,45,,,480,1200,,,md_E_Battery Electric,-97.17564858,30.13472063,,,internal
21_B2C19211,B2C_2866919.0,,,5,102,delivery,,192,,52,,,480,1200,,,md_E_Battery Electric,-97.48487744,30.05175822,,,internal
21_B2C16615,B2C_2866919.0,,,5,37,delivery,,166,,60,,,480,1200,,,md_E_Battery Electric,-97.34539105,30.3356789,,,internal
21_B2C19424,B2C_2866919.0,,,5,132,delivery,,194,,82,,,480,1200,,,md_E_Battery Electric,-97.63406564,30.06946076,,,internal
21_B2C17913,B2C_2866919.0,,,5,110,delivery,,179,,90,,,480,1200,,,md_E_Battery Electric,-97.30509391,30.1556288,,,internal
21_B2C19417,B2C_2866919.0,,,5,159,delivery,,194,,97,,,480,1200,,,md_E_Battery Electric,-97.56505032,30.01160757,,,internal
21_B2C16015,B2C_2857131.0,,,5,17,delivery,,160,,3,,,480,1200,,,md_E_Battery Electric,-97.43173216,30.21049354,,,internal
21_B2C17801,B2C_2857131.0,,,5,28,delivery,,178,,9,,,480,1200,,,md_E_Battery Electric,-97.28367139,30.17920897,,,internal
21_B2C17407,B2C_2857131.0,,,5,123,delivery,,174,,30,,,480,1200,,,md_E_Battery Electric,-97.34540451,30.09015612,,,internal
21_B2C17839,B2C_2857131.0,,,5,24,delivery,,178,,30,,,480,1200,,,md_E_Battery Electric,-97.28798827,30.2083258,,,internal
21_B2C17820,B2C_2857131.0,,,5,78,delivery,,178,,37,,,480,1200,,,md_E_Battery Electric,-97.25566365,30.24606069,,,internal
21_B2C16805,B2C_2857131.0,,,5,74,delivery,,168,,45,,,480,1200,,,md_E_Battery Electric,-97.51233114,30.1257091,,,internal
21_B2C17411,B2C_2857131.0,,,5,62,delivery,,174,,45,,,480,1200,,,md_E_Battery Electric,-97.3472937,30.08943905,,,internal
21_B2C18601,B2C_2857131.0,,,5,23,delivery,,186,,45,,,480,1200,,,md_E_Battery Electric,-97.26033942,29.94347104,,,internal
21_B2C17303,B2C_2857131.0,,,5,48,delivery,,173,,48,,,480,1200,,,md_E_Battery Electric,-97.32542931,30.12794677,,,internal
21_B2C17507,B2C_2857131.0,,,5,43,delivery,,175,,52,,,480,1200,,,md_E_Battery Electric,-97.32059512,30.11925208,,,internal
21_B2C18005,B2C_2857131.0,,,5,39,delivery,,180,,52,,,480,1200,,,md_E_Battery Electric,-97.30244019,30.17980589,,,internal
21_B2C18011,B2C_2857131.0,,,5,67,delivery,,180,,52,,,480,1200,,,md_E_Battery Electric,-97.296062,30.16830734,,,internal
21_B2C16601,B2C_2857131.0,,,5,114,delivery,,166,,60,,,480,1200,,,md_E_Battery Electric,-97.35911097,30.33183054,,,internal
21_B2C17409,B2C_2857131.0,,,5,44,delivery,,174,,60,,,480,1200,,,md_E_Battery Electric,-97.33813904,30.08127339,,,internal
21_B2C17833,B2C_2857131.0,,,5,60,delivery,,178,,60,,,480,1200,,,md_E_Battery Electric,-97.28907435,30.23844902,,,internal
21_B2C16702,B2C_2857131.0,,,5,76,delivery,,167,,67,,,480,1200,,,md_E_Battery Electric,-97.3570997,30.35983591,,,internal
21_B2C17412,B2C_2857131.0,,,5,49,delivery,,174,,67,,,480,1200,,,md_E_Battery Electric,-97.32229116,30.0889436,,,internal
21_B2C17828,B2C_2857131.0,,,5,69,delivery,,178,,75,,,480,1200,,,md_E_Battery Electric,-97.22229475,30.22528869,,,internal
21_B2C17809,B2C_2857131.0,,,5,145,delivery,,178,,82,,,480,1200,,,md_E_Battery Electric,-97.27390153,30.24234418,,,internal
21_B2C17841,B2C_2857131.0,,,5,106,delivery,,178,,82,,,480,1200,,,md_E_Battery Electric,-97.27891077,30.25144431,,,internal
21_B2C17503,B2C_2857131.0,,,5,132,delivery,,175,,97,,,480,1200,,,md_E_Battery Electric,-97.31410348,30.12021979,,,internal
21_B2C18130,B2C_2857131.0,,,5,143,delivery,,181,,97,,,480,1200,,,md_E_Battery Electric,-97.19805207,30.09360615,,,internal
21_B2C17701,B2C_2857133.0,,,5,42,delivery,,177,,52,,,480,1200,,,md_E_Battery Electric,-97.30208274,30.07133563,,,internal
21_B2C18616,B2C_2857133.0,,,5,43,delivery,,186,,52,,,480,1200,,,md_E_Battery Electric,-97.30620369,30.01694228,,,internal
21_B2C19013,B2C_2857133.0,,,5,85,delivery,,190,,52,,,480,1200,,,md_E_Battery Electric,-97.16078666,30.00012519,,,internal
21_B2C16105,B2C_2857133.0,,,5,52,delivery,,161,,60,,,480,1200,,,md_E_Battery Electric,-97.34396826,30.29795587,,,internal
21_B2C18507,B2C_2857133.0,,,5,66,delivery,,185,,60,,,480,1200,,,md_E_Battery Electric,-97.20037319,29.9007433,,,internal
21_B2C19326,B2C_2857133.0,,,5,100,delivery,,193,,67,,,480,1200,,,md_E_Battery Electric,-97.58799567,30.1195494,,,internal
21_B2C16407,B2C_2857133.0,,,5,190,delivery,,164,,120,,,480,1200,,,md_E_Battery Electric,-97.38163931,30.34609768,,,internal
21_B2C19111,B2C_2879894.0,,,5,64,delivery,,191,,45,,,480,1200,,,md_E_Battery Electric,-97.49588335,30.09572281,,,internal
21_B2C16430,B2C_2879894.0,,,5,98,delivery,,164,,49,,,480,1200,,,md_E_Battery Electric,-97.39889786,30.34392483,,,internal
21_B2C16611,B2C_2879894.0,,,5,8,delivery,,166,,55,,,480,1200,,,md_E_Battery Electric,-97.35875569,30.32559272,,,internal
21_B2C16106,B2C_2879894.0,,,5,116,delivery,,161,,75,,,480,1200,,,md_E_Battery Electric,-97.33942827,30.2701925,,,internal
21_B2C16703,B2C_2879894.0,,,5,118,delivery,,167,,75,,,480,1200,,,md_E_Battery Electric,-97.36333016,30.34721822,,,internal
21_B2C17024,B2C_2879894.0,,,5,72,delivery,,170,,75,,,480,1200,,,md_E_Battery Electric,-97.41868647,30.11424379,,,internal
21_B2C16801,B2C_2857124.0,,,5,78,delivery,,168,,52,,,480,1200,,,md_E_Battery Electric,-97.5366915,30.14642272,,,internal
21_B2C17005,B2C_2857124.0,,,5,87,delivery,,170,,67,,,480,1200,,,md_E_Battery Electric,-97.45212048,30.11545473,,,internal
21_B2C18610,B2C_2857124.0,,,5,111,delivery,,186,,75,,,480,1200,,,md_E_Battery Electric,-97.31238108,30.01317904,,,internal
21_B2C19001,B2C_2857124.0,,,5,150,delivery,,190,,75,,,480,1200,,,md_E_Battery Electric,-97.15434609,29.98797428,,,internal
21_B2C16112,B2C_2857124.0,,,5,143,delivery,,161,,82,,,480,1200,,,md_E_Battery Electric,-97.29986874,30.30484059,,,internal
21_B2C16107,B2C_2857124.0,,,5,136,delivery,,161,,90,,,480,1200,,,md_E_Battery Electric,-97.34295182,30.28478856,,,internal
21_B2C16944,B2C_2857124.0,,,5,53,delivery,,169,,90,,,480,1200,,,md_E_Battery Electric,-97.36183219,30.15679812,,,internal
21_B2C16113,B2C_2866905.0,,,5,99,delivery,,161,,22,,,480,1200,,,md_E_Battery Electric,-97.35142925,30.31166614,,,internal
21_B2C19502,B2C_2866905.0,,,5,30,delivery,,195,,22,,,480,1200,,,md_E_Battery Electric,-97.50581088,29.94687054,,,internal
21_B2C16309,B2C_2866905.0,,,5,53,delivery,,163,,30,,,480,1200,,,md_E_Battery Electric,-97.3710094,30.35815729,,,internal
21_B2C16413,B2C_2866905.0,,,5,33,delivery,,164,,32,,,480,1200,,,md_E_Battery Electric,-97.3994883,30.34522577,,,internal
21_B2C16206,B2C_2866905.0,,,5,42,delivery,,162,,45,,,480,1200,,,md_E_Battery Electric,-97.20969969,30.28487777,,,internal
21_B2C17009,B2C_2866905.0,,,5,72,delivery,,170,,45,,,480,1200,,,md_E_Battery Electric,-97.46889542,30.13285138,,,internal
21_B2C16927,B2C_2866905.0,,,5,129,delivery,,169,,52,,,480,1200,,,md_E_Battery Electric,-97.4642163,30.1700806,,,internal
21_B2C16942,B2C_2866905.0,,,5,34,delivery,,169,,67,,,480,1200,,,md_E_Battery Electric,-97.37013514,30.12831683,,,internal
21_B2C16807,B2C_2866905.0,,,5,85,delivery,,168,,75,,,480,1200,,,md_E_Battery Electric,-97.52172814,30.1634849,,,internal
21_B2C17103,B2C_2866905.0,,,5,146,delivery,,171,,75,,,480,1200,,,md_E_Battery Electric,-97.41030517,30.08753822,,,internal
21_B2C18121,B2C_2866905.0,,,5,112,delivery,,181,,90,,,480,1200,,,md_E_Battery Electric,-97.19937877,30.15716827,,,internal
21_B2C19201,B2C_2866905.0,,,5,106,delivery,,192,,90,,,480,1200,,,md_E_Battery Electric,-97.49254213,30.00017802,,,internal
21_B2C16937,B2C_2875883.0,,,5,49,delivery,,169,,45,,,480,1200,,,md_E_Battery Electric,-97.3870343,30.15471995,,,internal
21_B2C16908,B2C_2875883.0,,,5,67,delivery,,169,,60,,,480,1200,,,md_E_Battery Electric,-97.36978461,30.14313008,,,internal
21_B2C16115,B2C_2875883.0,,,5,52,delivery,,161,,67,,,480,1200,,,md_E_Battery Electric,-97.35553634,30.28926835,,,internal
21_B2C16933,B2C_2875883.0,,,5,163,delivery,,169,,105,,,480,1200,,,md_E_Battery Electric,-97.34101902,30.11779101,,,internal
21_B2C17002,B2C_2875883.0,,,5,109,delivery,,170,,105,,,480,1200,,,md_E_Battery Electric,-97.47063228,30.10791061,,,internal
21_B2C18609,B2C_2875886.0,,,5,9,delivery,,186,,22,,,480,1200,,,md_E_Battery Electric,-97.19697769,29.98000587,,,internal
21_B2C16947,B2C_2875886.0,,,5,95,delivery,,169,,37,,,480,1200,,,md_E_Battery Electric,-97.40397774,30.15213229,,,internal
21_B2C16117,B2C_2875886.0,,,5,86,delivery,,161,,45,,,480,1200,,,md_E_Battery Electric,-97.34398748,30.28596078,,,internal
21_B2C17905,B2C_2875886.0,,,5,68,delivery,,179,,45,,,480,1200,,,md_E_Battery Electric,-97.34482582,30.18045335,,,internal
21_B2C18404,B2C_2875886.0,,,5,94,delivery,,184,,45,,,480,1200,,,md_E_Battery Electric,-97.07097528,30.08875783,,,internal
21_B2C19103,B2C_2875886.0,,,5,115,delivery,,191,,45,,,480,1200,,,md_E_Battery Electric,-97.55417944,30.09291987,,,internal
21_B2C18902,B2C_2875886.0,,,5,75,delivery,,189,,56,,,480,1200,,,md_E_Battery Electric,-97.13581677,30.00463326,,,internal
21_B2C19401,B2C_2875886.0,,,5,39,delivery,,194,,67,,,480,1200,,,md_E_Battery Electric,-97.60456809,30.08934373,,,internal
21_B2C16423,B2C_2875886.0,,,5,113,delivery,,164,,75,,,480,1200,,,md_E_Battery Electric,-97.39858661,30.34441503,,,internal
21_B2C18113,B2C_2875886.0,,,5,86,delivery,,181,,75,,,480,1200,,,md_E_Battery Electric,-97.12627197,30.16475182,,,internal
21_B2C17709,B2C_2875886.0,,,5,118,delivery,,177,,97,,,480,1200,,,md_E_Battery Electric,-97.29018203,30.06517712,,,internal
21_B2C17908,B2C_2875886.0,,,5,45,delivery,,179,,97,,,480,1200,,,md_E_Battery Electric,-97.3356216,30.18724,,,internal
21_B2C18613,B2C_2875886.0,,,5,217,delivery,,186,,97,,,480,1200,,,md_E_Battery Electric,-97.28508286,30.01461814,,,internal
21_B2C19426,B2C_2857119.0,,,5,8,delivery,,194,,22,,,480,1200,,,md_E_Battery Electric,-97.56950678,30.03320019,,,internal
21_B2C16909,B2C_2857119.0,,,5,161,delivery,,169,,37,,,480,1200,,,md_E_Battery Electric,-97.50073567,30.1596118,,,internal
21_B2C18704,B2C_2857119.0,,,5,44,delivery,,187,,41,,,480,1200,,,md_E_Battery Electric,-97.14479379,30.00982435,,,internal
21_B2C16424,B2C_2857119.0,,,5,46,delivery,,164,,44,,,480,1200,,,md_E_Battery Electric,-97.37690954,30.34849435,,,internal
21_B2C19317,B2C_2857119.0,,,5,59,delivery,,193,,45,,,480,1200,,,md_E_Battery Electric,-97.5975734,30.11021995,,,internal
21_B2C19405,B2C_2857119.0,,,5,82,delivery,,194,,45,,,480,1200,,,md_E_Battery Electric,-97.62849271,30.07205636,,,internal
21_B2C16208,B2C_2857119.0,,,5,51,delivery,,162,,52,,,480,1200,,,md_E_Battery Electric,-97.20054802,30.29435348,,,internal
21_B2C17105,B2C_2857119.0,,,5,51,delivery,,171,,52,,,480,1200,,,md_E_Battery Electric,-97.46062026,30.0613923,,,internal
21_B2C17111,B2C_2857119.0,,,5,84,delivery,,171,,52,,,480,1200,,,md_E_Battery Electric,-97.41460369,30.09213886,,,internal
21_B2C19204,B2C_2857119.0,,,5,103,delivery,,192,,60,,,480,1200,,,md_E_Battery Electric,-97.47352556,30.03578602,,,internal
21_B2C19508,B2C_2857119.0,,,5,156,delivery,,195,,60,,,480,1200,,,md_E_Battery Electric,-97.54757602,30.00940475,,,internal
21_B2C19415,B2C_2857119.0,,,5,155,delivery,,194,,75,,,480,1200,,,md_E_Battery Electric,-97.54877186,30.04945635,,,internal
21_B2C16201,B2C_2857119.0,,,5,85,delivery,,162,,82,,,480,1200,,,md_E_Battery Electric,-97.20861447,30.25302226,,,internal
21_B2C19608,B2C_2879887.0,,,5,1,delivery,,196,,3,,,480,1200,,,md_E_Battery Electric,-97.41864791,29.97898523,,,internal
21_B2C16202,B2C_2879887.0,,,5,35,delivery,,162,,30,,,480,1200,,,md_E_Battery Electric,-97.21820629,30.33601284,,,internal
21_B2C17016,B2C_2879887.0,,,5,35,delivery,,170,,30,,,480,1200,,,md_E_Battery Electric,-97.48939886,30.10509776,,,internal
21_B2C17225,B2C_2879887.0,,,5,19,delivery,,172,,37,,,480,1200,,,md_E_Battery Electric,-97.29760255,30.051751,,,internal
21_B2C17227,B2C_2879887.0,,,5,90,delivery,,172,,45,,,480,1200,,,md_E_Battery Electric,-97.37372689,30.07710655,,,internal
21_B2C16910,B2C_2879887.0,,,5,71,delivery,,169,,52,,,480,1200,,,md_E_Battery Electric,-97.36775574,30.13437836,,,internal
21_B2C17022,B2C_2879887.0,,,5,27,delivery,,170,,52,,,480,1200,,,md_E_Battery Electric,-97.44332653,30.11896869,,,internal
21_B2C17209,B2C_2879887.0,,,5,62,delivery,,172,,52,,,480,1200,,,md_E_Battery Electric,-97.35609852,30.00578878,,,internal
21_B2C19609,B2C_2879887.0,,,5,107,delivery,,196,,67,,,480,1200,,,md_E_Battery Electric,-97.42081025,29.93144495,,,internal
21_B2C16822,B2C_2879887.0,,,5,134,delivery,,168,,105,,,480,1200,,,md_E_Battery Electric,-97.5496401,30.15360147,,,internal
21_B2C18115,B2C_2879888.0,,,5,20,delivery,,181,,15,,,480,1200,,,md_E_Battery Electric,-97.12018967,30.18227739,,,internal
21_B2C17228,B2C_2879888.0,,,5,49,delivery,,172,,37,,,480,1200,,,md_E_Battery Electric,-97.40376023,29.99033688,,,internal
21_B2C16204,B2C_2879888.0,,,5,73,delivery,,162,,45,,,480,1200,,,md_E_Battery Electric,-97.28117076,30.3384367,,,internal
21_B2C16919,B2C_2879888.0,,,5,34,delivery,,169,,45,,,480,1200,,,md_E_Battery Electric,-97.44421465,30.16696302,,,internal
21_B2C16511,B2C_2879888.0,,,5,107,delivery,,165,,52,,,480,1200,,,md_E_Battery Electric,-97.38189871,30.32868191,,,internal
21_B2C17207,B2C_2879888.0,,,5,117,delivery,,172,,67,,,480,1200,,,md_E_Battery Electric,-97.40952165,29.98402326,,,internal
21_B2C17208,B2C_2879888.0,,,5,123,delivery,,172,,67,,,480,1200,,,md_E_Battery Electric,-97.32874788,30.03322221,,,internal
21_B2C17108,B2C_2879888.0,,,5,51,delivery,,171,,75,,,480,1200,,,md_E_Battery Electric,-97.48051728,30.08551758,,,internal
21_B2C17201,B2C_2879888.0,,,5,39,delivery,,172,,90,,,480,1200,,,md_E_Battery Electric,-97.41593711,30.00777419,,,internal
21_B2C16502,B2C_2879888.0,,,5,137,delivery,,165,,97,,,480,1200,,,md_E_Battery Electric,-97.38490262,30.34188772,,,internal
21_B2C16310,B2C_2866759.0,,,5,65,delivery,,163,,45,,,480,1200,,,md_E_Battery Electric,-97.3862998,30.37598305,,,internal
21_B2C16307,B2C_2866759.0,,,5,41,delivery,,163,,52,,,480,1200,,,md_E_Battery Electric,-97.37384192,30.35909661,,,internal
21_B2C18202,B2C_2866759.0,,,5,104,delivery,,182,,67,,,480,1200,,,md_E_Battery Electric,-97.20541923,30.19504976,,,internal
21_B2C16207,B2C_2866759.0,,,5,131,delivery,,162,,82,,,480,1200,,,md_E_Battery Electric,-97.20749639,30.27240464,,,internal
21_B2C17811,B2C_2861705.0,,,5,42,delivery,,178,,30,,,480,1200,,,md_E_Battery Electric,-97.28577223,30.24995119,,,internal
21_B2C17808,B2C_2861705.0,,,5,56,delivery,,178,,37,,,480,1200,,,md_E_Battery Electric,-97.30039001,30.18662154,,,internal
21_B2C16412,B2C_2861705.0,,,5,19,delivery,,164,,38,,,480,1200,,,md_E_Battery Electric,-97.41115017,30.34887733,,,internal
21_B2C16416,B2C_2861705.0,,,5,50,delivery,,164,,44,,,480,1200,,,md_E_Battery Electric,-97.41372225,30.34468288,,,internal
21_B2C16209,B2C_2861705.0,,,5,57,delivery,,162,,60,,,480,1200,,,md_E_Battery Electric,-97.19546219,30.27189656,,,internal
21_B2C17911,B2C_2861705.0,,,5,144,delivery,,179,,60,,,480,1200,,,md_E_Battery Electric,-97.31714094,30.20294013,,,internal
21_B2C18012,B2C_2861705.0,,,5,106,delivery,,180,,60,,,480,1200,,,md_E_Battery Electric,-97.3010315,30.17217982,,,internal
21_B2C18205,B2C_2861705.0,,,5,104,delivery,,182,,60,,,480,1200,,,md_E_Battery Electric,-97.10538931,30.27478763,,,internal
21_B2C18013,B2C_2861705.0,,,5,137,delivery,,180,,67,,,480,1200,,,md_E_Battery Electric,-97.30187795,30.18377096,,,internal
21_B2C16420,B2C_2861705.0,,,5,109,delivery,,164,,75,,,480,1200,,,md_E_Battery Electric,-97.39115059,30.3428204,,,internal
21_B2C17814,B2C_2861705.0,,,5,59,delivery,,178,,75,,,480,1200,,,md_E_Battery Electric,-97.26999854,30.18001421,,,internal
21_B2C17832,B2C_2861705.0,,,5,77,delivery,,178,,75,,,480,1200,,,md_E_Battery Electric,-97.28158028,30.21050261,,,internal
21_B2C17835,B2C_2861705.0,,,5,67,delivery,,178,,75,,,480,1200,,,md_E_Battery Electric,-97.28789717,30.29688352,,,internal
21_B2C18003,B2C_2861705.0,,,5,86,delivery,,180,,82,,,480,1200,,,md_E_Battery Electric,-97.30692094,30.17426165,,,internal
21_B2C16210,B2C_2875882.0,,,5,128,delivery,,162,,75,,,480,1200,,,md_E_Battery Electric,-97.21125676,30.24606573,,,internal
21_B2C16939,B2C_2875882.0,,,5,146,delivery,,169,,97,,,480,1200,,,md_E_Battery Electric,-97.40569905,30.13602942,,,internal
21_B2C17610,B2C_2866914.0,,,5,35,delivery,,176,,30,,,480,1200,,,md_E_Battery Electric,-97.29836058,30.12101797,,,internal
21_B2C18109,B2C_2866914.0,,,5,89,delivery,,181,,37,,,480,1200,,,md_E_Battery Electric,-97.26956042,30.10979096,,,internal
21_B2C16211,B2C_2866914.0,,,5,47,delivery,,162,,45,,,480,1200,,,md_E_Battery Electric,-97.1828376,30.31557339,,,internal
21_B2C17106,B2C_2866914.0,,,5,26,delivery,,171,,45,,,480,1200,,,md_E_Battery Electric,-97.4840591,30.07363954,,,internal
21_B2C16812,B2C_2866914.0,,,5,97,delivery,,168,,52,,,480,1200,,,md_E_Battery Electric,-97.51869849,30.13875236,,,internal
21_B2C19504,B2C_2866914.0,,,5,96,delivery,,195,,67,,,480,1200,,,md_E_Battery Electric,-97.52629906,30.00508889,,,internal
21_B2C16902,B2C_2866914.0,,,5,121,delivery,,169,,90,,,480,1200,,,md_E_Battery Electric,-97.45426752,30.13562404,,,internal
21_B2C19404,B2C_2866914.0,,,5,122,delivery,,194,,90,,,480,1200,,,md_E_Battery Electric,-97.61909006,30.05202407,,,internal
21_B2C17708,B2C_2866914.0,,,5,108,delivery,,177,,97,,,480,1200,,,md_E_Battery Electric,-97.28661566,30.06921349,,,internal
21_B2C19443,B2C_2860895.0,,,5,31,delivery,,194,,45,,,480,1200,,,md_E_Battery Electric,-97.5525974,30.03705982,,,internal
21_B2C18510,B2C_2860895.0,,,5,106,delivery,,185,,52,,,480,1200,,,md_E_Battery Electric,-97.35304893,29.87122189,,,internal
21_B2C19102,B2C_2860895.0,,,5,46,delivery,,191,,52,,,480,1200,,,md_E_Battery Electric,-97.55396927,30.09409387,,,internal
21_B2C19505,B2C_2860895.0,,,5,66,delivery,,195,,60,,,480,1200,,,md_E_Battery Electric,-97.53537527,30.00067022,,,internal
21_B2C16213,B2C_2860895.0,,,5,37,delivery,,162,,67,,,480,1200,,,md_E_Battery Electric,-97.24485614,30.29352422,,,internal
21_B2C16823,B2C_2863672.0,,,5,48,delivery,,168,,22,,,480,1200,,,md_E_Battery Electric,-97.50304663,30.12108048,,,internal
21_B2C16301,B2C_2863672.0,,,5,53,delivery,,163,,67,,,480,1200,,,md_E_Battery Electric,-97.38900995,30.38456344,,,internal
21_B2C17915,B2C_2863672.0,,,5,103,delivery,,179,,82,,,480,1200,,,md_E_Battery Electric,-97.30429412,30.15121115,,,internal
21_B2C16903,B2C_2857118.0,,,5,46,delivery,,169,,37,,,480,1200,,,md_E_Battery Electric,-97.41586543,30.13511565,,,internal
21_B2C16304,B2C_2857118.0,,,5,39,delivery,,163,,52,,,480,1200,,,md_E_Battery Electric,-97.37126568,30.37196505,,,internal
21_B2C16512,B2C_2857118.0,,,5,55,delivery,,165,,75,,,480,1200,,,md_E_Battery Electric,-97.37802655,30.33340207,,,internal
21_B2C18502,B2C_2857118.0,,,5,113,delivery,,185,,75,,,480,1200,,,md_E_Battery Electric,-97.33077788,29.87642853,,,internal
21_B2C18128,B2C_2863674.0,,,5,35,delivery,,181,,52,,,480,1200,,,md_E_Battery Electric,-97.26765296,30.09849423,,,internal
21_B2C18908,B2C_2863674.0,,,5,87,delivery,,189,,56,,,480,1200,,,md_E_Battery Electric,-97.14665668,30.00764497,,,internal
21_B2C19004,B2C_2863674.0,,,5,46,delivery,,190,,60,,,480,1200,,,md_E_Battery Electric,-97.168126,30.00146348,,,internal
21_B2C16316,B2C_2863674.0,,,5,159,delivery,,163,,67,,,480,1200,,,md_E_Battery Electric,-97.36290937,30.38035108,,,internal
21_B2C16308,B2C_2863674.0,,,5,73,delivery,,163,,75,,,480,1200,,,md_E_Battery Electric,-97.38762696,30.37877509,,,internal
21_B2C19006,B2C_2863674.0,,,5,131,delivery,,190,,90,,,480,1200,,,md_E_Battery Electric,-97.17477963,30.00149766,,,internal
21_B2C16313,B2C_2866915.0,,,5,120,delivery,,163,,37,,,480,1200,,,md_E_Battery Electric,-97.37554403,30.39231783,,,internal
21_B2C18111,B2C_2866915.0,,,5,96,delivery,,181,,37,,,480,1200,,,md_E_Battery Electric,-97.10315068,30.21189118,,,internal
21_B2C16507,B2C_2866915.0,,,5,126,delivery,,165,,45,,,480,1200,,,md_E_Battery Electric,-97.37898395,30.32124909,,,internal
21_B2C16501,B2C_2866915.0,,,5,81,delivery,,165,,90,,,480,1200,,,md_E_Battery Electric,-97.38284523,30.33657043,,,internal
21_B2C16406,B2C_2875888.0,,,5,52,delivery,,164,,44,,,480,1200,,,md_E_Battery Electric,-97.40019386,30.34866296,,,internal
21_B2C17705,B2C_2875888.0,,,5,132,delivery,,177,,82,,,480,1200,,,md_E_Battery Electric,-97.29758888,30.07459721,,,internal
21_B2C19430,B2C_2875888.0,,,5,133,delivery,,194,,82,,,480,1200,,,md_E_Battery Electric,-97.60547077,30.04691278,,,internal
21_B2C18301,B2C_2857111.0,,,5,12,delivery,,183,,22,,,480,1200,,,md_E_Battery Electric,-97.23279387,30.15441929,,,internal
21_B2C19612,B2C_2857111.0,,,5,45,delivery,,196,,37,,,480,1200,,,md_E_Battery Electric,-97.39631716,29.97459749,,,internal
21_B2C19438,B2C_2857111.0,,,5,55,delivery,,194,,45,,,480,1200,,,md_E_Battery Electric,-97.55576187,30.0259952,,,internal
21_B2C16417,B2C_2857111.0,,,5,142,delivery,,164,,59,,,480,1200,,,md_E_Battery Electric,-97.39342199,30.3514938,,,internal
21_B2C18116,B2C_2857111.0,,,5,87,delivery,,181,,67,,,480,1200,,,md_E_Battery Electric,-97.15767777,30.18508081,,,internal
21_B2C16408,B2C_2857111.0,,,5,117,delivery,,164,,82,,,480,1200,,,md_E_Battery Electric,-97.40051032,30.35846653,,,internal
21_B2C18907,B2C_2866757.0,,,5,59,delivery,,189,,33,,,480,1200,,,md_E_Battery Electric,-97.13764865,30.00402356,,,internal
21_B2C18808,B2C_2866757.0,,,5,127,delivery,,188,,60,,,480,1200,,,md_E_Battery Electric,-97.17903327,30.03842582,,,internal
21_B2C16514,B2C_2866757.0,,,5,102,delivery,,165,,75,,,480,1200,,,md_E_Battery Electric,-97.37691592,30.32682966,,,internal
21_B2C18619,B2C_2866757.0,,,5,88,delivery,,186,,75,,,480,1200,,,md_E_Battery Electric,-97.31663903,30.00867724,,,internal
21_B2C16410,B2C_2866757.0,,,5,112,delivery,,164,,82,,,480,1200,,,md_E_Battery Electric,-97.3774568,30.35300299,,,internal
21_B2C17003,B2C_2866293.0,,,5,43,delivery,,170,,30,,,480,1200,,,md_E_Battery Electric,-97.46179569,30.13644931,,,internal
21_B2C16515,B2C_2866293.0,,,5,29,delivery,,165,,37,,,480,1200,,,md_E_Battery Electric,-97.37615364,30.32057399,,,internal
21_B2C16411,B2C_2866293.0,,,5,27,delivery,,164,,38,,,480,1200,,,md_E_Battery Electric,-97.38918933,30.35380422,,,internal
21_B2C17904,B2C_2866293.0,,,5,36,delivery,,179,,45,,,480,1200,,,md_E_Battery Electric,-97.35588707,30.14219822,,,internal
21_B2C16817,B2C_2866293.0,,,5,86,delivery,,168,,52,,,480,1200,,,md_E_Battery Electric,-97.48172268,30.14097027,,,internal
21_B2C18801,B2C_2866293.0,,,5,59,delivery,,188,,52,,,480,1200,,,md_E_Battery Electric,-97.18096669,30.04369191,,,internal
21_B2C16821,B2C_2866293.0,,,5,65,delivery,,168,,90,,,480,1200,,,md_E_Battery Electric,-97.50342646,30.11790247,,,internal
21_B2C19212,B2C_2863689.0,,,5,50,delivery,,192,,22,,,480,1200,,,md_E_Battery Electric,-97.45686561,30.0076201,,,internal
21_B2C16613,B2C_2863689.0,,,5,71,delivery,,166,,52,,,480,1200,,,md_E_Battery Electric,-97.36182591,30.34273653,,,internal
21_B2C18804,B2C_2863689.0,,,5,60,delivery,,188,,52,,,480,1200,,,md_E_Battery Electric,-97.17313287,30.03432047,,,internal
21_B2C16418,B2C_2863689.0,,,5,142,delivery,,164,,59,,,480,1200,,,md_E_Battery Electric,-97.40340555,30.34413561,,,internal
21_B2C16707,B2C_2863689.0,,,5,194,delivery,,167,,67,,,480,1200,,,md_E_Battery Electric,-97.36080901,30.34501372,,,internal
21_B2C17609,B2C_2863689.0,,,5,69,delivery,,176,,67,,,480,1200,,,md_E_Battery Electric,-97.29096825,30.13893971,,,internal
21_B2C18007,B2C_2863689.0,,,5,64,delivery,,180,,75,,,480,1200,,,md_E_Battery Electric,-97.3136455,30.19015888,,,internal
21_B2C19321,B2C_2863689.0,,,5,121,delivery,,193,,75,,,480,1200,,,md_E_Battery Electric,-97.54782446,30.11911425,,,internal
21_B2C18009,B2C_2863689.0,,,5,126,delivery,,180,,82,,,480,1200,,,md_E_Battery Electric,-97.30354198,30.16554002,,,internal
21_B2C19114,B2C_2863689.0,,,5,129,delivery,,191,,90,,,480,1200,,,md_E_Battery Electric,-97.54063367,30.10670976,,,internal
21_B2C19441,B2C_2863689.0,,,5,144,delivery,,194,,90,,,480,1200,,,md_E_Battery Electric,-97.58132533,30.05069674,,,internal
21_B2C18401,B2C_2863676.0,,,5,73,delivery,,184,,45,,,480,1200,,,md_E_Battery Electric,-97.08799165,30.02998041,,,internal
21_B2C16419,B2C_2863676.0,,,5,88,delivery,,164,,54,,,480,1200,,,md_E_Battery Electric,-97.401829,30.36142077,,,internal
21_B2C18611,B2C_2863676.0,,,5,129,delivery,,186,,67,,,480,1200,,,md_E_Battery Electric,-97.3936785,29.87934934,,,internal
21_B2C18407,B2C_2863676.0,,,5,142,delivery,,184,,75,,,480,1200,,,md_E_Battery Electric,-97.04297864,30.11605598,,,internal
21_B2C17821,B2C_2861703.0,,,5,33,delivery,,178,,30,,,480,1200,,,md_E_Battery Electric,-97.25882684,30.19433428,,,internal
21_B2C18221,B2C_2861703.0,,,5,15,delivery,,182,,30,,,480,1200,,,md_E_Battery Electric,-97.1570967,30.21679541,,,internal
21_B2C17310,B2C_2861703.0,,,5,20,delivery,,173,,38,,,480,1200,,,md_E_Battery Electric,-97.32483767,30.12317895,,,internal
21_B2C17305,B2C_2861703.0,,,5,29,delivery,,173,,45,,,480,1200,,,md_E_Battery Electric,-97.3250994,30.142103,,,internal
21_B2C16428,B2C_2861703.0,,,5,43,delivery,,164,,49,,,480,1200,,,md_E_Battery Electric,-97.37774077,30.34943602,,,internal
21_B2C17505,B2C_2861703.0,,,5,65,delivery,,175,,52,,,480,1200,,,md_E_Battery Electric,-97.31782577,30.11525379,,,internal
21_B2C18207,B2C_2861703.0,,,5,111,delivery,,182,,52,,,480,1200,,,md_E_Battery Electric,-97.07655055,30.22945024,,,internal
21_B2C19105,B2C_2861703.0,,,5,80,delivery,,191,,52,,,480,1200,,,md_E_Battery Electric,-97.57043567,30.09996269,,,internal
21_B2C19507,B2C_2861703.0,,,5,40,delivery,,195,,52,,,480,1200,,,md_E_Battery Electric,-97.53458611,30.01326583,,,internal
21_B2C17302,B2C_2861703.0,,,5,45,delivery,,173,,57,,,480,1200,,,md_E_Battery Electric,-97.31325901,30.12735062,,,internal
21_B2C16607,B2C_2861703.0,,,5,57,delivery,,166,,60,,,480,1200,,,md_E_Battery Electric,-97.35608883,30.32399283,,,internal
21_B2C17414,B2C_2861703.0,,,5,56,delivery,,174,,60,,,480,1200,,,md_E_Battery Electric,-97.33233276,30.08037949,,,internal
21_B2C17501,B2C_2861703.0,,,5,28,delivery,,175,,60,,,480,1200,,,md_E_Battery Electric,-97.3234262,30.11122962,,,internal
21_B2C17834,B2C_2861703.0,,,5,75,delivery,,178,,60,,,480,1200,,,md_E_Battery Electric,-97.21564562,30.21559702,,,internal
21_B2C17803,B2C_2861703.0,,,5,46,delivery,,178,,67,,,480,1200,,,md_E_Battery Electric,-97.28386215,30.18009931,,,internal
21_B2C19015,B2C_2861703.0,,,5,55,delivery,,190,,67,,,480,1200,,,md_E_Battery Electric,-97.15509199,29.99730458,,,internal
21_B2C17406,B2C_2861703.0,,,5,169,delivery,,174,,75,,,480,1200,,,md_E_Battery Electric,-97.34401271,30.10671252,,,internal
21_B2C17813,B2C_2861703.0,,,5,155,delivery,,178,,97,,,480,1200,,,md_E_Battery Electric,-97.30591478,30.24728266,,,internal
21_B2C17817,B2C_2861703.0,,,5,106,delivery,,178,,112,,,480,1200,,,md_E_Battery Electric,-97.27549622,30.29546344,,,internal
21_B2C19109,B2C_2857114.0,,,5,52,delivery,,191,,30,,,480,1200,,,md_E_Battery Electric,-97.58826554,30.1048491,,,internal
21_B2C16503,B2C_2857114.0,,,5,72,delivery,,165,,52,,,480,1200,,,md_E_Battery Electric,-97.38190819,30.33607578,,,internal
21_B2C17902,B2C_2857114.0,,,5,64,delivery,,179,,52,,,480,1200,,,md_E_Battery Electric,-97.3283273,30.25832933,,,internal
21_B2C17914,B2C_2857114.0,,,5,66,delivery,,179,,60,,,480,1200,,,md_E_Battery Electric,-97.32626044,30.2447052,,,internal
21_B2C16504,B2C_2857114.0,,,5,102,delivery,,165,,67,,,480,1200,,,md_E_Battery Electric,-97.38689208,30.33855804,,,internal
21_B2C19115,B2C_2857114.0,,,5,52,delivery,,191,,82,,,480,1200,,,md_E_Battery Electric,-97.56638625,30.09248886,,,internal
21_B2C17017,B2C_2857114.0,,,5,47,delivery,,170,,90,,,480,1200,,,md_E_Battery Electric,-97.44914243,30.1213124,,,internal
21_B2C16509,B2C_2866706.0,,,5,103,delivery,,165,,60,,,480,1200,,,md_E_Battery Electric,-97.37368958,30.33666313,,,internal
21_B2C19306,B2C_2866706.0,,,5,123,delivery,,193,,60,,,480,1200,,,md_E_Battery Electric,-97.59518793,30.10853046,,,internal
21_B2C18313,B2C_2866706.0,,,5,93,delivery,,183,,67,,,480,1200,,,md_E_Battery Electric,-97.22753405,30.15169842,,,internal
21_B2C19319,B2C_2866706.0,,,5,96,delivery,,193,,75,,,480,1200,,,md_E_Battery Electric,-97.5966584,30.10353763,,,internal
21_B2C16941,B2C_2857112.0,,,5,34,delivery,,169,,22,,,480,1200,,,md_E_Battery Electric,-97.44347823,30.17672759,,,internal
21_B2C16605,B2C_2857112.0,,,5,70,delivery,,166,,52,,,480,1200,,,md_E_Battery Electric,-97.3554248,30.34120382,,,internal
21_B2C18223,B2C_2857112.0,,,5,49,delivery,,182,,67,,,480,1200,,,md_E_Battery Electric,-97.118109,30.2748405,,,internal
21_B2C16950,B2C_2857112.0,,,5,141,delivery,,169,,75,,,480,1200,,,md_E_Battery Electric,-97.50174168,30.17627207,,,internal
21_B2C18703,B2C_2857109.0,,,5,60,delivery,,187,,46,,,480,1200,,,md_E_Battery Electric,-97.15294091,30.01355816,,,internal
21_B2C17718,B2C_2857109.0,,,5,86,delivery,,177,,52,,,480,1200,,,md_E_Battery Electric,-97.28954706,30.09793698,,,internal
21_B2C18604,B2C_2857109.0,,,5,167,delivery,,186,,52,,,480,1200,,,md_E_Battery Electric,-97.34578838,29.92746663,,,internal
21_B2C19323,B2C_2857109.0,,,5,96,delivery,,193,,60,,,480,1200,,,md_E_Battery Electric,-97.54350348,30.12844584,,,internal
21_B2C19408,B2C_2857109.0,,,5,64,delivery,,194,,60,,,480,1200,,,md_E_Battery Electric,-97.57457723,30.06484693,,,internal
21_B2C16608,B2C_2857109.0,,,5,104,delivery,,166,,97,,,480,1200,,,md_E_Battery Electric,-97.35560501,30.33514093,,,internal
21_B2C19610,B2C_2857122.0,,,5,6,delivery,,196,,22,,,480,1200,,,md_E_Battery Electric,-97.4542833,29.93576756,,,internal
21_B2C19209,B2C_2857122.0,,,5,23,delivery,,192,,30,,,480,1200,,,md_E_Battery Electric,-97.45029012,30.01788762,,,internal
21_B2C17707,B2C_2857122.0,,,5,56,delivery,,177,,37,,,480,1200,,,md_E_Battery Electric,-97.27474323,30.09363385,,,internal
21_B2C19407,B2C_2857122.0,,,5,37,delivery,,194,,45,,,480,1200,,,md_E_Battery Electric,-97.59960549,30.08770144,,,internal
21_B2C19411,B2C_2857122.0,,,5,83,delivery,,194,,45,,,480,1200,,,md_E_Battery Electric,-97.54751793,30.03157131,,,internal
21_B2C19439,B2C_2857122.0,,,5,45,delivery,,194,,45,,,480,1200,,,md_E_Battery Electric,-97.6224097,30.0870618,,,internal
21_B2C19428,B2C_2857122.0,,,5,95,delivery,,194,,60,,,480,1200,,,md_E_Battery Electric,-97.60814773,30.08435593,,,internal
21_B2C16706,B2C_2857122.0,,,5,53,delivery,,167,,67,,,480,1200,,,md_E_Battery Electric,-97.36273068,30.35731863,,,internal
21_B2C18105,B2C_2857122.0,,,5,191,delivery,,181,,82,,,480,1200,,,md_E_Battery Electric,-97.2376444,30.02293977,,,internal
21_B2C16948,B2C_2857122.0,,,5,216,delivery,,169,,105,,,480,1200,,,md_E_Battery Electric,-97.43725822,30.12952852,,,internal
21_B2C18606,B2C_2866910.0,,,5,36,delivery,,186,,45,,,480,1200,,,md_E_Battery Electric,-97.24772787,30.00441444,,,internal
21_B2C19003,B2C_2866910.0,,,5,118,delivery,,190,,45,,,480,1200,,,md_E_Battery Electric,-97.17585054,29.99750919,,,internal
21_B2C16806,B2C_2866910.0,,,5,62,delivery,,168,,52,,,480,1200,,,md_E_Battery Electric,-97.50501622,30.1065377,,,internal
21_B2C17027,B2C_2866910.0,,,5,65,delivery,,170,,52,,,480,1200,,,md_E_Battery Electric,-97.46020927,30.11475454,,,internal
21_B2C18227,B2C_2866910.0,,,5,78,delivery,,182,,52,,,480,1200,,,md_E_Battery Electric,-97.15740798,30.26816766,,,internal
21_B2C19304,B2C_2866910.0,,,5,90,delivery,,193,,67,,,480,1200,,,md_E_Battery Electric,-97.53744317,30.11517255,,,internal
21_B2C19516,B2C_2866910.0,,,5,81,delivery,,195,,75,,,480,1200,,,md_E_Battery Electric,-97.51135803,29.99839232,,,internal
21_B2C19517,B2C_2879893.0,,,5,9,delivery,,195,,22,,,480,1200,,,md_E_Battery Electric,-97.54868601,29.99468979,,,internal
21_B2C16808,B2C_2879893.0,,,5,87,delivery,,168,,45,,,480,1200,,,md_E_Battery Electric,-97.54298824,30.16096217,,,internal
21_B2C18217,B2C_2879893.0,,,5,77,delivery,,182,,45,,,480,1200,,,md_E_Battery Electric,-97.20615328,30.23123623,,,internal
21_B2C19213,B2C_2879893.0,,,5,55,delivery,,192,,52,,,480,1200,,,md_E_Battery Electric,-97.53035457,30.01644795,,,internal
21_B2C19309,B2C_2879893.0,,,5,192,delivery,,193,,75,,,480,1200,,,md_E_Battery Electric,-97.51712449,30.10929069,,,internal
21_B2C19113,B2C_2879893.0,,,5,100,delivery,,191,,97,,,480,1200,,,md_E_Battery Electric,-97.57977941,30.0865258,,,internal
21_B2C17010,B2C_2866913.0,,,5,1,delivery,,170,,2,,,480,1200,,,md_E_Battery Electric,-97.44108635,30.10867483,,,internal
21_B2C18620,B2C_2866913.0,,,5,17,delivery,,186,,37,,,480,1200,,,md_E_Battery Electric,-97.40536623,29.88982107,,,internal
21_B2C19009,B2C_2866913.0,,,5,78,delivery,,190,,45,,,480,1200,,,md_E_Battery Electric,-97.16458744,29.98954227,,,internal
21_B2C19116,B2C_2866913.0,,,5,38,delivery,,191,,45,,,480,1200,,,md_E_Battery Electric,-97.49294957,30.09704626,,,internal
21_B2C18612,B2C_2866913.0,,,5,34,delivery,,186,,52,,,480,1200,,,md_E_Battery Electric,-97.29738282,29.97648486,,,internal
21_B2C19210,B2C_2866913.0,,,5,65,delivery,,192,,52,,,480,1200,,,md_E_Battery Electric,-97.52370492,30.01338673,,,internal
21_B2C16809,B2C_2866913.0,,,5,188,delivery,,168,,60,,,480,1200,,,md_E_Battery Electric,-97.49582969,30.13433506,,,internal
21_B2C18412,B2C_2866913.0,,,5,85,delivery,,184,,60,,,480,1200,,,md_E_Battery Electric,-97.14071265,30.04253871,,,internal
21_B2C18411,B2C_2866913.0,,,5,152,delivery,,184,,82,,,480,1200,,,md_E_Battery Electric,-97.15346462,30.10799194,,,internal
21_B2C16816,B2C_2866913.0,,,5,173,delivery,,168,,90,,,480,1200,,,md_E_Battery Electric,-97.52711313,30.15380412,,,internal
21_B2C16935,B2C_2866913.0,,,5,99,delivery,,169,,97,,,480,1200,,,md_E_Battery Electric,-97.39341287,30.17600862,,,internal
21_B2C16813,B2C_2866908.0,,,5,80,delivery,,168,,60,,,480,1200,,,md_E_Battery Electric,-97.48290133,30.14536444,,,internal
21_B2C18702,B2C_2866908.0,,,5,59,delivery,,187,,75,,,480,1200,,,md_E_Battery Electric,-97.15338139,30.01013137,,,internal
21_B2C18414,B2C_2878180.0,,,5,31,delivery,,184,,30,,,480,1200,,,md_E_Battery Electric,-97.04735624,30.05267475,,,internal
21_B2C18901,B2C_2878180.0,,,5,106,delivery,,189,,56,,,480,1200,,,md_E_Battery Electric,-97.14909096,30.00503757,,,internal
21_B2C19328,B2C_2878180.0,,,5,102,delivery,,193,,60,,,480,1200,,,md_E_Battery Electric,-97.52659334,30.11713942,,,internal
21_B2C16815,B2C_2878180.0,,,5,81,delivery,,168,,67,,,480,1200,,,md_E_Battery Electric,-97.52139577,30.16444997,,,internal
21_B2C17115,B2C_2878180.0,,,5,108,delivery,,171,,75,,,480,1200,,,md_E_Battery Electric,-97.42709764,30.03358483,,,internal
21_B2C17008,B2C_2878180.0,,,5,100,delivery,,170,,97,,,480,1200,,,md_E_Battery Electric,-97.47123221,30.12094894,,,internal
21_B2C18212,B2C_2857121.0,,,5,19,delivery,,182,,22,,,480,1200,,,md_E_Battery Electric,-97.16109922,30.22631066,,,internal
21_B2C16819,B2C_2857121.0,,,5,52,delivery,,168,,37,,,480,1200,,,md_E_Battery Electric,-97.529983,30.15170728,,,internal
21_B2C19511,B2C_2857121.0,,,5,80,delivery,,195,,45,,,480,1200,,,md_E_Battery Electric,-97.4939993,29.98301283,,,internal
21_B2C19104,B2C_2857121.0,,,5,85,delivery,,191,,67,,,480,1200,,,md_E_Battery Electric,-97.51320313,30.0860794,,,internal
21_B2C18225,B2C_2857121.0,,,5,56,delivery,,182,,82,,,480,1200,,,md_E_Battery Electric,-97.10860204,30.26930584,,,internal
21_B2C16917,B2C_2875887.0,,,5,141,delivery,,169,,52,,,480,1200,,,md_E_Battery Electric,-97.49827718,30.20450051,,,internal
21_B2C16820,B2C_2875887.0,,,5,67,delivery,,168,,75,,,480,1200,,,md_E_Battery Electric,-97.53414425,30.13845688,,,internal
21_B2C17612,B2C_2857128.0,,,5,172,delivery,,176,,60,,,480,1200,,,md_E_Battery Electric,-97.30095428,30.08849105,,,internal
21_B2C19427,B2C_2857128.0,,,5,47,delivery,,194,,60,,,480,1200,,,md_E_Battery Electric,-97.54884456,30.02893689,,,internal
21_B2C16905,B2C_2857128.0,,,5,67,delivery,,169,,67,,,480,1200,,,md_E_Battery Electric,-97.46981651,30.1507883,,,internal
21_B2C19429,B2C_2857128.0,,,5,151,delivery,,194,,67,,,480,1200,,,md_E_Battery Electric,-97.61503995,30.0747518,,,internal
21_B2C17704,B2C_2866909.0,,,5,112,delivery,,177,,60,,,480,1200,,,md_E_Battery Electric,-97.29565511,30.07074197,,,internal
21_B2C16906,B2C_2866909.0,,,5,78,delivery,,169,,67,,,480,1200,,,md_E_Battery Electric,-97.4531264,30.13373218,,,internal
21_B2C17716,B2C_2879891.0,,,5,82,delivery,,177,,40,,,480,1200,,,md_E_Battery Electric,-97.28808198,30.09134295,,,internal
21_B2C19418,B2C_2879891.0,,,5,29,delivery,,194,,67,,,480,1200,,,md_E_Battery Electric,-97.62886677,30.08124201,,,internal
21_B2C16911,B2C_2879891.0,,,5,28,delivery,,169,,75,,,480,1200,,,md_E_Battery Electric,-97.42142625,30.14522041,,,internal
21_B2C17607,B2C_2879891.0,,,5,123,delivery,,176,,75,,,480,1200,,,md_E_Battery Electric,-97.30326128,30.12986645,,,internal
21_B2C19410,B2C_2879891.0,,,5,156,delivery,,194,,97,,,480,1200,,,md_E_Battery Electric,-97.58031261,30.06552113,,,internal
21_B2C18602,B2C_2857116.0,,,5,13,delivery,,186,,45,,,480,1200,,,md_E_Battery Electric,-97.20683742,29.96673525,,,internal
21_B2C19205,B2C_2857116.0,,,5,103,delivery,,192,,67,,,480,1200,,,md_E_Battery Electric,-97.53796459,30.02928434,,,internal
21_B2C16914,B2C_2857116.0,,,5,72,delivery,,169,,75,,,480,1200,,,md_E_Battery Electric,-97.38707258,30.15888083,,,internal
21_B2C18406,B2C_2857116.0,,,5,240,delivery,,184,,105,,,480,1200,,,md_E_Battery Electric,-97.06740538,30.05655484,,,internal
21_B2C18126,B2C_2875884.0,,,5,17,delivery,,181,,22,,,480,1200,,,md_E_Battery Electric,-97.19536491,30.14793504,,,internal
21_B2C18417,B2C_2875884.0,,,5,13,delivery,,184,,30,,,480,1200,,,md_E_Battery Electric,-97.11883112,29.99444957,,,internal
21_B2C18129,B2C_2875884.0,,,5,108,delivery,,181,,67,,,480,1200,,,md_E_Battery Electric,-97.0898096,30.22333723,,,internal
21_B2C19412,B2C_2875884.0,,,5,71,delivery,,194,,67,,,480,1200,,,md_E_Battery Electric,-97.57552132,30.05221982,,,internal
21_B2C16920,B2C_2875884.0,,,5,104,delivery,,169,,75,,,480,1200,,,md_E_Battery Electric,-97.44949153,30.16806832,,,internal
21_B2C16922,B2C_2861704.0,,,5,33,delivery,,169,,22,,,480,1200,,,md_E_Battery Electric,-97.44712767,30.16393575,,,internal
21_B2C17004,B2C_2861704.0,,,5,14,delivery,,170,,37,,,480,1200,,,md_E_Battery Electric,-97.47777471,30.10193531,,,internal
21_B2C19432,B2C_2861704.0,,,5,94,delivery,,194,,37,,,480,1200,,,md_E_Battery Electric,-97.5540792,30.0262084,,,internal
21_B2C19327,B2C_2861704.0,,,5,18,delivery,,193,,43,,,480,1200,,,md_E_Battery Electric,-97.55573191,30.13534654,,,internal
21_B2C16923,B2C_2861704.0,,,5,52,delivery,,169,,45,,,480,1200,,,md_E_Battery Electric,-97.4007699,30.16129748,,,internal
21_B2C19203,B2C_2861704.0,,,5,40,delivery,,192,,45,,,480,1200,,,md_E_Battery Electric,-97.45339973,30.01919568,,,internal
21_B2C18107,B2C_2861704.0,,,5,70,delivery,,181,,52,,,480,1200,,,md_E_Battery Electric,-97.06235376,30.14705612,,,internal
21_B2C17113,B2C_2861704.0,,,5,29,delivery,,171,,67,,,480,1200,,,md_E_Battery Electric,-97.41085104,30.10830501,,,internal
21_B2C17910,B2C_2857120.0,,,5,35,delivery,,179,,37,,,480,1200,,,md_E_Battery Electric,-97.34263137,30.15805671,,,internal
21_B2C17502,B2C_2857120.0,,,5,12,delivery,,175,,41,,,480,1200,,,md_E_Battery Electric,-97.3413732,30.1227297,,,internal
21_B2C16931,B2C_2857120.0,,,5,38,delivery,,169,,45,,,480,1200,,,md_E_Battery Electric,-97.39432086,30.18701433,,,internal
21_B2C19615,B2C_2857120.0,,,5,31,delivery,,196,,52,,,480,1200,,,md_E_Battery Electric,-97.35964482,29.95022763,,,internal
21_B2C17510,B2C_2857120.0,,,5,113,delivery,,175,,67,,,480,1200,,,md_E_Battery Electric,-97.32789585,30.11667805,,,internal
21_B2C18120,B2C_2857120.0,,,5,180,delivery,,181,,75,,,480,1200,,,md_E_Battery Electric,-97.18979534,30.15719102,,,internal
21_B2C16946,B2C_2866295.0,,,5,110,delivery,,169,,37,,,480,1200,,,md_E_Battery Electric,-97.37279224,30.12807369,,,internal
21_B2C18506,B2C_2866295.0,,,5,30,delivery,,185,,52,,,480,1200,,,md_E_Battery Electric,-97.25887571,29.88036209,,,internal
21_B2C17018,B2C_2857134.0,,,5,27,delivery,,170,,37,,,480,1200,,,md_E_Battery Electric,-97.46814276,30.1235554,,,internal
21_B2C19414,B2C_2857134.0,,,5,59,delivery,,194,,60,,,480,1200,,,md_E_Battery Electric,-97.57341399,30.04130622,,,internal
21_B2C17001,B2C_2857134.0,,,5,148,delivery,,170,,82,,,480,1200,,,md_E_Battery Electric,-97.44897936,30.12767008,,,internal
21_B2C18226,B2C_2863686.0,,,5,24,delivery,,182,,22,,,480,1200,,,md_E_Battery Electric,-97.10439616,30.23218997,,,internal
21_B2C18402,B2C_2863686.0,,,5,17,delivery,,184,,22,,,480,1200,,,md_E_Battery Electric,-97.05345676,30.08485493,,,internal
21_B2C17013,B2C_2863686.0,,,5,37,delivery,,170,,37,,,480,1200,,,md_E_Battery Electric,-97.44657885,30.12883986,,,internal
21_B2C18307,B2C_2863686.0,,,5,97,delivery,,183,,45,,,480,1200,,,md_E_Battery Electric,-97.29210151,30.14798158,,,internal
21_B2C18308,B2C_2863686.0,,,5,42,delivery,,183,,52,,,480,1200,,,md_E_Battery Electric,-97.2935097,30.15431583,,,internal
21_B2C17712,B2C_2863686.0,,,5,81,delivery,,177,,60,,,480,1200,,,md_E_Battery Electric,-97.28872769,30.06842362,,,internal
21_B2C19434,B2C_2863686.0,,,5,79,delivery,,194,,67,,,480,1200,,,md_E_Battery Electric,-97.61901169,30.04737677,,,internal
21_B2C18410,B2C_2857115.0,,,5,135,delivery,,184,,60,,,480,1200,,,md_E_Battery Electric,-97.1571375,30.11589703,,,internal
21_B2C17014,B2C_2857115.0,,,5,123,delivery,,170,,75,,,480,1200,,,md_E_Battery Electric,-97.48493276,30.10582654,,,internal
21_B2C18209,B2C_2879889.0,,,5,52,delivery,,182,,45,,,480,1200,,,md_E_Battery Electric,-97.19947263,30.18221611,,,internal
21_B2C17015,B2C_2879889.0,,,5,102,delivery,,170,,52,,,480,1200,,,md_E_Battery Electric,-97.47693071,30.11964812,,,internal
21_B2C19107,B2C_2879889.0,,,5,85,delivery,,191,,52,,,480,1200,,,md_E_Battery Electric,-97.54828749,30.10063426,,,internal
21_B2C19602,B2C_2879889.0,,,5,163,delivery,,196,,60,,,480,1200,,,md_E_Battery Electric,-97.38750265,29.96723337,,,internal
21_B2C18708,B2C_2879889.0,,,5,144,delivery,,187,,82,,,480,1200,,,md_E_Battery Electric,-97.14560575,30.01271682,,,internal
21_B2C18617,B2C_2879882.0,,,5,3,delivery,,186,,22,,,480,1200,,,md_E_Battery Electric,-97.23124905,30.01537001,,,internal
21_B2C19419,B2C_2879882.0,,,5,26,delivery,,194,,30,,,480,1200,,,md_E_Battery Electric,-97.6074713,30.07300419,,,internal
21_B2C18701,B2C_2879882.0,,,5,38,delivery,,187,,50,,,480,1200,,,md_E_Battery Electric,-97.14308277,30.00928196,,,internal
21_B2C17028,B2C_2879882.0,,,5,122,delivery,,170,,52,,,480,1200,,,md_E_Battery Electric,-97.45285297,30.12199544,,,internal
21_B2C17221,B2C_2879882.0,,,5,58,delivery,,172,,52,,,480,1200,,,md_E_Battery Electric,-97.37909793,30.04097495,,,internal
21_B2C19117,B2C_2879882.0,,,5,74,delivery,,191,,52,,,480,1200,,,md_E_Battery Electric,-97.51052531,30.08605489,,,internal
21_B2C17232,B2C_2879882.0,,,5,81,delivery,,172,,60,,,480,1200,,,md_E_Battery Electric,-97.37494265,30.07753713,,,internal
21_B2C17202,B2C_2879882.0,,,5,115,delivery,,172,,75,,,480,1200,,,md_E_Battery Electric,-97.33915815,30.01249483,,,internal
21_B2C17205,B2C_2879882.0,,,5,62,delivery,,172,,75,,,480,1200,,,md_E_Battery Electric,-97.38313387,30.03462873,,,internal
21_B2C19305,B2C_2879882.0,,,5,65,delivery,,193,,97,,,480,1200,,,md_E_Battery Electric,-97.6012299,30.10588022,,,internal
21_B2C17818,B2C_2863688.0,,,5,47,delivery,,178,,22,,,480,1200,,,md_E_Battery Electric,-97.21548274,30.21642271,,,internal
21_B2C17806,B2C_2863688.0,,,5,57,delivery,,178,,37,,,480,1200,,,md_E_Battery Electric,-97.29397722,30.22202907,,,internal
21_B2C17901,B2C_2863688.0,,,5,85,delivery,,179,,37,,,480,1200,,,md_E_Battery Electric,-97.33761314,30.21613575,,,internal
21_B2C17511,B2C_2863688.0,,,5,57,delivery,,175,,47,,,480,1200,,,md_E_Battery Electric,-97.32100087,30.11370548,,,internal
21_B2C17836,B2C_2863688.0,,,5,101,delivery,,178,,52,,,480,1200,,,md_E_Battery Electric,-97.2855831,30.24778241,,,internal
21_B2C17301,B2C_2863688.0,,,5,65,delivery,,173,,57,,,480,1200,,,md_E_Battery Electric,-97.31637211,30.12426027,,,internal
21_B2C17711,B2C_2863688.0,,,5,32,delivery,,177,,59,,,480,1200,,,md_E_Battery Electric,-97.31232555,30.08506597,,,internal
21_B2C17235,B2C_2863688.0,,,5,124,delivery,,172,,60,,,480,1200,,,md_E_Battery Electric,-97.3714253,30.00680088,,,internal
21_B2C18204,B2C_2863688.0,,,5,124,delivery,,182,,60,,,480,1200,,,md_E_Battery Electric,-97.19680903,30.18480469,,,internal
21_B2C17206,B2C_2863688.0,,,5,75,delivery,,172,,67,,,480,1200,,,md_E_Battery Electric,-97.42074257,30.00853809,,,internal
21_B2C17402,B2C_2863688.0,,,5,61,delivery,,174,,67,,,480,1200,,,md_E_Battery Electric,-97.32366798,30.08287061,,,internal
21_B2C17602,B2C_2863688.0,,,5,118,delivery,,176,,67,,,480,1200,,,md_E_Battery Electric,-97.287564,30.11630314,,,internal
21_B2C17229,B2C_2863688.0,,,5,133,delivery,,172,,75,,,480,1200,,,md_E_Battery Electric,-97.38117506,30.05685984,,,internal
21_B2C17220,B2C_2863688.0,,,5,41,delivery,,172,,82,,,480,1200,,,md_E_Battery Electric,-97.36545332,29.98196072,,,internal
21_B2C17816,B2C_2863688.0,,,5,114,delivery,,178,,97,,,480,1200,,,md_E_Battery Electric,-97.22851565,30.18609351,,,internal
21_B2C17212,B2C_2857853.0,,,5,27,delivery,,172,,30,,,480,1200,,,md_E_Battery Electric,-97.39243663,30.01068707,,,internal
21_B2C17223,B2C_2857853.0,,,5,54,delivery,,172,,30,,,480,1200,,,md_E_Battery Electric,-97.36105751,30.10061042,,,internal
21_B2C17215,B2C_2857853.0,,,5,59,delivery,,172,,45,,,480,1200,,,md_E_Battery Electric,-97.40637074,29.99319408,,,internal
21_B2C17216,B2C_2857853.0,,,5,63,delivery,,172,,45,,,480,1200,,,md_E_Battery Electric,-97.2893325,30.03230555,,,internal
21_B2C17218,B2C_2857853.0,,,5,80,delivery,,172,,45,,,480,1200,,,md_E_Battery Electric,-97.28029687,30.04336599,,,internal
21_B2C17222,B2C_2857853.0,,,5,24,delivery,,172,,45,,,480,1200,,,md_E_Battery Electric,-97.34922361,30.03590374,,,internal
21_B2C17508,B2C_2857853.0,,,5,51,delivery,,175,,47,,,480,1200,,,md_E_Battery Electric,-97.31584291,30.11386675,,,internal
21_B2C17219,B2C_2857853.0,,,5,44,delivery,,172,,52,,,480,1200,,,md_E_Battery Electric,-97.30812658,30.05445201,,,internal
21_B2C17234,B2C_2857853.0,,,5,86,delivery,,172,,52,,,480,1200,,,md_E_Battery Electric,-97.35204326,30.10190916,,,internal
21_B2C17401,B2C_2857853.0,,,5,77,delivery,,174,,52,,,480,1200,,,md_E_Battery Electric,-97.3364464,30.09308009,,,internal
21_B2C17805,B2C_2857853.0,,,5,75,delivery,,178,,52,,,480,1200,,,md_E_Battery Electric,-97.2378339,30.25132389,,,internal
21_B2C17405,B2C_2857853.0,,,5,51,delivery,,174,,53,,,480,1200,,,md_E_Battery Electric,-97.33606022,30.08003849,,,internal
21_B2C17211,B2C_2857853.0,,,5,43,delivery,,172,,60,,,480,1200,,,md_E_Battery Electric,-97.42240662,29.99598761,,,internal
21_B2C17217,B2C_2857853.0,,,5,55,delivery,,172,,67,,,480,1200,,,md_E_Battery Electric,-97.28784314,30.04182439,,,internal
21_B2C17224,B2C_2857853.0,,,5,85,delivery,,172,,67,,,480,1200,,,md_E_Battery Electric,-97.40852463,29.99690535,,,internal
21_B2C17404,B2C_2857853.0,,,5,107,delivery,,174,,67,,,480,1200,,,md_E_Battery Electric,-97.33253981,30.09131657,,,internal
21_B2C17230,B2C_2857853.0,,,5,86,delivery,,172,,75,,,480,1200,,,md_E_Battery Electric,-97.38363692,30.04004128,,,internal
21_B2C17233,B2C_2857853.0,,,5,136,delivery,,172,,75,,,480,1200,,,md_E_Battery Electric,-97.355188,30.09623056,,,internal
21_B2C17408,B2C_2857853.0,,,5,107,delivery,,174,,75,,,480,1200,,,md_E_Battery Electric,-97.32179325,30.10593336,,,internal
21_B2C17236,B2C_2857853.0,,,5,55,delivery,,172,,82,,,480,1200,,,md_E_Battery Electric,-97.2930263,30.03902671,,,internal
21_B2C17410,B2C_2857853.0,,,5,164,delivery,,174,,82,,,480,1200,,,md_E_Battery Electric,-97.32342724,30.08924853,,,internal
21_B2C18218,B2C_2879033.0,,,5,22,delivery,,182,,30,,,480,1200,,,md_E_Battery Electric,-97.099356,30.23269552,,,internal
21_B2C17601,B2C_2879033.0,,,5,65,delivery,,176,,37,,,480,1200,,,md_E_Battery Electric,-97.3153494,30.13455471,,,internal
21_B2C18709,B2C_2879033.0,,,5,32,delivery,,187,,41,,,480,1200,,,md_E_Battery Electric,-97.15616314,30.01250637,,,internal
21_B2C18309,B2C_2879033.0,,,5,92,delivery,,183,,60,,,480,1200,,,md_E_Battery Electric,-97.26600793,30.16667782,,,internal
21_B2C17608,B2C_2856759.0,,,5,137,delivery,,176,,67,,,480,1200,,,md_E_Battery Electric,-97.28770823,30.14360098,,,internal
21_B2C17614,B2C_2863675.0,,,5,11,delivery,,176,,52,,,480,1200,,,md_E_Battery Electric,-97.30096249,30.09724165,,,internal
21_B2C18306,B2C_2863675.0,,,5,94,delivery,,183,,52,,,480,1200,,,md_E_Battery Electric,-97.25016476,30.14925422,,,internal
21_B2C17615,B2C_2863675.0,,,5,77,delivery,,176,,60,,,480,1200,,,md_E_Battery Electric,-97.27975018,30.10844986,,,internal
21_B2C18124,B2C_2876113.0,,,5,15,delivery,,181,,22,,,480,1200,,,md_E_Battery Electric,-97.08684557,30.17272405,,,internal
21_B2C17616,B2C_2876113.0,,,5,38,delivery,,176,,60,,,480,1200,,,md_E_Battery Electric,-97.28361034,30.11801157,,,internal
21_B2C19313,B2C_2857127.0,,,5,18,delivery,,193,,30,,,480,1200,,,md_E_Battery Electric,-97.57046391,30.13281171,,,internal
21_B2C17714,B2C_2857127.0,,,5,78,delivery,,177,,45,,,480,1200,,,md_E_Battery Electric,-97.28942206,30.06840667,,,internal
21_B2C17703,B2C_2857127.0,,,5,136,delivery,,177,,67,,,480,1200,,,md_E_Battery Electric,-97.2865759,30.06879753,,,internal
21_B2C18224,B2C_2866761.0,,,5,25,delivery,,182,,30,,,480,1200,,,md_E_Battery Electric,-97.18183692,30.20590136,,,internal
21_B2C18106,B2C_2866761.0,,,5,60,delivery,,181,,52,,,480,1200,,,md_E_Battery Electric,-97.06780473,30.15610934,,,internal
21_B2C19601,B2C_2866761.0,,,5,90,delivery,,196,,60,,,480,1200,,,md_E_Battery Electric,-97.44854546,29.94449276,,,internal
21_B2C17713,B2C_2866761.0,,,5,126,delivery,,177,,97,,,480,1200,,,md_E_Battery Electric,-97.28677537,30.07372895,,,internal
21_B2C17717,B2C_2866916.0,,,5,51,delivery,,177,,50,,,480,1200,,,md_E_Battery Electric,-97.29932937,30.07762431,,,internal
21_B2C18117,B2C_2866916.0,,,5,64,delivery,,181,,60,,,480,1200,,,md_E_Battery Electric,-97.09036113,30.22001634,,,internal
21_B2C18102,B2C_2867339.0,,,5,140,delivery,,181,,60,,,480,1200,,,md_E_Battery Electric,-97.23399919,30.14191099,,,internal
21_B2C19008,B2C_2867339.0,,,5,81,delivery,,190,,67,,,480,1200,,,md_E_Battery Electric,-97.15806607,30.00271522,,,internal
21_B2C19014,B2C_2867339.0,,,5,120,delivery,,190,,67,,,480,1200,,,md_E_Battery Electric,-97.14141826,29.99728707,,,internal
21_B2C19423,B2C_2879890.0,,,5,63,delivery,,194,,45,,,480,1200,,,md_E_Battery Electric,-97.54723119,30.04322444,,,internal
21_B2C18103,B2C_2879890.0,,,5,126,delivery,,181,,75,,,480,1200,,,md_E_Battery Electric,-97.1352595,30.15851836,,,internal
21_B2C19301,B2C_2879890.0,,,5,115,delivery,,193,,75,,,480,1200,,,md_E_Battery Electric,-97.55813983,30.11176938,,,internal
21_B2C19425,B2C_2857653.0,,,5,24,delivery,,194,,22,,,480,1200,,,md_E_Battery Electric,-97.6047609,30.06594604,,,internal
21_B2C19422,B2C_2857653.0,,,5,75,delivery,,194,,52,,,480,1200,,,md_E_Battery Electric,-97.59898072,30.06745493,,,internal
21_B2C18122,B2C_2857653.0,,,5,141,delivery,,181,,67,,,480,1200,,,md_E_Battery Electric,-97.24367057,30.1365758,,,internal
21_B2C19421,B2C_2857653.0,,,5,65,delivery,,194,,67,,,480,1200,,,md_E_Battery Electric,-97.56220706,30.06262986,,,internal
21_B2C19515,B2C_2857653.0,,,5,91,delivery,,195,,82,,,480,1200,,,md_E_Battery Electric,-97.52168491,30.0033971,,,internal
21_B2C18213,B2C_2866758.0,,,5,100,delivery,,182,,60,,,480,1200,,,md_E_Battery Electric,-97.08389096,30.24961141,,,internal
21_B2C19614,B2C_2866756.0,,,5,172,delivery,,196,,60,,,480,1200,,,md_E_Battery Electric,-97.3881363,29.95314563,,,internal
21_B2C18219,B2C_2866756.0,,,5,136,delivery,,182,,97,,,480,1200,,,md_E_Battery Electric,-97.12430027,30.23874969,,,internal
21_B2C19613,B2C_2866756.0,,,5,187,delivery,,196,,135,,,480,1200,,,md_E_Battery Electric,-97.43321327,29.91618731,,,internal
21_B2C18220,B2C_2856758.0,,,5,65,delivery,,182,,52,,,480,1200,,,md_E_Battery Electric,-97.11285618,30.27212647,,,internal
21_B2C18304,B2C_2881020.0,,,5,159,delivery,,183,,90,,,480,1200,,,md_E_Battery Electric,-97.26975532,30.15904437,,,internal
21_B2C19311,B2C_2866906.0,,,5,76,delivery,,193,,37,,,480,1200,,,md_E_Battery Electric,-97.57245226,30.12807788,,,internal
21_B2C19420,B2C_2866906.0,,,5,23,delivery,,194,,45,,,480,1200,,,md_E_Battery Electric,-97.59185837,30.08115475,,,internal
21_B2C18305,B2C_2866906.0,,,5,48,delivery,,183,,60,,,480,1200,,,md_E_Battery Electric,-97.27916404,30.15854822,,,internal
21_B2C18314,B2C_2879883.0,,,5,164,delivery,,183,,60,,,480,1200,,,md_E_Battery Electric,-97.24626669,30.14796476,,,internal
21_B2C19607,B2C_2879883.0,,,5,77,delivery,,196,,60,,,480,1200,,,md_E_Battery Electric,-97.41264723,29.94214881,,,internal
21_B2C18405,B2C_2857110.0,,,5,51,delivery,,184,,45,,,480,1200,,,md_E_Battery Electric,-97.15256728,30.03923848,,,internal
21_B2C18603,B2C_2857110.0,,,5,76,delivery,,186,,45,,,480,1200,,,md_E_Battery Electric,-97.19729859,30.00984305,,,internal
21_B2C19314,B2C_2857110.0,,,5,68,delivery,,193,,67,,,480,1200,,,md_E_Battery Electric,-97.56677333,30.13062931,,,internal
21_B2C19316,B2C_2866921.0,,,5,53,delivery,,193,,30,,,480,1200,,,md_E_Battery Electric,-97.55777869,30.11144027,,,internal
21_B2C19406,B2C_2866921.0,,,5,17,delivery,,194,,37,,,480,1200,,,md_E_Battery Electric,-97.60053372,30.04976337,,,internal
21_B2C19011,B2C_2866921.0,,,5,41,delivery,,190,,45,,,480,1200,,,md_E_Battery Electric,-97.155349,30.00142958,,,internal
21_B2C19320,B2C_2866921.0,,,5,76,delivery,,193,,45,,,480,1200,,,md_E_Battery Electric,-97.60815835,30.10352414,,,internal
21_B2C18505,B2C_2866921.0,,,5,41,delivery,,185,,67,,,480,1200,,,md_E_Battery Electric,-97.2649551,29.83494806,,,internal
21_B2C18511,B2C_2857117.0,,,5,59,delivery,,185,,45,,,480,1200,,,md_E_Battery Electric,-97.24764856,29.91917525,,,internal
21_B2C18615,B2C_2866918.0,,,5,91,delivery,,186,,67,,,480,1200,,,md_E_Battery Electric,-97.36134342,29.91697633,,,internal
21_B2C19307,B2C_2866920.0,,,5,41,delivery,,193,,37,,,480,1200,,,md_E_Battery Electric,-97.54797878,30.12612199,,,internal
21_B2C18705,B2C_2866920.0,,,5,39,delivery,,187,,55,,,480,1200,,,md_E_Battery Electric,-97.14482817,30.00904126,,,internal
21_B2C19403,B2C_2866920.0,,,5,42,delivery,,194,,60,,,480,1200,,,md_E_Battery Electric,-97.55294717,30.04491401,,,internal
21_B2C19110,B2C_2881021.0,,,5,62,delivery,,191,,22,,,480,1200,,,md_E_Battery Electric,-97.54340769,30.10289695,,,internal
21_B2C19010,B2C_2881021.0,,,5,62,delivery,,190,,67,,,480,1200,,,md_E_Battery Electric,-97.17104822,29.99918009,,,internal
21_B2C19603,B2C_2857654.0,,,5,95,delivery,,196,,82,,,480,1200,,,md_E_Battery Electric,-97.38298521,29.93778569,,,internal