tour_id,departureTimeInSec,departureLocation_zone,maxTourDurationInSec,departureLocation_x,departureLocation_y
0.0,174780.0,8661.0,3600.0,-121.35254685214781,37.02531814963523
1.0,30600.0,564.0,3600.0,-122.16889293424848,37.730279166351536
2.0,52200.0,396.0,3600.0,-122.25225403437321,37.86951489876639
3.0,36000.0,283.0,3600.0,-122.19597419109552,37.75079125722409
4.0,52800.0,381.0,3600.0,-122.28647421953609,37.876138006411914
5.0,37200.0,348.0,3600.0,-122.28957820532439,37.88731628447594
6.0,51000.0,611.0,3600.0,-122.15892643164644,37.68639318084224
7.0,57600.0,190.0,3600.0,-122.21916859174551,37.78957644582127
8.0,36600.0,155.0,3600.0,-122.22692296163044,37.79922503414311
9.0,57000.0,705.0,3600.0,-122.09923498370209,37.638148769831254
10.0,36600.0,79.0,3600.0,-122.2595474562012,37.81342971224918
11.0,41400.0,820.0,3600.0,-122.06133362343066,37.58967048978203
12.0,52200.0,367.0,3600.0,-122.25990578670498,37.8811319506472
13.0,34200.0,473.0,3600.0,-122.27574137306911,37.78662246589805
14.0,31800.0,531.0,3600.0,-122.0933421076183,37.71300616195738
15.0,40800.0,75.0,3600.0,-122.26338054869315,37.804359313347085
16.0,42000.0,658.0,3600.0,-122.11414449834753,37.6793540110067
17.0,51600.0,245.0,3600.0,-122.18395591621926,37.784447044614865
18.0,49200.0,144.0,3600.0,-122.24995739946837,37.795706462576646
19.0,49200.0,475.0,3600.0,-122.28787898381967,37.77754623956264
20.0,51000.0,318.0,3600.0,-122.12170901473856,37.75159540944518
21.0,28800.0,758.0,3600.0,-122.02130671688832,37.59536268869526
22.0,60000.0,641.0,3600.0,-122.04757031071775,37.69287049720731
23.0,41400.0,458.0,3600.0,-122.24017037507724,37.82955592906296
24.0,56400.0,982.0,3600.0,-121.84623236178905,37.6587471876552
25.0,56400.0,519.0,3600.0,-122.04526258886247,37.70217213272716
26.0,67800.0,1033.0,3600.0,-121.77539428378348,37.675950071082994
27.0,47400.0,486.0,3600.0,-122.25163821846989,37.7710016520707
28.0,25800.0,55.0,3600.0,-122.29566853329764,37.80687114057087
29.0,37200.0,672.0,3600.0,-122.13848509086021,37.66350337484879
30.0,25200.0,939.0,3600.0,-121.91749690271236,37.71933097853379
31.0,47400.0,235.0,3600.0,-122.20567769292983,37.77422427577404
32.0,51000.0,85.0,3600.0,-122.25812089943899,37.80948713415355
33.0,55200.0,901.0,3600.0,-121.92391359993553,37.53003055887829
34.0,22800.0,140.0,3600.0,-122.25277556626197,37.80197819525773
35.0,66000.0,528.0,3600.0,-122.08327157988157,37.71476880146971
36.0,67200.0,242.0,3600.0,-122.19281861741314,37.78353023579899
37.0,27000.0,943.0,3600.0,-121.91733908543722,37.71435454476325
38.0,35400.0,781.0,3600.0,-122.07327151852814,37.59563099208764
39.0,40200.0,615.0,3600.0,-122.14761189598809,37.68631820587586
40.0,43800.0,404.0,3600.0,-122.27725792053214,37.86474814515463
41.0,40800.0,894.0,3600.0,-121.92716660665344,37.51415885178293
42.0,41400.0,654.0,3600.0,-122.10478626159973,37.682643182174886
43.0,73200.0,624.0,3600.0,-122.12126102001756,37.69587675925429
44.0,47400.0,370.0,3600.0,-122.26609599730484,37.88045769199878
45.0,36600.0,179.0,3600.0,-122.22884923342369,37.780065065642404
46.0,35400.0,732.0,3600.0,-122.06370926103047,37.641216998774524
47.0,48000.0,827.0,3600.0,-122.03070016438382,37.56227988104093
48.0,33000.0,433.0,3600.0,-122.27055509941849,37.851818726793645
49.0,29400.0,470.0,3600.0,-122.27040124974536,37.78582740265124
50.0,45000.0,793.0,3600.0,-121.98061878292809,37.583132158768386
51.0,55200.0,155.0,3600.0,-122.22692296163044,37.79922503414311
52.0,56400.0,60.0,3600.0,-122.2849268196775,37.80243943902588
53.0,38400.0,949.0,3600.0,-121.9484307007016,37.71295024994511
54.0,41400.0,980.0,3600.0,-121.86250070224808,37.658226162017954
55.0,43800.0,154.0,3600.0,-122.23941398086416,37.79993810861656
56.0,63000.0,200.0,3600.0,-122.20518748793087,37.802780897548416
57.0,39600.0,43.0,3600.0,-122.2732628424791,37.81465776772876
58.0,56400.0,984.0,3600.0,-121.90274456591695,37.6964331799929
59.0,34200.0,634.0,3600.0,-122.0461588276744,37.6499014208816
60.0,37200.0,939.0,3600.0,-121.91749690271236,37.71933097853379
61.0,49800.0,349.0,3600.0,-122.26939802471313,37.90372888819822
62.0,46200.0,843.0,3600.0,-121.98357920352449,37.55835259309113
63.0,60000.0,394.0,3600.0,-122.24879055951116,37.86693582705474
64.0,34200.0,513.0,3600.0,-122.25540999184919,37.763196382513144
65.0,56400.0,4.0,3600.0,-122.24747009459445,37.84617138646249
66.0,53400.0,589.0,3600.0,-122.13798269376778,37.70493580044071
67.0,54600.0,579.0,3600.0,-122.14099093768188,37.729342644500974
68.0,60000.0,363.0,3600.0,-122.2589726096955,37.889500569774974
69.0,36000.0,255.0,3600.0,-122.17918362022421,37.77397595170414
70.0,44400.0,326.0,3600.0,-122.15053236021362,37.74145608159288
71.0,60000.0,234.0,3600.0,-122.19897922437652,37.77493740129132
72.0,36000.0,663.0,3600.0,-122.12981534572937,37.67693948860732
73.0,36600.0,283.0,3600.0,-122.19597419109552,37.75079125722409
74.0,34800.0,328.0,3600.0,-122.16378047166155,37.745170293092215
75.0,59400.0,292.0,3600.0,-122.18152431212768,37.730555946295645
76.0,56400.0,3.0,3600.0,-122.25572439289826,37.84413805923322
77.0,55800.0,676.0,3600.0,-122.10922198236182,37.67056965796096
78.0,37200.0,46.0,3600.0,-122.27886584011772,37.821071729387505
79.0,67800.0,230.0,3600.0,-122.20000804616065,37.76637703408616
80.0,49200.0,861.0,3600.0,-121.93789454648049,37.547435550252125
81.0,60600.0,892.0,3600.0,-121.9572316079032,37.5159457414904
82.0,41400.0,975.0,3600.0,-121.8824067583555,37.63995924435348
83.0,58200.0,51.0,3600.0,-122.30016603403202,37.81597227512691
84.0,28200.0,651.0,3600.0,-122.0957990004816,37.67735746385679
85.0,27600.0,822.0,3600.0,-122.04539013040734,37.5645502240362
86.0,40200.0,664.0,3600.0,-122.1339623848043,37.67968367455895
87.0,15600.0,167.0,3600.0,-122.24254948989925,37.77819191047838
88.0,39000.0,774.0,3600.0,-122.03883500141647,37.59062367486109
89.0,45600.0,942.0,3600.0,-121.9245499345151,37.72469930523117
90.0,75600.0,500.0,3600.0,-122.24221405898548,37.75843245699491
91.0,29400.0,694.0,3600.0,-122.08379246307564,37.64949029156087
92.0,57600.0,604.0,3600.0,-122.15627038174549,37.699121387327494
93.0,55200.0,1031.0,3600.0,-121.75058970780715,37.665751200692625
94.0,40200.0,376.0,3600.0,-122.29166963742429,37.88123588260812
95.0,73200.0,599.0,3600.0,-122.16090835002639,37.71162329518574
96.0,49200.0,342.0,3600.0,-122.30250297995245,37.888558296963076
97.0,61800.0,879.0,3600.0,-121.99877319746918,37.53697173096919
98.0,37200.0,462.0,3600.0,-122.22898649934888,37.7624583388838
99.0,47400.0,726.0,3600.0,-122.06934110494036,37.638706365668064
100.0,30000.0,479.0,3600.0,-122.28879112030562,37.765785161823565
101.0,37800.0,588.0,3600.0,-122.12794061683229,37.70762906939047
102.0,49800.0,556.0,3600.0,-122.15224439176737,37.73850273020298
103.0,41400.0,305.0,3600.0,-122.17020392616503,37.75122054571698
104.0,56400.0,814.0,3600.0,-122.0529810481246,37.57255048040226
105.0,51600.0,191.0,3600.0,-122.20873302937697,37.789169805401734
106.0,25200.0,1034.0,3600.0,-121.77071140182666,37.66605364684591
107.0,60600.0,286.0,3600.0,-122.20331137396288,37.75150311890546
108.0,78000.0,319.0,3600.0,-122.11925612901521,37.73697223012899
109.0,39600.0,140.0,3600.0,-122.25277556626197,37.80197819525773
110.0,26400.0,651.0,3600.0,-122.0957990004816,37.67735746385679
111.0,60600.0,241.0,3600.0,-122.18692570476136,37.78285354950248
112.0,71400.0,549.0,3600.0,-122.07104120153176,37.6942545844654
113.0,51600.0,990.0,3600.0,-121.87183663196465,37.67933152255889
114.0,57000.0,693.0,3600.0,-122.07871898409725,37.65199625891278
115.0,52800.0,494.0,3600.0,-122.23308348122796,37.75765375859738
116.0,37800.0,577.0,3600.0,-122.15144886596586,37.722501277831604
117.0,36600.0,251.0,3600.0,-122.13202614106557,37.77315895864521
118.0,48600.0,620.0,3600.0,-122.11449608160748,37.68682125712379
119.0,55800.0,60.0,3600.0,-122.2849268196775,37.80243943902588
120.0,37800.0,205.0,3600.0,-122.19972283673363,37.7946188191559
121.0,47400.0,829.0,3600.0,-122.02328394077874,37.559748462350846
122.0,43200.0,103.0,3600.0,-122.23774147724384,37.83157899533517
123.0,38400.0,495.0,3600.0,-122.24000320424885,37.761702083144314
124.0,38400.0,830.0,3600.0,-122.01541792444078,37.556125486822296
125.0,35400.0,469.0,3600.0,-122.26128302520178,37.77526611576559
126.0,45600.0,909.0,3600.0,-121.92648472022425,37.486793021565944
127.0,39600.0,544.0,3600.0,-122.0636631606329,37.70028205315602
128.0,55200.0,619.0,3600.0,-122.1020568568166,37.68666683818726
129.0,59400.0,857.0,3600.0,-121.92176211262695,37.547473382144524
130.0,83400.0,132.0,3600.0,-122.23861680814296,37.808054644738995
131.0,28200.0,928.0,3600.0,-122.02343990128585,37.53667035087149
132.0,40800.0,502.0,3600.0,-122.23579145201178,37.733917727143265
133.0,47400.0,916.0,3600.0,-122.04035264135474,37.55155826762378
134.0,45600.0,842.0,3600.0,-121.96923777145224,37.541514521935426
135.0,46800.0,256.0,3600.0,-122.17021598103587,37.778096227992805
136.0,46200.0,101.0,3600.0,-122.22536682007737,37.8417894614642
137.0,34800.0,244.0,3600.0,-122.18243579452923,37.79357318683261
138.0,56400.0,64.0,3600.0,-122.27447152667065,37.8060493225815
139.0,39600.0,270.0,3600.0,-122.1833327239511,37.76746019985497
140.0,51600.0,300.0,3600.0,-122.18844851268038,37.74896115088506
141.0,78000.0,720.0,3600.0,-122.09354339586127,37.644618463525276
142.0,40800.0,217.0,3600.0,-122.21314636863981,37.77934807112369
143.0,41400.0,186.0,3600.0,-122.22195799391812,37.79268781341477
144.0,55200.0,119.0,3600.0,-122.20733690171643,37.81113466587901
145.0,30000.0,568.0,3600.0,-122.16148502257198,37.71370445117834
146.0,21600.0,202.0,3600.0,-122.18994864248174,37.79941952135771
147.0,43200.0,583.0,3600.0,-122.13452021476178,37.722614886730376
148.0,24600.0,801.0,3600.0,-122.00946478578285,37.5633366345265
149.0,37800.0,162.0,3600.0,-122.23710775091811,37.78540025113665
150.0,36000.0,52.0,3600.0,-122.29474370135378,37.81082273218307
151.0,27000.0,888.0,3600.0,-121.97110508311853,37.51058780276428
152.0,36000.0,99.0,3600.0,-122.2493896210617,37.825408003508116
153.0,36000.0,473.0,3600.0,-122.27574137306911,37.78662246589805
154.0,56400.0,411.0,3600.0,-122.28383515025583,37.861525670985614
155.0,57600.0,137.0,3600.0,-122.24233328240588,37.80582512636318
156.0,54600.0,301.0,3600.0,-122.17691906604072,37.752589362670214
157.0,34200.0,305.0,3600.0,-122.17020392616503,37.75122054571698
158.0,58800.0,361.0,3600.0,-122.25966311707639,37.89336561631157
159.0,55800.0,1034.0,3600.0,-121.77071140182666,37.66605364684591
160.0,37800.0,908.0,3600.0,-121.91060816645634,37.46356030803838
161.0,42600.0,453.0,3600.0,-122.22580690357073,37.81865705302266
162.0,43200.0,776.0,3600.0,-122.03815534273144,37.58789114913326
163.0,42600.0,434.0,3600.0,-122.25327662465651,37.855505943947904
164.0,30600.0,330.0,3600.0,-122.16158911490139,37.74321005743127
165.0,39600.0,669.0,3600.0,-122.14951007592444,37.67345350698901
166.0,58200.0,533.0,3600.0,-122.10456879894602,37.705667800872604
167.0,39000.0,540.0,3600.0,-122.08290157255522,37.70891028191592
168.0,47400.0,779.0,3600.0,-122.02744293547362,37.58772534843966
169.0,33600.0,446.0,3600.0,-122.29257467749832,37.83133626343496
170.0,40200.0,883.0,3600.0,-122.00301942208792,37.53830087866781
171.0,30600.0,57.0,3600.0,-122.28042990598333,37.81138117201408
172.0,65400.0,343.0,3600.0,-122.3191171090377,37.88601549702879
173.0,56400.0,906.0,3600.0,-121.8786315524562,37.4760199155739
174.0,61200.0,824.0,3600.0,-122.0519454553804,37.56489519931651
175.0,64800.0,1033.0,3600.0,-121.77539428378348,37.675950071082994
176.0,34800.0,808.0,3600.0,-122.04119342029628,37.57834227447907
177.0,35400.0,189.0,3600.0,-122.22140360222431,37.7864451748704
178.0,43200.0,589.0,3600.0,-122.13798269376778,37.70493580044071
179.0,72600.0,694.0,3600.0,-122.08379246307564,37.64949029156087
180.0,37800.0,878.0,3600.0,-121.99484066508299,37.54725325787383
181.0,34200.0,691.0,3600.0,-122.08324217215419,37.66080882461709
182.0,39600.0,445.0,3600.0,-122.29319419401617,37.83896065659959
183.0,22200.0,191.0,3600.0,-122.20873302937697,37.789169805401734
184.0,31800.0,435.0,3600.0,-122.26130860318425,37.85431416611415
185.0,67200.0,575.0,3600.0,-122.15237649757856,37.72666572521412
186.0,52200.0,958.0,3600.0,-121.90620502008348,37.689621531224546
187.0,54000.0,874.0,3600.0,-121.97914438448076,37.5333492218063
188.0,55200.0,686.0,3600.0,-122.07130071269539,37.66436369010788
189.0,72000.0,599.0,3600.0,-122.16090835002639,37.71162329518574
190.0,55800.0,888.0,3600.0,-121.97110508311853,37.51058780276428
191.0,60600.0,1013.0,3600.0,-121.77207429378574,37.68991764538463
192.0,40200.0,185.0,3600.0,-122.2194887143979,37.79550680200344
193.0,43800.0,658.0,3600.0,-122.11414449834753,37.6793540110067
194.0,31800.0,652.0,3600.0,-122.10264908842268,37.67092055391815
195.0,37200.0,340.0,3600.0,-122.30041353471255,37.88878822453989
196.0,64200.0,803.0,3600.0,-122.0356789658809,37.57800656011328
197.0,33600.0,241.0,3600.0,-122.18692570476136,37.78285354950248
198.0,51600.0,829.0,3600.0,-122.02328394077874,37.559748462350846
199.0,58800.0,659.0,3600.0,-122.12265089930767,37.68284321524679
200.0,56400.0,814.0,3600.0,-122.0529810481246,37.57255048040226
201.0,34200.0,284.0,3600.0,-122.18587753874193,37.75608857837531
202.0,66000.0,568.0,3600.0,-122.16148502257198,37.71370445117834
203.0,40200.0,30.0,3600.0,-122.27426770015583,37.82912261877264
204.0,36000.0,573.0,3600.0,-122.16885481188979,37.72554880986767
205.0,36000.0,853.0,3600.0,-121.97548159921914,37.539776991031495
206.0,45000.0,593.0,3600.0,-122.14888863239197,37.709729244099094
207.0,53400.0,780.0,3600.0,-122.0828078325707,37.59770622969038
208.0,40800.0,10.0,3600.0,-122.25927133581364,37.84958123873084
209.0,45600.0,136.0,3600.0,-122.24570106077955,37.80300211661691
210.0,31800.0,693.0,3600.0,-122.07871898409725,37.65199625891278
211.0,61800.0,58.0,3600.0,-122.28255261572282,37.80969943661636
212.0,40200.0,630.0,3600.0,-122.10612024780255,37.6906006170192
213.0,30600.0,262.0,3600.0,-122.16981958396876,37.76514495476737
214.0,54600.0,903.0,3600.0,-121.93831752312374,37.52527613839246
215.0,37800.0,849.0,3600.0,-121.96895437738863,37.57350700187631
216.0,39600.0,217.0,3600.0,-122.21314636863981,37.77934807112369
217.0,27000.0,911.0,3600.0,-121.92209977782811,37.484709961680814
218.0,52800.0,310.0,3600.0,-122.16273762294999,37.75521952707646
219.0,61800.0,1014.0,3600.0,-121.77988003434773,37.69181235059819
220.0,38400.0,329.0,3600.0,-122.16971637114456,37.74845472483623
221.0,40200.0,994.0,3600.0,-121.82238830438087,37.703680591193745
222.0,44400.0,604.0,3600.0,-122.15627038174549,37.699121387327494
223.0,37200.0,826.0,3600.0,-122.03312614310984,37.56855433715727
224.0,40200.0,832.0,3600.0,-122.02329383276059,37.55462160751405
225.0,45000.0,1013.0,3600.0,-121.77207429378574,37.68991764538463
226.0,25800.0,799.0,3600.0,-122.02234897472026,37.57167375047485
227.0,28800.0,742.0,3600.0,-122.03145713253032,37.60982324856778
228.0,27000.0,154.0,3600.0,-122.23941398086416,37.79993810861656
229.0,23400.0,143.0,3600.0,-122.24761497637522,37.79780116933479
230.0,23400.0,143.0,3600.0,-122.24761497637522,37.79780116933479
231.0,64800.0,474.0,3600.0,-122.28372077365707,37.77968117828766
232.0,39600.0,352.0,3600.0,-122.27031244687218,37.89455185247141
233.0,36000.0,498.0,3600.0,-122.2286732149121,37.7529684233106
234.0,45600.0,136.0,3600.0,-122.24570106077955,37.80300211661691
235.0,43200.0,722.0,3600.0,-122.08228607051579,37.64377827551972
236.0,47400.0,153.0,3600.0,-122.23725269328773,37.79732839689583
237.0,28200.0,778.0,3600.0,-122.03097436200918,37.589948740657505
238.0,40200.0,373.0,3600.0,-122.28791924910664,37.88045090308464
239.0,36600.0,329.0,3600.0,-122.16971637114456,37.74845472483623
240.0,37800.0,682.0,3600.0,-122.05083142567597,37.67563891960156
241.0,31800.0,172.0,3600.0,-122.22890580981057,37.772398580382244
242.0,45600.0,365.0,3600.0,-122.25817155095066,37.88218143928013
243.0,36000.0,678.0,3600.0,-122.09576027140204,37.67184202188362
244.0,41400.0,978.0,3600.0,-121.8573038223187,37.66346411195519
245.0,69000.0,635.0,3600.0,-121.90873972044987,37.595138198281084
246.0,39600.0,30.0,3600.0,-122.27426770015583,37.82912261877264
247.0,39600.0,610.0,3600.0,-122.16084086171186,37.682645820048826
248.0,45600.0,924.0,3600.0,-122.02921761150662,37.541237789604374
249.0,49200.0,586.0,3600.0,-122.13723428743845,37.71584217235632
250.0,50400.0,770.0,3600.0,-122.07633032495876,37.578025810973685
251.0,26400.0,871.0,3600.0,-121.9763679754146,37.534092485475234
252.0,33000.0,981.0,3600.0,-121.85314181842595,37.65780213360231
253.0,54600.0,334.0,3600.0,-122.29345886112002,37.89390607783897
254.0,61800.0,879.0,3600.0,-121.99877319746918,37.53697173096919
255.0,42600.0,354.0,3600.0,-122.27391887298391,37.90063767799585
256.0,37800.0,581.0,3600.0,-122.14238982834803,37.72433073933879
257.0,55800.0,968.0,3600.0,-121.89189590277036,37.67314995520056
258.0,42600.0,547.0,3600.0,-122.08021856821372,37.69864724594398
259.0,38400.0,354.0,3600.0,-122.27391887298391,37.90063767799585
260.0,44400.0,196.0,3600.0,-122.21493826599959,37.795338946029624
261.0,16800.0,169.0,3600.0,-122.2588526188688,37.79630285396352
262.0,46800.0,477.0,3600.0,-122.2782467032909,37.772857484863955
263.0,73200.0,933.0,3600.0,-122.00098100934099,37.52600721338343
264.0,37200.0,564.0,3600.0,-122.16889293424848,37.730279166351536
265.0,42000.0,688.0,3600.0,-122.03341929360936,37.658511542903206
266.0,78000.0,606.0,3600.0,-122.17469313378847,37.69455403462822
267.0,31200.0,215.0,3600.0,-122.2108033210421,37.78494806212768
268.0,55200.0,443.0,3600.0,-122.30090381611224,37.83917882291465
269.0,54600.0,60.0,3600.0,-122.2849268196775,37.80243943902588
270.0,34200.0,521.0,3600.0,-121.99398751195457,37.71238858834035
271.0,42600.0,12.0,3600.0,-122.26790037951005,37.848029751563836
272.0,50400.0,231.0,3600.0,-122.19701868229016,37.77249847662687
273.0,42600.0,584.0,3600.0,-122.12404528685512,37.72669377449886
274.0,29400.0,390.0,3600.0,-122.25794214732078,37.88037297088793
275.0,30600.0,566.0,3600.0,-122.18669059983038,37.700723571247465
276.0,36600.0,759.0,3600.0,-122.02358610449095,37.60032010400299
277.0,64800.0,687.0,3600.0,-122.04680488968965,37.67188230040839
278.0,26400.0,778.0,3600.0,-122.03097436200918,37.589948740657505
279.0,51600.0,455.0,3600.0,-122.23342953259619,37.82316150248093
280.0,40800.0,331.0,3600.0,-122.15749501742431,37.74003599838939
281.0,33000.0,437.0,3600.0,-122.27344501794511,37.85212447640988
282.0,42000.0,56.0,3600.0,-122.29774935569816,37.805525467958894
283.0,41400.0,680.0,3600.0,-122.0875991757305,37.65938789713652
284.0,45600.0,758.0,3600.0,-122.02130671688832,37.59536268869526
285.0,18000.0,379.0,3600.0,-122.29748424905772,37.875910424297196
286.0,54000.0,279.0,3600.0,-122.1922712607051,37.75797193849571
287.0,36600.0,371.0,3600.0,-122.2784889025406,37.881579785025274
288.0,36600.0,371.0,3600.0,-122.2784889025406,37.881579785025274
289.0,32400.0,683.0,3600.0,-122.059364945813,37.673570896636626
290.0,52200.0,281.0,3600.0,-122.19620159433595,37.75939961983662
291.0,29400.0,399.0,3600.0,-122.2653223738736,37.86781312861166
292.0,52800.0,809.0,3600.0,-122.03690821408823,37.58587868643275
293.0,61800.0,964.0,3600.0,-121.88248521231364,37.67804523999756
294.0,31200.0,703.0,3600.0,-122.115717571953,37.66343370570325
295.0,54600.0,990.0,3600.0,-121.87183663196465,37.67933152255889
296.0,42600.0,680.0,3600.0,-122.0875991757305,37.65938789713652
297.0,53400.0,171.0,3600.0,-122.22049320188816,37.77154873726885
298.0,45600.0,557.0,3600.0,-122.14781855213555,37.73508721694252
299.0,33000.0,369.0,3600.0,-122.27002233279396,37.88154882810097
300.0,31800.0,701.0,3600.0,-122.10401669083357,37.659426675840926
301.0,54600.0,636.0,3600.0,-122.03383911723964,37.69756628336554
302.0,52800.0,284.0,3600.0,-122.18587753874193,37.75608857837531
303.0,22200.0,961.0,3600.0,-121.90545791768066,37.67442103852077
304.0,38400.0,864.0,3600.0,-121.96884169767917,37.52679616709531
305.0,30600.0,305.0,3600.0,-122.17020392616503,37.75122054571698
306.0,52800.0,298.0,3600.0,-122.18211823764219,37.74141083442971
307.0,26400.0,604.0,3600.0,-122.15627038174549,37.699121387327494
308.0,39600.0,420.0,3600.0,-122.26732642606562,37.856228065527844
309.0,49800.0,958.0,3600.0,-121.90620502008348,37.689621531224546
310.0,40200.0,907.0,3600.0,-121.91877000953666,37.472761989782626
311.0,60600.0,171.0,3600.0,-122.22049320188816,37.77154873726885
312.0,71400.0,976.0,3600.0,-121.83769643845767,37.58417658606435
313.0,42600.0,1038.0,3600.0,-121.78117857048,37.668562409483734
314.0,60000.0,123.0,3600.0,-122.21768409427223,37.80888915196216
315.0,50400.0,417.0,3600.0,-122.27449091113047,37.85392287874366
316.0,47400.0,861.0,3600.0,-121.93789454648049,37.547435550252125
317.0,30000.0,724.0,3600.0,-122.08104844037273,37.639587879320146
318.0,36600.0,471.0,3600.0,-122.26634572415908,37.777139492841066
319.0,57000.0,105.0,3600.0,-122.23839622025716,37.84576989692377
320.0,54600.0,693.0,3600.0,-122.07871898409725,37.65199625891278
321.0,52200.0,728.0,3600.0,-122.0741015380941,37.63285200783789
322.0,25800.0,302.0,3600.0,-122.17846718865765,37.749750605411144
323.0,42000.0,118.0,3600.0,-122.18347719548979,37.812728108107486
324.0,27000.0,818.0,3600.0,-122.05586596806037,37.58154350532402
325.0,34800.0,150.0,3600.0,-122.24334466301478,37.798504185266516
326.0,55800.0,384.0,3600.0,-122.27688744127092,37.877066469342786
327.0,57000.0,480.0,3600.0,-122.28581601862841,37.77414880591883
328.0,43800.0,69.0,3600.0,-122.27379384932222,37.80253138540498
329.0,28800.0,645.0,3600.0,-122.06443131682141,37.68023695472227
330.0,36000.0,954.0,3600.0,-121.92640895818012,37.68506782591918
331.0,22800.0,930.0,3600.0,-122.03418462235088,37.52874604661682
332.0,35400.0,551.0,3600.0,-122.06862892636987,37.69103938184164
333.0,44400.0,475.0,3600.0,-122.28787898381967,37.77754623956264
334.0,54000.0,873.0,3600.0,-121.98003290300005,37.52852446466037
335.0,39000.0,379.0,3600.0,-122.29748424905772,37.875910424297196
336.0,43800.0,695.0,3600.0,-122.08344434425693,37.65265317672836
337.0,24000.0,225.0,3600.0,-122.20619042975432,37.75515074939104
338.0,36000.0,789.0,3600.0,-122.0113740585794,37.588290944710764
339.0,51600.0,207.0,3600.0,-122.18976819252802,37.79318455073312
340.0,39600.0,700.0,3600.0,-122.10951656766088,37.662489075642625
341.0,37800.0,129.0,3600.0,-122.23837164557723,37.80740068329548
342.0,46800.0,556.0,3600.0,-122.15224439176737,37.73850273020298
343.0,28200.0,4.0,3600.0,-122.24747009459445,37.84617138646249
344.0,55200.0,594.0,3600.0,-122.14279457963048,37.71677345855765
345.0,51000.0,505.0,3600.0,-122.23411709170338,37.73921151275373
346.0,18600.0,657.0,3600.0,-122.1098514498543,37.68062031243582
347.0,30600.0,639.0,3600.0,-122.05134841096856,37.62879071733332
348.0,46200.0,457.0,3600.0,-122.22134784120067,37.819298699858045
349.0,58200.0,512.0,3600.0,-122.2607335185787,37.76206129718165
350.0,33000.0,691.0,3600.0,-122.08324217215419,37.66080882461709
351.0,33000.0,1015.0,3600.0,-121.78508353781255,37.69294433302853
352.0,59400.0,514.0,3600.0,-122.27058174491347,37.76288424884485
353.0,59400.0,990.0,3600.0,-121.87183663196465,37.67933152255889
354.0,36600.0,73.0,3600.0,-122.2652932183905,37.80360863564098
355.0,36000.0,541.0,3600.0,-122.08167301824574,37.70291215772526
356.0,28800.0,468.0,3600.0,-122.24668694035239,37.7824054557451
357.0,26400.0,201.0,3600.0,-122.2062369515225,37.80675338203006
358.0,39000.0,155.0,3600.0,-122.22692296163044,37.79922503414311
359.0,46200.0,604.0,3600.0,-122.15627038174549,37.699121387327494
360.0,48000.0,261.0,3600.0,-122.1764337738413,37.76627983141995
361.0,25200.0,860.0,3600.0,-121.94492007969777,37.53550362407079
362.0,22200.0,945.0,3600.0,-121.93225899195933,37.71704310851655
363.0,53400.0,393.0,3600.0,-122.24865004431769,37.88030229144851
364.0,79200.0,578.0,3600.0,-122.15501262068753,37.720787147683524
365.0,39000.0,211.0,3600.0,-122.20221027482783,37.78401171161003
366.0,52200.0,318.0,3600.0,-122.12170901473856,37.75159540944518
367.0,34200.0,184.0,3600.0,-122.22742533318461,37.79254726242277
368.0,75600.0,573.0,3600.0,-122.16885481188979,37.72554880986767
369.0,30600.0,776.0,3600.0,-122.03815534273144,37.58789114913326
370.0,24000.0,931.0,3600.0,-122.01342859257296,37.52090527081997
371.0,22200.0,372.0,3600.0,-122.2799046883854,37.877172922350134
372.0,10800.0,76.0,3600.0,-122.2597586951375,37.81499670883599
373.0,48000.0,150.0,3600.0,-122.24334466301478,37.798504185266516
374.0,83400.0,163.0,3600.0,-122.23443870312488,37.790171830854426
375.0,81600.0,554.0,3600.0,-122.07736070240944,37.68111035735103
376.0,34200.0,685.0,3600.0,-122.0692439601181,37.66788736334917
377.0,40800.0,864.0,3600.0,-121.96884169767917,37.52679616709531
378.0,26400.0,993.0,3600.0,-121.86568336704498,37.71479533461542
379.0,31800.0,1001.0,3600.0,-121.797176124536,37.63996661462742
380.0,57600.0,506.0,3600.0,-122.26043127696188,37.7426005894363
381.0,40200.0,66.0,3600.0,-122.26575447987669,37.804199248670784
382.0,43200.0,472.0,3600.0,-122.2725670567601,37.7771018066294
383.0,39000.0,581.0,3600.0,-122.14238982834803,37.72433073933879
384.0,34200.0,388.0,3600.0,-122.27301365590952,37.87362594850708
385.0,60000.0,1013.0,3600.0,-121.77207429378574,37.68991764538463
386.0,42600.0,564.0,3600.0,-122.16889293424848,37.730279166351536
387.0,47400.0,106.0,3600.0,-122.24229094730943,37.84193002749682
388.0,56400.0,252.0,3600.0,-122.15098263246514,37.778407502846804
389.0,25800.0,645.0,3600.0,-122.06443131682141,37.68023695472227
390.0,57000.0,806.0,3600.0,-122.03996690443336,37.56497762008644
391.0,32400.0,1018.0,3600.0,-121.77715598243297,37.68476709538402
392.0,54600.0,945.0,3600.0,-121.93225899195933,37.71704310851655
393.0,56400.0,756.0,3600.0,-122.01139658923391,37.62883458062136
394.0,48000.0,639.0,3600.0,-122.05134841096856,37.62879071733332
395.0,42600.0,538.0,3600.0,-122.10027576443308,37.7064084629289
396.0,33000.0,478.0,3600.0,-122.28098255518682,37.77016461595239
397.0,40200.0,551.0,3600.0,-122.06862892636987,37.69103938184164
398.0,46800.0,232.0,3600.0,-122.20240569586421,37.78184020809603
399.0,24600.0,38.0,3600.0,-122.26360256112203,37.81952436393107
400.0,45600.0,734.0,3600.0,-122.06362117711315,37.64273223129682
401.0,5400.0,884.0,3600.0,-122.00911327142738,37.534956801722664
402.0,57600.0,641.0,3600.0,-122.04757031071775,37.69287049720731
403.0,45000.0,616.0,3600.0,-122.13070990367532,37.68491558027208
404.0,48000.0,531.0,3600.0,-122.0933421076183,37.71300616195738
405.0,37800.0,49.0,3600.0,-122.28743357011432,37.82462907044037
406.0,54000.0,765.0,3600.0,-122.07832019180582,37.590646369156104
407.0,37200.0,892.0,3600.0,-121.9572316079032,37.5159457414904
408.0,57000.0,1040.0,3600.0,-121.79985858433226,37.66466219739117
409.0,36600.0,651.0,3600.0,-122.0957990004816,37.67735746385679
410.0,82200.0,551.0,3600.0,-122.06862892636987,37.69103938184164
411.0,82800.0,551.0,3600.0,-122.06862892636987,37.69103938184164
412.0,32400.0,554.0,3600.0,-122.07736070240944,37.68111035735103
413.0,29400.0,102.0,3600.0,-122.22636644230136,37.840009876602515
414.0,53400.0,548.0,3600.0,-122.08553628104815,37.700977871442504
415.0,40200.0,712.0,3600.0,-122.10169374092796,37.629039632320406
416.0,57000.0,249.0,3600.0,-122.15107172640086,37.79080387154671
417.0,25200.0,343.0,3600.0,-122.3191171090377,37.88601549702879
418.0,42000.0,154.0,3600.0,-122.23941398086416,37.79993810861656
419.0,38400.0,573.0,3600.0,-122.16885481188979,37.72554880986767
420.0,56400.0,406.0,3600.0,-122.28634591404956,37.86531861830878
421.0,39600.0,975.0,3600.0,-121.8824067583555,37.63995924435348
422.0,85800.0,908.0,3600.0,-121.91060816645634,37.46356030803838
423.0,43800.0,171.0,3600.0,-122.22049320188816,37.77154873726885
424.0,40800.0,615.0,3600.0,-122.14761189598809,37.68631820587586
425.0,29400.0,836.0,3600.0,-122.0147812280858,37.55037858242042
426.0,55800.0,436.0,3600.0,-122.2782420538319,37.85185456010768
427.0,27600.0,665.0,3600.0,-122.13370926050807,37.681265730899355
428.0,32400.0,1017.0,3600.0,-121.78066426278481,37.68472184800668
429.0,57000.0,981.0,3600.0,-121.85314181842595,37.65780213360231
430.0,48000.0,58.0,3600.0,-122.28255261572282,37.80969943661636
431.0,83400.0,163.0,3600.0,-122.23443870312488,37.790171830854426
432.0,39600.0,901.0,3600.0,-121.92391359993553,37.53003055887829
433.0,56400.0,99.0,3600.0,-122.2493896210617,37.825408003508116
434.0,33600.0,921.0,3600.0,-122.06129598176798,37.53835140729774
435.0,33000.0,390.0,3600.0,-122.25794214732078,37.88037297088793
436.0,63000.0,942.0,3600.0,-121.9245499345151,37.72469930523117
437.0,46800.0,774.0,3600.0,-122.03883500141647,37.59062367486109
438.0,59400.0,976.0,3600.0,-121.83769643845767,37.58417658606435
439.0,48000.0,787.0,3600.0,-122.06418387569884,37.587130221322916
440.0,36600.0,299.0,3600.0,-122.1747361964479,37.74629821302049
441.0,54600.0,903.0,3600.0,-121.93831752312374,37.52527613839246
442.0,34200.0,618.0,3600.0,-122.14034893692514,37.68648470044458
443.0,33600.0,360.0,3600.0,-122.2706684624935,37.88571366576395
444.0,33600.0,754.0,3600.0,-122.08085947138385,37.62100831940253
445.0,23400.0,7.0,3600.0,-122.25654174110579,37.83851947050301
446.0,37800.0,930.0,3600.0,-122.03418462235088,37.52874604661682
447.0,51000.0,280.0,3600.0,-122.19487870670007,37.7544561402769
448.0,40800.0,227.0,3600.0,-122.20651189168859,37.77023962249806
449.0,40800.0,227.0,3600.0,-122.20651189168859,37.77023962249806
450.0,28200.0,944.0,3600.0,-121.93147824952116,37.72201320904255
451.0,59400.0,897.0,3600.0,-121.93254706026298,37.509370960566066
452.0,34800.0,169.0,3600.0,-122.2588526188688,37.79630285396352
453.0,34800.0,169.0,3600.0,-122.2588526188688,37.79630285396352
454.0,52800.0,862.0,3600.0,-121.93404331008864,37.53518730584407
455.0,58800.0,184.0,3600.0,-122.22742533318461,37.79254726242277
456.0,3600.0,572.0,3600.0,-122.1716922370214,37.72169870499279
457.0,25800.0,475.0,3600.0,-122.28787898381967,37.77754623956264
458.0,4860.0,43.0,3600.0,-122.2732628424791,37.81465776772876
459.0,52800.0,757.0,3600.0,-122.01875405110529,37.60034537206721
460.0,43200.0,977.0,3600.0,-121.81607953895191,37.64204287304905
461.0,48600.0,585.0,3600.0,-122.13861009278006,37.71839393918385
462.0,57000.0,388.0,3600.0,-122.27301365590952,37.87362594850708
463.0,9300.0,632.0,3600.0,-122.11365696840491,37.6935194415412
464.0,48000.0,324.0,3600.0,-122.15956589164902,37.74963874096318
465.0,47400.0,553.0,3600.0,-122.07383317304637,37.690321160550944
466.0,55200.0,155.0,3600.0,-122.22692296163044,37.79922503414311
467.0,51000.0,525.0,3600.0,-122.06526205182224,37.70694951295185
468.0,30000.0,579.0,3600.0,-122.14099093768188,37.729342644500974
469.0,59400.0,222.0,3600.0,-122.21987928633551,37.77867795011563
470.0,42000.0,1015.0,3600.0,-121.78508353781255,37.69294433302853
471.0,46800.0,913.0,3600.0,-122.02928342660368,37.546030370732254
472.0,63600.0,814.0,3600.0,-122.0529810481246,37.57255048040226
473.0,40800.0,874.0,3600.0,-121.97914438448076,37.5333492218063
474.0,43200.0,644.0,3600.0,-122.05984955709371,37.68334675326324
475.0,58800.0,330.0,3600.0,-122.16158911490139,37.74321005743127
476.0,57000.0,74.0,3600.0,-122.26295688871696,37.80118485588411
477.0,19200.0,913.0,3600.0,-122.02928342660368,37.546030370732254
478.0,33600.0,391.0,3600.0,-122.25586116141152,37.87738543885306
479.0,19800.0,143.0,3600.0,-122.24761497637522,37.79780116933479
480.0,46200.0,74.0,3600.0,-122.26295688871696,37.80118485588411
481.0,72000.0,164.0,3600.0,-122.2346636521127,37.7875528493875
482.0,46800.0,929.0,3600.0,-122.02673416144121,37.53026389983197
483.0,26400.0,407.0,3600.0,-122.28905410098814,37.86483957272159
484.0,34200.0,306.0,3600.0,-122.17258994869242,37.752072098628
485.0,45600.0,404.0,3600.0,-122.27725792053214,37.86474814515463
486.0,37200.0,305.0,3600.0,-122.17020392616503,37.75122054571698
487.0,25800.0,148.0,3600.0,-122.24101408222656,37.79609140907982
488.0,49200.0,887.0,3600.0,-121.97018971347866,37.5193613431559
489.0,34800.0,294.0,3600.0,-122.1672633490557,37.73915142489693
490.0,37800.0,774.0,3600.0,-122.03883500141647,37.59062367486109
491.0,49200.0,832.0,3600.0,-122.02329383276059,37.55462160751405
492.0,30000.0,317.0,3600.0,-122.13482758311189,37.76061061835602
493.0,37200.0,710.0,3600.0,-122.09618391073869,37.629058528597554
494.0,81000.0,63.0,3600.0,-122.27741602617122,37.81300843015061
495.0,38400.0,578.0,3600.0,-122.15501262068753,37.720787147683524
496.0,34800.0,750.0,3600.0,-122.06267407542823,37.62371410501768
497.0,46800.0,100.0,3600.0,-122.25395886785275,37.82709414041746
498.0,56400.0,586.0,3600.0,-122.13723428743845,37.71584217235632
499.0,51000.0,628.0,3600.0,-122.11269183876811,37.69621760437072
500.0,33000.0,324.0,3600.0,-122.15956589164902,37.74963874096318
501.0,34800.0,511.0,3600.0,-122.2515391335027,37.765242705061965
502.0,31200.0,430.0,3600.0,-122.24576427697562,37.857508966987176
503.0,55200.0,483.0,3600.0,-122.27208031685234,37.773006559392364
504.0,55200.0,483.0,3600.0,-122.27208031685234,37.773006559392364
505.0,39600.0,719.0,3600.0,-122.0958508701276,37.63159377377355
506.0,29400.0,475.0,3600.0,-122.28787898381967,37.77754623956264
507.0,54000.0,186.0,3600.0,-122.22195799391812,37.79268781341477
508.0,77400.0,552.0,3600.0,-122.06095783970567,37.68832974714245
509.0,42000.0,173.0,3600.0,-122.23583384473763,37.77941469776947
510.0,58800.0,646.0,3600.0,-122.07725834926033,37.67411437637068
511.0,42600.0,567.0,3600.0,-122.18929532643791,37.71975186663271
512.0,32400.0,57.0,3600.0,-122.28042990598333,37.81138117201408
513.0,54000.0,233.0,3600.0,-122.20618176074966,37.7803059552886
514.0,26400.0,277.0,3600.0,-122.1911353084826,37.76659557880401
515.0,38400.0,581.0,3600.0,-122.14238982834803,37.72433073933879
516.0,39600.0,525.0,3600.0,-122.06526205182224,37.70694951295185
517.0,73200.0,509.0,3600.0,-122.25093509969118,37.75423223641908
518.0,45600.0,403.0,3600.0,-122.27578526303499,37.865255795418115
519.0,45600.0,10.0,3600.0,-122.25927133581364,37.84958123873084
520.0,19200.0,1012.0,3600.0,-121.75843172320553,37.698201617024715
521.0,31800.0,579.0,3600.0,-122.14099093768188,37.729342644500974
522.0,38400.0,391.0,3600.0,-122.25586116141152,37.87738543885306
523.0,85800.0,566.0,3600.0,-122.18669059983038,37.700723571247465
524.0,37200.0,990.0,3600.0,-121.87183663196465,37.67933152255889
525.0,57000.0,902.0,3600.0,-121.9289359218187,37.532844675675804
526.0,55200.0,686.0,3600.0,-122.07130071269539,37.66436369010788
527.0,47400.0,781.0,3600.0,-122.07327151852814,37.59563099208764
528.0,52800.0,887.0,3600.0,-121.97018971347866,37.5193613431559
529.0,69000.0,71.0,3600.0,-122.26711223871062,37.799816046977504
530.0,43800.0,747.0,3600.0,-122.06361769506549,37.62959812778149
531.0,39000.0,246.0,3600.0,-122.18905917176382,37.78556634429969
532.0,30000.0,705.0,3600.0,-122.09923498370209,37.638148769831254
533.0,52200.0,139.0,3600.0,-122.25268137422677,37.8035871037766
534.0,54600.0,857.0,3600.0,-121.92176211262695,37.547473382144524
535.0,36600.0,516.0,3600.0,-122.26852434499126,37.76541187504426
536.0,35400.0,1038.0,3600.0,-121.78117857048,37.668562409483734
537.0,60000.0,673.0,3600.0,-122.1313056886201,37.668995071452414
538.0,35400.0,754.0,3600.0,-122.08085947138385,37.62100831940253
539.0,33000.0,682.0,3600.0,-122.05083142567597,37.67563891960156
540.0,60600.0,334.0,3600.0,-122.29345886112002,37.89390607783897
541.0,51000.0,18.0,3600.0,-122.26902276884945,37.840758557755834
542.0,77400.0,578.0,3600.0,-122.15501262068753,37.720787147683524
543.0,30000.0,693.0,3600.0,-122.07871898409725,37.65199625891278
544.0,51000.0,205.0,3600.0,-122.19972283673363,37.7946188191559
545.0,54000.0,993.0,3600.0,-121.86568336704498,37.71479533461542
546.0,57600.0,840.0,3600.0,-121.99073378877961,37.56227465896884
547.0,22800.0,876.0,3600.0,-121.98419207290225,37.542676665275266
548.0,33600.0,901.0,3600.0,-121.92391359993553,37.53003055887829
549.0,60000.0,173.0,3600.0,-122.23583384473763,37.77941469776947
550.0,43800.0,196.0,3600.0,-122.21493826599959,37.795338946029624
551.0,45600.0,681.0,3600.0,-122.09290424521468,37.66721675806254
552.0,43200.0,385.0,3600.0,-122.27581872917564,37.873278087615944
553.0,57600.0,943.0,3600.0,-121.91733908543722,37.71435454476325
554.0,42600.0,723.0,3600.0,-122.07830888245596,37.64192818310117
555.0,28200.0,334.0,3600.0,-122.29345886112002,37.89390607783897
556.0,40200.0,173.0,3600.0,-122.23583384473763,37.77941469776947
557.0,29400.0,5626.0,3600.0,-121.72497172783672,38.07685414051764
558.0,54000.0,406.0,3600.0,-122.28634591404956,37.86531861830878
559.0,58200.0,159.0,3600.0,-122.2323348863817,37.79470014021975
560.0,50400.0,780.0,3600.0,-122.0828078325707,37.59770622969038
561.0,24600.0,949.0,3600.0,-121.9484307007016,37.71295024994511
562.0,39600.0,617.0,3600.0,-122.14081433060596,37.685140009679685
563.0,52200.0,367.0,3600.0,-122.25990578670498,37.8811319506472
564.0,59400.0,902.0,3600.0,-121.9289359218187,37.532844675675804
565.0,17400.0,208.0,3600.0,-122.19447120292722,37.78749334559656
566.0,58200.0,1003.0,3600.0,-121.74234904512585,37.71747592794173
567.0,15360.0,76.0,3600.0,-122.2597586951375,37.81499670883599
568.0,54000.0,639.0,3600.0,-122.05134841096856,37.62879071733332
569.0,43200.0,147.0,3600.0,-122.24442455231105,37.79458290365195
570.0,58800.0,549.0,3600.0,-122.07104120153176,37.6942545844654
571.0,58800.0,549.0,3600.0,-122.07104120153176,37.6942545844654
572.0,34200.0,860.0,3600.0,-121.94492007969777,37.53550362407079
573.0,54600.0,861.0,3600.0,-121.93789454648049,37.547435550252125
574.0,56400.0,686.0,3600.0,-122.07130071269539,37.66436369010788
575.0,44400.0,834.0,3600.0,-122.00954075061298,37.552780754349065
576.0,44400.0,834.0,3600.0,-122.00954075061298,37.552780754349065
577.0,21600.0,320.0,3600.0,-122.12821292794547,37.74385994275314
578.0,21600.0,320.0,3600.0,-122.12821292794547,37.74385994275314
579.0,43800.0,457.0,3600.0,-122.22134784120067,37.819298699858045
580.0,43800.0,624.0,3600.0,-122.12126102001756,37.69587675925429
581.0,49200.0,387.0,3600.0,-122.26799987180986,37.87235761418028
582.0,49200.0,387.0,3600.0,-122.26799987180986,37.87235761418028
583.0,39000.0,832.0,3600.0,-122.02329383276059,37.55462160751405
584.0,27000.0,336.0,3600.0,-122.29078871039428,37.89378156241941
585.0,13800.0,602.0,3600.0,-122.15840402649486,37.6934614715727
586.0,25200.0,850.0,3600.0,-121.96883155826698,37.55626165849399
587.0,46200.0,347.0,3600.0,-122.28631146107476,37.8884754297522
588.0,55800.0,901.0,3600.0,-121.92391359993553,37.53003055887829
589.0,35400.0,292.0,3600.0,-122.18152431212768,37.730555946295645
590.0,43200.0,997.0,3600.0,-121.63998645227738,37.54816535082362
591.0,51000.0,933.0,3600.0,-122.00098100934099,37.52600721338343
592.0,31200.0,261.0,3600.0,-122.1764337738413,37.76627983141995
593.0,32400.0,607.0,3600.0,-122.18777145197954,37.691346687294406
594.0,35400.0,294.0,3600.0,-122.1672633490557,37.73915142489693
595.0,48000.0,212.0,3600.0,-122.20618986175057,37.786830186083954
596.0,48000.0,212.0,3600.0,-122.20618986175057,37.786830186083954
597.0,48000.0,212.0,3600.0,-122.20618986175057,37.786830186083954
598.0,37200.0,353.0,3600.0,-122.27645870033957,37.896329881745345
599.0,31800.0,332.0,3600.0,-122.16520630988187,37.74009611573113
600.0,35400.0,834.0,3600.0,-122.00954075061298,37.552780754349065
601.0,58200.0,837.0,3600.0,-121.99924522113281,37.55927372693279
602.0,47400.0,453.0,3600.0,-122.22580690357073,37.81865705302266
603.0,57000.0,901.0,3600.0,-121.92391359993553,37.53003055887829
604.0,46200.0,710.0,3600.0,-122.09618391073869,37.629058528597554
605.0,57600.0,222.0,3600.0,-122.21987928633551,37.77867795011563
606.0,54000.0,619.0,3600.0,-122.1020568568166,37.68666683818726
607.0,54000.0,619.0,3600.0,-122.1020568568166,37.68666683818726
608.0,54000.0,619.0,3600.0,-122.1020568568166,37.68666683818726
609.0,41400.0,478.0,3600.0,-122.28098255518682,37.77016461595239
610.0,47400.0,737.0,3600.0,-122.04414210478147,37.62142096847799
611.0,47400.0,737.0,3600.0,-122.04414210478147,37.62142096847799
612.0,33000.0,266.0,3600.0,-122.18022103145623,37.75789576608056
613.0,29400.0,358.0,3600.0,-122.28103585483139,37.889866350448685
614.0,36000.0,703.0,3600.0,-122.115717571953,37.66343370570325
615.0,39600.0,936.0,3600.0,-121.89743437587957,37.72844075940664
616.0,43800.0,251.0,3600.0,-122.13202614106557,37.77315895864521
617.0,39000.0,179.0,3600.0,-122.22884923342369,37.780065065642404
618.0,39000.0,179.0,3600.0,-122.22884923342369,37.780065065642404
619.0,39600.0,230.0,3600.0,-122.20000804616065,37.76637703408616
620.0,56400.0,618.0,3600.0,-122.14034893692514,37.68648470044458
621.0,57600.0,691.0,3600.0,-122.08324217215419,37.66080882461709
622.0,43200.0,713.0,3600.0,-122.11524281432953,37.65230993584707
623.0,63000.0,879.0,3600.0,-121.99877319746918,37.53697173096919
624.0,36600.0,1765.0,3600.0,-121.94472504640228,37.94067196658498
625.0,58200.0,1759.0,3600.0,-121.90647125518974,37.740626498128194
626.0,45600.0,1619.0,3600.0,-122.07850817484552,37.92080334210359
627.0,61200.0,1568.0,3600.0,-122.05016194658974,37.959949725806915
628.0,66000.0,1435.0,3600.0,-121.91027502650311,38.03249209123795
629.0,66000.0,1435.0,3600.0,-121.91027502650311,38.03249209123795
630.0,56400.0,1717.0,3600.0,-122.12438592655865,37.82195480372958
631.0,51600.0,1899.0,3600.0,-122.3587316620986,37.93549567902792
632.0,38400.0,1672.0,3600.0,-121.99851577169181,37.81929798855382
633.0,38400.0,1672.0,3600.0,-121.99851577169181,37.81929798855382
634.0,57000.0,1642.0,3600.0,-121.91695511416131,37.73449461106617
635.0,46200.0,1470.0,3600.0,-122.10176731469087,37.98432422716093
636.0,36600.0,1543.0,3600.0,-121.99104165227486,37.970586406912176
637.0,33600.0,1589.0,3600.0,-122.03639446517701,37.94955218024849
638.0,38400.0,1660.0,3600.0,-121.968640392269,37.79143597031407
639.0,33000.0,1704.0,3600.0,-122.06000996835917,37.85141917742897
640.0,13800.0,1389.0,3600.0,-121.84979776783652,38.0007498341891
641.0,60000.0,1888.0,3600.0,-122.34663246399182,37.93881135554508
642.0,50400.0,1845.0,3600.0,-122.34962582623368,37.97054481391206
643.0,50400.0,1845.0,3600.0,-122.34962582623368,37.97054481391206
644.0,42000.0,1528.0,3600.0,-121.99106918338055,37.97736474973265
645.0,56400.0,1923.0,3600.0,-122.31177055362748,37.93597688865288
646.0,36000.0,1794.0,3600.0,-122.30720844647018,38.004618294231
647.0,42000.0,1655.0,3600.0,-121.95900933938852,37.75299328146419
648.0,61800.0,1892.0,3600.0,-122.35686141940309,37.9429548998002
649.0,24600.0,1651.0,3600.0,-121.9457390565642,37.768205112059135
650.0,41400.0,1435.0,3600.0,-121.91027502650311,38.03249209123795
651.0,25800.0,1769.0,3600.0,-121.93521303763849,37.949291170805225
652.0,52200.0,1366.0,3600.0,-121.61222711122848,37.89254062104661
653.0,54600.0,1717.0,3600.0,-122.12438592655865,37.82195480372958
654.0,23400.0,1643.0,3600.0,-121.93698265181523,37.740018748354295
655.0,54600.0,1365.0,3600.0,-121.58637287856597,37.89750708218079
656.0,54600.0,1365.0,3600.0,-121.58637287856597,37.89750708218079
657.0,36600.0,1897.0,3600.0,-122.35420332175113,37.935243413908594
658.0,16200.0,1916.0,3600.0,-122.32335841480129,37.92109316287845
659.0,57000.0,1500.0,3600.0,-122.07822854447521,37.92702420044368
660.0,61800.0,3759.0,3600.0,-122.50669871281345,37.88976521839034
661.0,63000.0,3759.0,3600.0,-122.50669871281345,37.88976521839034
662.0,31200.0,3682.0,3600.0,-122.53991852979077,37.979252794854276
663.0,52200.0,3653.0,3600.0,-122.55397299901296,38.0493044111753
664.0,42000.0,3727.0,3600.0,-122.52939308272427,37.94862406488971
665.0,56400.0,4305.0,3600.0,-122.30046866989797,38.29197981602216
666.0,43800.0,6113.0,3600.0,-122.49251661459311,37.75695306168362
667.0,52800.0,5769.0,3600.0,-122.44538994776822,37.78776488201244
668.0,56400.0,5838.0,3600.0,-122.44409778234383,37.76720092724997
669.0,56400.0,5838.0,3600.0,-122.44409778234383,37.76720092724997
670.0,43800.0,6233.0,3600.0,-122.40511640876875,37.7955274717816
671.0,37200.0,6074.0,3600.0,-122.4716466865137,37.72843473715723
672.0,54000.0,5849.0,3600.0,-122.40519501708135,37.768219404777604
673.0,45000.0,5871.0,3600.0,-122.44796340229581,37.74768804322361
674.0,40800.0,5673.0,3600.0,-122.4055195302079,37.80582198786577
675.0,14700.0,5859.0,3600.0,-122.42118976425114,37.76918889277167
676.0,43200.0,5784.0,3600.0,-122.45615238296705,37.78154152236648
677.0,52200.0,5985.0,3600.0,-122.42215439182942,37.7253282593247
678.0,22800.0,5956.0,3600.0,-122.39116546331985,37.72174671717396
679.0,38400.0,5900.0,3600.0,-122.43589168931582,37.752166869117886
680.0,57600.0,6013.0,3600.0,-122.45584307503994,37.70935712536038
681.0,45600.0,6131.0,3600.0,-122.48581707726844,37.736222897707805
682.0,55800.0,5824.0,3600.0,-122.43255525445716,37.7701175431054
683.0,27000.0,6493.0,3600.0,-121.27230595171496,38.127659123135125
684.0,26400.0,6634.0,3600.0,-121.44181768336071,37.74570494625147
685.0,56400.0,6337.0,3600.0,-121.28711714073889,37.928271815891065
686.0,57600.0,6476.0,3600.0,-121.32230088937553,38.120805210704546
687.0,41400.0,6555.0,3600.0,-121.20771347484595,37.8016204539314
688.0,41400.0,6555.0,3600.0,-121.20771347484595,37.8016204539314
689.0,41400.0,6555.0,3600.0,-121.20771347484595,37.8016204539314
690.0,58800.0,6367.0,3600.0,-121.3362919260704,37.99593292909074
691.0,31800.0,6623.0,3600.0,-121.43115050107215,37.75393867513768
692.0,48600.0,6463.0,3600.0,-121.30038569903208,37.90847534260389
693.0,29400.0,6621.0,3600.0,-121.42321688454064,37.74315486926438
694.0,62400.0,6932.0,3600.0,-122.45946753268873,37.61647873783538
695.0,47400.0,7266.0,3600.0,-122.16138992102042,37.45648630661664
696.0,42600.0,6991.0,3600.0,-122.35541849695946,37.58556449317598
697.0,29400.0,6841.0,3600.0,-122.4908655712505,37.68002261648385
698.0,51600.0,7113.0,3600.0,-122.25634019192542,37.49487909771855
699.0,55200.0,6844.0,3600.0,-122.48630915269625,37.6986918364788
700.0,55200.0,6844.0,3600.0,-122.48630915269625,37.6986918364788
701.0,54000.0,6834.0,3600.0,-122.48443162893156,37.700349763161036
702.0,55800.0,7125.0,3600.0,-122.29367308850824,37.491586005196915
703.0,46800.0,6998.0,3600.0,-122.36307306484906,37.5691887684605
704.0,40800.0,7088.0,3600.0,-122.28669390730427,37.53895419811826
705.0,37800.0,7038.0,3600.0,-122.32410287633326,37.52814179418647
706.0,44400.0,8456.0,3600.0,-122.12866538297828,37.43179692573873
707.0,55200.0,8031.0,3600.0,-121.94563076679701,37.3967666354422
708.0,48000.0,7762.0,3600.0,-121.84300360697303,37.277455764325396
709.0,58800.0,8317.0,3600.0,-122.04665302067072,37.36297827852176
710.0,39000.0,7708.0,3600.0,-121.9155386367994,37.254785546171775
711.0,37200.0,7889.0,3600.0,-121.85110601656882,37.35624990346402
712.0,29400.0,8240.0,3600.0,-122.04899636090782,37.31943305411414
713.0,27600.0,8522.0,3600.0,-121.88258422308787,37.24344422989372
714.0,35400.0,7664.0,3600.0,-121.92932502081743,37.31444405257875
715.0,22800.0,8177.0,3600.0,-121.96579878670836,37.241359057625594
716.0,36000.0,7763.0,3600.0,-121.85621640710299,37.329192635490024
717.0,30600.0,8126.0,3600.0,-121.95788931058385,37.32052223886181
718.0,8400.0,8372.0,3600.0,-122.06655772022768,37.39486738501791
719.0,34200.0,8117.0,3600.0,-121.98591137169883,37.32149780931092
720.0,40800.0,8337.0,3600.0,-122.0316188888977,37.37652652007829
721.0,57000.0,7621.0,3600.0,-121.88629630902977,37.35455920350463
722.0,46200.0,8131.0,3600.0,-121.97635708085566,37.309932534814926
723.0,46200.0,8131.0,3600.0,-121.97635708085566,37.309932534814926
724.0,46200.0,8131.0,3600.0,-121.97635708085566,37.309932534814926
725.0,47400.0,8435.0,3600.0,-122.11107692348699,37.39899259089571
726.0,47400.0,8435.0,3600.0,-122.11107692348699,37.39899259089571
727.0,45000.0,8483.0,3600.0,-122.15231635789729,37.41697658859532
728.0,16800.0,7749.0,3600.0,-121.86855009063078,37.27835704351319
729.0,38400.0,8104.0,3600.0,-121.97760884085606,37.33401323462426
730.0,54000.0,7771.0,3600.0,-121.85017770406176,37.32001181866815
731.0,52800.0,8325.0,3600.0,-122.01176631923741,37.36099102295037
732.0,14820.0,8324.0,3600.0,-122.0245128138973,37.361586636209864
733.0,44400.0,7925.0,3600.0,-121.82194822655198,37.37335806877596
734.0,44400.0,7648.0,3600.0,-121.89937214871453,37.31821433708143
735.0,42000.0,8121.0,3600.0,-121.98325653520646,37.310550349862815
736.0,51000.0,8154.0,3600.0,-121.9884676769673,37.29422882038709
737.0,35400.0,8352.0,3600.0,-122.00261840032026,37.39117755011041
738.0,45600.0,8481.0,3600.0,-122.14477242502879,37.42690612606572
739.0,54600.0,7881.0,3600.0,-121.86152647838955,37.354168762968726
740.0,53400.0,8325.0,3600.0,-122.01176631923741,37.36099102295037
741.0,54600.0,7924.0,3600.0,-121.83309934100565,37.35262493544029
742.0,37800.0,8360.0,3600.0,-122.06235745990533,37.38551939131019
743.0,41400.0,7813.0,3600.0,-121.77801105594968,37.33170972595874
744.0,29400.0,8312.0,3600.0,-122.04685063858096,37.35636658602754
745.0,34800.0,8835.0,3600.0,-121.89347642754494,36.977179068452976
746.0,42600.0,8713.0,3600.0,-121.73505894257003,36.92183648729288
747.0,46200.0,9164.0,3600.0,-121.9244527296984,38.29859444757726
748.0,41400.0,9269.0,3600.0,-121.9735959015315,38.35231144270208
749.0,60000.0,9080.0,3600.0,-122.23555573420641,38.11609020707569
750.0,60000.0,9080.0,3600.0,-122.23555573420641,38.11609020707569
751.0,59400.0,9191.0,3600.0,-122.01754166349133,38.26571476473258
752.0,29400.0,9210.0,3600.0,-121.99001553454835,38.25224531017229
753.0,63600.0,9292.0,3600.0,-121.9701544562821,38.384126252393244
754.0,63000.0,9145.0,3600.0,-122.07304620682712,38.28518334875177
755.0,25200.0,9203.0,3600.0,-122.01545067918453,38.25031289871445
756.0,27000.0,9128.0,3600.0,-122.1601389562043,38.06511423903511
757.0,41400.0,9123.0,3600.0,-122.18295642833698,38.086527960464224
758.0,58800.0,9073.0,3600.0,-122.2373705754595,38.095115788478694
759.0,24000.0,9457.0,3600.0,-122.70943512777659,38.39371654412149
760.0,63600.0,9613.0,3600.0,-122.80479297339832,38.38995720303222
761.0,58800.0,9367.0,3600.0,-122.6221775751288,38.26717809824857
762.0,22200.0,9393.0,3600.0,-122.63568884173127,38.23891196049383
763.0,31200.0,9784.0,3600.0,-121.04176298091859,37.68383239026396
764.0,36000.0,9857.0,3600.0,-120.96997022541545,37.643283434436285
765.0,55800.0,553.0,3600.0,-122.07383317304637,37.690321160550944
766.0,58800.0,1008.0,3600.0,-121.806249309277,37.700931041883464
767.0,40800.0,125.0,3600.0,-122.22365450091408,37.80038037448091
768.0,45600.0,747.0,3600.0,-122.06361769506549,37.62959812778149
769.0,24600.0,826.0,3600.0,-122.03312614310984,37.56855433715727
770.0,24600.0,826.0,3600.0,-122.03312614310984,37.56855433715727
771.0,53400.0,24.0,3600.0,-122.2811236483734,37.83707424471511
772.0,42000.0,680.0,3600.0,-122.0875991757305,37.65938789713652
773.0,42000.0,680.0,3600.0,-122.0875991757305,37.65938789713652
774.0,44400.0,627.0,3600.0,-122.11240480486721,37.69875760346173
775.0,44400.0,9.0,3600.0,-122.25986924142408,37.84579075360713
776.0,49200.0,462.0,3600.0,-122.22898649934888,37.7624583388838
777.0,49200.0,462.0,3600.0,-122.22898649934888,37.7624583388838
778.0,40200.0,688.0,3600.0,-122.03341929360936,37.658511542903206
779.0,42000.0,946.0,3600.0,-121.93796946289697,37.71177446508388
780.0,42000.0,946.0,3600.0,-121.93796946289697,37.71177446508388
781.0,65400.0,923.0,3600.0,-122.04731577746315,37.52275213751586
782.0,33000.0,42.0,3600.0,-122.2717971021107,37.821288616635286
783.0,43800.0,213.0,3600.0,-122.20207415994835,37.78937595512313
784.0,57600.0,862.0,3600.0,-121.93404331008864,37.53518730584407
785.0,44400.0,261.0,3600.0,-122.1764337738413,37.76627983141995
786.0,58200.0,536.0,3600.0,-122.10408880588665,37.71014864085623
787.0,58200.0,536.0,3600.0,-122.10408880588665,37.71014864085623
788.0,28200.0,518.0,3600.0,-122.3219000175445,37.78543739310119
789.0,26400.0,218.0,3600.0,-122.21280385073396,37.779879095960894
790.0,21000.0,563.0,3600.0,-122.16262030009965,37.73262554629183
791.0,54600.0,653.0,3600.0,-122.10055276142901,37.67467219527707
792.0,56400.0,1692.0,3600.0,-122.13197079685203,37.93829253556512
793.0,56400.0,1692.0,3600.0,-122.13197079685203,37.93829253556512
794.0,56400.0,1692.0,3600.0,-122.13197079685203,37.93829253556512
795.0,51000.0,1901.0,3600.0,-122.36944168449784,37.9321477566819
796.0,42000.0,1463.0,3600.0,-122.09432332519158,38.00822851196984
797.0,53400.0,1604.0,3600.0,-122.02294095277311,37.920736615412906
798.0,57000.0,1555.0,3600.0,-122.06838849133332,37.88220144271925
799.0,40800.0,1374.0,3600.0,-121.82485195681616,38.01204765038824
800.0,59400.0,1372.0,3600.0,-121.81610905478958,38.02001826975578
801.0,51600.0,1572.0,3600.0,-122.04344698597241,37.95366871162991
802.0,58800.0,1734.0,3600.0,-122.19101911084255,37.88578603623088
803.0,43200.0,1461.0,3600.0,-122.12435018074888,37.99620581647122
804.0,27600.0,1651.0,3600.0,-121.9457390565642,37.768205112059135
805.0,40200.0,1517.0,3600.0,-122.02558292720242,37.99278601291336
806.0,57000.0,1768.0,3600.0,-121.98780770866216,37.90443928978646
807.0,57000.0,1768.0,3600.0,-121.98780770866216,37.90443928978646
808.0,31800.0,3791.0,3600.0,-122.70359675846639,37.99841268163016
809.0,51600.0,3678.0,3600.0,-122.53116918405031,37.980079310821615
810.0,52200.0,6191.0,3600.0,-122.46359203536088,37.77402199432958
811.0,28200.0,6244.0,3600.0,-122.39447207439385,37.782147741324074
812.0,41400.0,5914.0,3600.0,-122.44156706961597,37.73642435905886
813.0,59400.0,6211.0,3600.0,-122.49591753412422,37.78034910282268
814.0,59400.0,6211.0,3600.0,-122.49591753412422,37.78034910282268
815.0,43800.0,6055.0,3600.0,-122.47056499139843,37.745236887316274
816.0,30000.0,6615.0,3600.0,-121.44090803297436,37.71282385628969
817.0,58200.0,6637.0,3600.0,-121.4386042141499,37.73339351077781
818.0,37800.0,6631.0,3600.0,-121.44770001446702,37.753318179903474
819.0,37800.0,6631.0,3600.0,-121.44770001446702,37.753318179903474
820.0,33600.0,6387.0,3600.0,-121.33505978929925,38.03331407153407
821.0,34800.0,6599.0,3600.0,-121.3330380540243,37.80694084422004
822.0,43200.0,6373.0,3600.0,-121.32985636989856,37.981948663862006
823.0,25200.0,6275.0,3600.0,-121.31947759649243,37.952544018818955
824.0,54600.0,6329.0,3600.0,-121.26196357683598,37.934884977002376
825.0,27600.0,6326.0,3600.0,-121.2391004161709,37.94080783811006
826.0,51600.0,7162.0,3600.0,-122.20679730280264,37.472031056851975
827.0,43200.0,6862.0,3600.0,-122.48031607101393,37.676009249769564
828.0,49200.0,6958.0,3600.0,-122.38178041046652,37.60071237051591
829.0,33000.0,7041.0,3600.0,-122.29781556359708,37.53056448669045
830.0,47400.0,7035.0,3600.0,-122.3385648960535,37.5388865889788
831.0,32400.0,6890.0,3600.0,-122.42084538029819,37.6600718649809
832.0,36600.0,7675.0,3600.0,-121.91030867642155,37.305848226994186
833.0,48600.0,7624.0,3600.0,-121.87606126813401,37.34556461338113
834.0,33600.0,8389.0,3600.0,-122.11351231535048,37.409187068329665
835.0,55200.0,7998.0,3600.0,-121.88375447577377,37.4575874221457
836.0,60600.0,7651.0,3600.0,-121.89840007630382,37.31675644513625
837.0,60600.0,7651.0,3600.0,-121.89840007630382,37.31675644513625
838.0,41400.0,7809.0,3600.0,-121.79394037044517,37.35237285026476
839.0,45000.0,7890.0,3600.0,-121.85571121652087,37.35569301837367
840.0,51600.0,8094.0,3600.0,-121.94922764659222,37.335088074041956
841.0,58200.0,8663.0,3600.0,-121.99247811655087,36.98978926595089
842.0,33000.0,9184.0,3600.0,-122.02683433340306,38.25821108987703
843.0,14400.0,9039.0,3600.0,-122.18144090719534,38.1340149675394
844.0,36000.0,9095.0,3600.0,-122.25746438160382,38.14959563824246
845.0,25200.0,9143.0,3600.0,-122.07347766712984,38.268127188904494
846.0,23400.0,9066.0,3600.0,-122.24044677360178,38.08200196271625
847.0,58800.0,9061.0,3600.0,-122.20486842776751,38.0804989166987
848.0,18000.0,9363.0,3600.0,-122.62184737236672,38.248268269101395
849.0,58800.0,9342.0,3600.0,-122.47765104880781,38.31289625310591
850.0,40200.0,894.0,3600.0,-121.92716660665344,37.51415885178293
851.0,57600.0,448.0,3600.0,-122.29107872811551,37.84751688198483
852.0,57600.0,448.0,3600.0,-122.29107872811551,37.84751688198483
853.0,43200.0,10.0,3600.0,-122.25927133581364,37.84958123873084
854.0,43200.0,10.0,3600.0,-122.25927133581364,37.84958123873084
855.0,48600.0,362.0,3600.0,-122.25551828038955,37.88880145405297
856.0,56400.0,771.0,3600.0,-122.07112626907612,37.58618075906719
857.0,37200.0,798.0,3600.0,-122.0070374693126,37.56723369290699
858.0,39000.0,1040.0,3600.0,-121.79985858433226,37.66466219739117
859.0,58200.0,17.0,3600.0,-122.26927515058559,37.84408538988801
860.0,39000.0,299.0,3600.0,-122.1747361964479,37.74629821302049
861.0,31800.0,219.0,3600.0,-122.21167322551061,37.775577988228065
862.0,42000.0,584.0,3600.0,-122.12404528685512,37.72669377449886
863.0,49800.0,183.0,3600.0,-122.22765113102385,37.7902060442317
864.0,31200.0,4360.0,3600.0,-122.2533250092877,38.18774371641189
865.0,42600.0,4383.0,3600.0,-122.26724528290904,38.331844865182
866.0,39000.0,5829.0,3600.0,-122.42676151462263,37.77112005438763
867.0,37800.0,5718.0,3600.0,-122.42022207058011,37.78753947510836
868.0,47400.0,6410.0,3600.0,-121.30547397493153,38.01303195018594
869.0,42600.0,6638.0,3600.0,-121.45185920171319,37.732166836251686
870.0,35400.0,6646.0,3600.0,-121.47583719292713,37.61623787593486
871.0,40800.0,6546.0,3600.0,-121.07055477400839,37.742373869607476
872.0,36000.0,6605.0,3600.0,-121.4538597936796,37.75417214466519
873.0,48000.0,6949.0,3600.0,-122.42493037069343,37.62412309498964
874.0,41400.0,7043.0,3600.0,-122.3040803980318,37.539668591767885
875.0,30000.0,7150.0,3600.0,-122.22764770852608,37.54694825900414
876.0,35400.0,8255.0,3600.0,-122.03732626599101,37.31057559154858
877.0,36000.0,8269.0,3600.0,-122.01681002639602,37.30781560075598
878.0,51000.0,8172.0,3600.0,-121.9695749491624,37.27569155261082
879.0,48600.0,7967.0,3600.0,-121.86692363420937,37.38934742147004
880.0,56400.0,9333.0,3600.0,-122.47728292358033,38.26472757828921
881.0,31800.0,772.0,3600.0,-122.07076010584521,37.58320128296028
882.0,31800.0,772.0,3600.0,-122.07076010584521,37.58320128296028
883.0,54000.0,625.0,3600.0,-122.12272089922807,37.690206074378466
884.0,35400.0,387.0,3600.0,-122.26799987180986,37.87235761418028
885.0,40800.0,392.0,3600.0,-122.26534289921221,37.87722561015833
886.0,57000.0,155.0,3600.0,-122.22692296163044,37.79922503414311
887.0,57000.0,155.0,3600.0,-122.22692296163044,37.79922503414311
888.0,57000.0,155.0,3600.0,-122.22692296163044,37.79922503414311
889.0,55200.0,203.0,3600.0,-122.19366002767767,37.79568099440542
890.0,39000.0,577.0,3600.0,-122.15144886596586,37.722501277831604
891.0,45600.0,1669.0,3600.0,-121.97677783583093,37.770705972816366
892.0,44400.0,1703.0,3600.0,-122.13694111186102,37.88398857306016
893.0,44400.0,1703.0,3600.0,-122.13694111186102,37.88398857306016
894.0,58800.0,6598.0,3600.0,-121.2532632012557,37.82038046793703
895.0,27000.0,6456.0,3600.0,-121.23409501340234,37.94855709439034
896.0,54000.0,6463.0,3600.0,-121.30038569903208,37.90847534260389
897.0,28800.0,6628.0,3600.0,-121.43756072713859,37.7554847644453
898.0,36600.0,31.0,3600.0,-122.2621900299794,37.83250417290133
899.0,25800.0,211.0,3600.0,-122.20221027482783,37.78401171161003
900.0,42600.0,532.0,3600.0,-122.09889806176069,37.71372842622744
901.0,57000.0,155.0,3600.0,-122.22692296163044,37.79922503414311
902.0,57000.0,155.0,3600.0,-122.22692296163044,37.79922503414311
903.0,34200.0,16.0,3600.0,-122.2743424531736,37.84555911295166
904.0,58200.0,641.0,3600.0,-122.04757031071775,37.69287049720731
905.0,58200.0,641.0,3600.0,-122.04757031071775,37.69287049720731
906.0,58200.0,641.0,3600.0,-122.04757031071775,37.69287049720731
907.0,58200.0,641.0,3600.0,-122.04757031071775,37.69287049720731
908.0,58200.0,641.0,3600.0,-122.04757031071775,37.69287049720731
909.0,50400.0,245.0,3600.0,-122.18395591621926,37.784447044614865
910.0,50400.0,198.0,3600.0,-122.20032828322017,37.79873048337204
911.0,29400.0,1023.0,3600.0,-121.7538603132063,37.68020821340982
912.0,24000.0,650.0,3600.0,-122.09239138857922,37.679271775636515
913.0,48000.0,956.0,3600.0,-121.92139777480449,37.67845349858141
914.0,46800.0,951.0,3600.0,-121.91361335898138,37.63200614992203
915.0,37200.0,15.0,3600.0,-122.26714773837784,37.84112225399045
916.0,55800.0,728.0,3600.0,-122.0741015380941,37.63285200783789
917.0,39600.0,6533.0,3600.0,-121.11996267250109,38.033918494362595
918.0,47400.0,7655.0,3600.0,-121.93773522002253,37.325171098432236
919.0,36600.0,8204.0,3600.0,-121.97597403143241,37.23687488766262
920.0,47400.0,8493.0,3600.0,-122.16448299098461,37.36438545726267
921.0,35400.0,8409.0,3600.0,-122.08809252578631,37.37709304730374
922.0,46800.0,8483.0,3600.0,-122.15231635789729,37.41697658859532
923.0,54000.0,8200.0,3600.0,-121.96409768059574,37.23191372483556
924.0,42000.0,8533.0,3600.0,-121.86065490488878,37.273857819519954
925.0,42000.0,8533.0,3600.0,-121.86065490488878,37.273857819519954
926.0,23400.0,142.0,3600.0,-122.2547328572658,37.797023724110474
927.0,48600.0,846.0,3600.0,-121.97407566597582,37.55827942409412
928.0,39600.0,667.0,3600.0,-122.14131291936809,37.6754588272125
929.0,53400.0,858.0,3600.0,-121.95349144384119,37.554213339142265
930.0,52200.0,760.0,3600.0,-122.0210919747546,37.60309175261553
931.0,52200.0,760.0,3600.0,-122.0210919747546,37.60309175261553
932.0,49200.0,486.0,3600.0,-122.25163821846989,37.7710016520707
933.0,47400.0,756.0,3600.0,-122.01139658923391,37.62883458062136
934.0,54000.0,279.0,3600.0,-122.1922712607051,37.75797193849571
935.0,57000.0,758.0,3600.0,-122.02130671688832,37.59536268869526
936.0,57000.0,758.0,3600.0,-122.02130671688832,37.59536268869526
937.0,31200.0,1361.0,3600.0,-121.75033131169891,37.91043017096825
938.0,54600.0,3678.0,3600.0,-122.53116918405031,37.980079310821615
939.0,42000.0,5741.0,3600.0,-122.44466480523201,37.80230088728049
940.0,39000.0,5744.0,3600.0,-122.44347785744586,37.796495412535364
941.0,46800.0,8214.0,3600.0,-121.99627905545711,37.270557854286444
942.0,58200.0,7836.0,3600.0,-121.762375318603,37.310920423253876
943.0,53400.0,8322.0,3600.0,-122.01898598940548,37.36263113706861
944.0,45600.0,8479.0,3600.0,-122.14241887285385,37.4297555658783
945.0,40800.0,7938.0,3600.0,-121.83968947984837,37.41796237172138
946.0,44400.0,9113.0,3600.0,-122.15943760926895,38.0544448181865
947.0,56400.0,9126.0,3600.0,-122.16842563524035,38.071225936225964
948.0,48000.0,349.0,3600.0,-122.26939802471313,37.90372888819822
949.0,48000.0,349.0,3600.0,-122.26939802471313,37.90372888819822
950.0,46200.0,747.0,3600.0,-122.06361769506549,37.62959812778149
951.0,45600.0,496.0,3600.0,-122.23798475835954,37.7634250219936
952.0,25800.0,318.0,3600.0,-122.12170901473856,37.75159540944518
953.0,43800.0,1369.0,3600.0,-121.61909532284652,37.95844884114197
954.0,33000.0,5712.0,3600.0,-122.40550045706559,37.794272426379436
955.0,51600.0,6544.0,3600.0,-121.12943424494644,37.72608373578745
956.0,52800.0,7200.0,3600.0,-122.16480693028767,37.4800636379364
957.0,59400.0,7045.0,3600.0,-122.31638697302698,37.535719077547725
958.0,55800.0,8141.0,3600.0,-121.94756170077144,37.30038131323562
959.0,55800.0,8141.0,3600.0,-121.94756170077144,37.30038131323562
960.0,40200.0,8198.0,3600.0,-121.98101170924792,37.228272014134234
961.0,13080.0,9127.0,3600.0,-122.17377667327412,38.0689762574137
962.0,26400.0,9524.0,3600.0,-122.6597644632441,38.475012413774515
963.0,52800.0,85.0,3600.0,-122.25812089943899,37.80948713415355
964.0,39000.0,542.0,3600.0,-122.08242412349964,37.706240105298214
965.0,36000.0,184.0,3600.0,-122.22742533318461,37.79254726242277
966.0,34800.0,1018.0,3600.0,-121.77715598243297,37.68476709538402
967.0,39600.0,544.0,3600.0,-122.0636631606329,37.70028205315602
968.0,34800.0,984.0,3600.0,-121.90274456591695,37.6964331799929
969.0,39000.0,1446.0,3600.0,-121.96408169445641,38.0326685722687
970.0,63000.0,1801.0,3600.0,-122.28303381695703,38.01530620930368
971.0,63000.0,1801.0,3600.0,-122.28303381695703,38.01530620930368
972.0,63600.0,1699.0,3600.0,-122.11281733590529,37.893435332769265
973.0,43800.0,1928.0,3600.0,-122.29052579411344,37.91879970464701
974.0,24600.0,5886.0,3600.0,-122.41778052001153,37.75621095788205
975.0,45000.0,5782.0,3600.0,-122.449074018783,37.783783159733645
976.0,57600.0,7210.0,3600.0,-122.14974064364675,37.46756426734418
977.0,48000.0,7238.0,3600.0,-122.20180611225621,37.326597427705764
978.0,59400.0,6974.0,3600.0,-122.39258297076627,37.5768491168046
979.0,45600.0,8377.0,3600.0,-122.07351277899215,37.40348308104964
980.0,51000.0,8234.0,3600.0,-122.0562187478914,37.258884756978794
981.0,51000.0,8234.0,3600.0,-122.0562187478914,37.258884756978794
982.0,37200.0,8422.0,3600.0,-122.08205649647425,37.36220030056497
983.0,49800.0,8483.0,3600.0,-122.15231635789729,37.41697658859532
984.0,28200.0,8836.0,3600.0,-121.88639695142311,36.97758345320768
985.0,13860.0,9039.0,3600.0,-122.18144090719534,38.1340149675394
986.0,55800.0,9255.0,3600.0,-121.95215346265844,38.32896196230574
987.0,63600.0,9073.0,3600.0,-122.2373705754595,38.095115788478694
988.0,60000.0,979.0,3600.0,-121.86519737906724,37.6592377556708
989.0,40800.0,65.0,3600.0,-122.2696757819298,37.810931469024226
990.0,39600.0,9249.0,3600.0,-121.96747577761313,38.33307541445831
991.0,26400.0,6596.0,3600.0,-121.23161343902345,37.814030645042
992.0,45600.0,8203.0,3600.0,-121.98235139095029,37.21201966773573
993.0,50400.0,9947.0,3600.0,-121.15623016855233,37.46904497388323
994.0,53400.0,682.0,3600.0,-122.05083142567597,37.67563891960156
995.0,30000.0,961.0,3600.0,-121.90545791768066,37.67442103852077
996.0,52800.0,15.0,3600.0,-122.26714773837784,37.84112225399045
997.0,22800.0,6017.0,3600.0,-122.43876640133774,37.71249675174642
998.0,58200.0,8465.0,3600.0,-122.12650792908573,37.44504334819961
999.0,33600.0,6461.0,3600.0,-121.3139194068978,37.910468537815554
1000.0,60600.0,6468.0,3600.0,-121.50479677613225,37.82422304194697
1001.0,60600.0,6468.0,3600.0,-121.50479677613225,37.82422304194697
1002.0,60600.0,6468.0,3600.0,-121.50479677613225,37.82422304194697
1003.0,60600.0,6468.0,3600.0,-121.50479677613225,37.82422304194697
1004.0,31200.0,850.0,3600.0,-121.96883155826698,37.55626165849399
1005.0,43200.0,6496.0,3600.0,-121.27642780563754,38.12167657228535
