carrierId,tourId,vehicleId,vehicleTypeId,depot_zone,MESOZONE,BoundaryZONE,depot_zone_x,depot_zone_y
685623.0,0.0,11.0,2.0,909.0,,no,-121.92445477319949,37.485920789949496
685624.0,1.0,32.0,2.0,564.0,,no,-122.16846118675352,37.73057700659482
686779.0,2.0,38.0,2.0,396.0,,no,-122.25352053946563,37.86654625945098
688995.0,3.0,52.0,2.0,283.0,,no,-122.18183649252694,37.75411342214013
691608.0,4.0,63.0,2.0,381.0,,no,-122.28980895702212,37.874613629738064
692707.0,5.0,76.0,2.0,348.0,,no,-122.29272061121523,37.88939108005658
697596.0,6.0,89.0,2.0,611.0,,no,-122.16053699182447,37.69057058245311
700400.0,7.0,95.0,2.0,190.0,,no,-122.21913197627023,37.78951324050151
700913.0,8.0,104.0,2.0,155.0,,no,-122.23298098843445,37.800713405365265
701322.0,9.0,114.0,2.0,705.0,,no,-122.10012951859036,37.64325316494772
702993.0,10.0,125.0,2.0,79.0,,no,-122.25758079579956,37.81584881789923
703000.0,11.0,139.0,2.0,820.0,,no,-122.06044467228399,37.58886855908496
703003.0,12.0,147.0,2.0,367.0,,no,-122.2598528305317,37.87975396954138
703004.0,13.0,152.0,2.0,473.0,,no,-122.27562508763867,37.77817908496888
705033.0,14.0,164.0,2.0,531.0,,no,-122.09277111499232,37.71414359644507
707089.0,15.0,174.0,2.0,75.0,,no,-122.26331759340235,37.802985678666175
708788.0,16.0,189.0,2.0,658.0,,no,-122.11765920024588,37.685855117054174
710272.0,17.0,204.0,2.0,245.0,,no,-122.18395540534583,37.789400657570596
710275.0,18.0,222.0,2.0,144.0,,no,-122.24946321316952,37.7967824826341
714655.0,19.0,234.0,2.0,475.0,,no,-122.28239020318902,37.77649915620932
722617.0,20.0,252.0,2.0,318.0,,no,-122.120249946572,37.7478021198704
722620.0,21.0,268.0,2.0,758.0,,no,-122.02657576259253,37.596491973455976
722621.0,22.0,276.0,2.0,641.0,,no,-122.05094078038091,37.688140969109085
722626.0,23.0,284.0,2.0,458.0,,no,-122.24087955240688,37.82879670211402
725620.0,24.0,294.0,2.0,982.0,,no,-121.84864226890993,37.664335166320036
727548.0,25.0,309.0,2.0,519.0,,no,-122.04429761510946,37.698794586735495
729886.0,26.0,328.0,2.0,1033.0,,no,-121.7755060332531,37.67606633984565
730012.0,27.0,340.0,2.0,486.0,,no,-122.25275505651938,37.769800149854476
732004.0,28.0,349.0,2.0,55.0,,no,-122.29242304681534,37.808898194906384
732005.0,29.0,364.0,2.0,672.0,,no,-122.13732458893496,37.66477503128026
732011.0,30.0,375.0,2.0,939.0,,no,-121.92416584920616,37.727183602453735
732012.0,31.0,381.0,2.0,235.0,,no,-122.20647540547253,37.773881307921194
732013.0,32.0,394.0,2.0,85.0,,no,-122.25932301610496,37.810936569505984
732014.0,33.0,404.0,2.0,901.0,,no,-121.92520395872926,37.53158734520035
732015.0,34.0,421.0,2.0,140.0,,no,-122.25245819234266,37.800539091107304
732018.0,35.0,434.0,2.0,528.0,,no,-122.079332906596,37.721067268138945
732019.0,36.0,443.0,2.0,242.0,,no,-122.18999621187632,37.78099514256731
732020.0,37.0,452.0,2.0,943.0,,no,-121.92179299196927,37.70751997920433
732021.0,38.0,464.0,2.0,781.0,,no,-122.07317757360565,37.59331979312279
732023.0,39.0,478.0,2.0,615.0,,no,-122.14803502147087,37.69126605180573
732025.0,40.0,493.0,2.0,404.0,,no,-122.27902754390959,37.867761791296
732028.0,41.0,506.0,2.0,894.0,,no,-121.92649381616332,37.51192664877847
732029.0,42.0,513.0,2.0,654.0,,no,-122.10376908872766,37.68324760840648
732031.0,43.0,530.0,2.0,624.0,,no,-122.12250719213641,37.699154158098686
732036.0,44.0,542.0,2.0,370.0,,no,-122.2706852894289,37.87968759547609
732040.0,45.0,559.0,2.0,179.0,,no,-122.22592236498905,37.77955591868435
732041.0,46.0,572.0,2.0,732.0,,no,-122.06723654114994,37.646470633018644
732043.0,47.0,582.0,2.0,827.0,,no,-122.02691767572496,37.5619592280192
732046.0,48.0,594.0,2.0,433.0,,no,-122.26776359719459,37.85283922281674
739355.0,49.0,603.0,2.0,470.0,,no,-122.26517990216023,37.78013321133071
739590.0,50.0,615.0,2.0,793.0,,no,-121.98348491875514,37.60300273459613
739591.0,51.0,630.0,2.0,155.0,,no,-122.22622240243741,37.799119649856316
739594.0,52.0,639.0,2.0,60.0,,no,-122.28556470875239,37.80298518067716
739595.0,53.0,659.0,2.0,949.0,,no,-121.944396243404,37.719188812782356
740579.0,54.0,666.0,2.0,980.0,,no,-121.86886621613954,37.6536247359211
740581.0,55.0,682.0,2.0,154.0,,no,-122.24078351581407,37.79962221603352
740582.0,56.0,691.0,2.0,200.0,,no,-122.20220899784921,37.803837483360276
740584.0,57.0,708.0,2.0,43.0,,no,-122.27287036641907,37.814048604920075
740587.0,58.0,714.0,2.0,984.0,,no,-121.90317157375449,37.698338718721125
740590.0,59.0,726.0,2.0,634.0,,no,-122.04978222986921,37.64834683856791
740591.0,60.0,737.0,2.0,939.0,,no,-121.92179548090631,37.72761966753912
740592.0,61.0,747.0,2.0,349.0,,no,-122.2634600700527,37.89719727594741
740593.0,62.0,765.0,2.0,843.0,,no,-121.98632872970028,37.55636917672836
740594.0,63.0,777.0,2.0,394.0,,no,-122.24632327351762,37.866253358967306
740595.0,64.0,781.0,2.0,513.0,,no,-122.25913164497096,37.76249724254421
740596.0,65.0,792.0,2.0,4.0,,no,-122.2491825544504,37.84432593115544
740598.0,66.0,804.0,2.0,589.0,,no,-122.13617045003389,37.70607695237033
740599.0,67.0,812.0,2.0,579.0,,no,-122.1473302118968,37.73081910883015
744590.0,68.0,825.0,2.0,363.0,,no,-122.26279698238378,37.88986992395903
744592.0,69.0,837.0,2.0,255.0,,no,-122.18340038267787,37.77686619299994
744593.0,70.0,845.0,2.0,326.0,,no,-122.15162906872371,37.74040476561992
744594.0,71.0,855.0,2.0,234.0,,no,-122.20386929713827,37.77749936582043
744596.0,72.0,868.0,2.0,663.0,,no,-122.12993921411332,37.67620264291895
744597.0,73.0,874.0,2.0,283.0,,no,-122.19381915014004,37.74956873340353
744600.0,74.0,890.0,2.0,328.0,,no,-122.16622918552676,37.745869537327394
744603.0,75.0,898.0,2.0,292.0,,no,-122.1817917416477,37.729829688566824
744604.0,76.0,909.0,2.0,3.0,,no,-122.25506994708137,37.844818287165204
744608.0,77.0,920.0,2.0,676.0,,no,-122.10850776306904,37.668797272571226
744609.0,78.0,929.0,2.0,46.0,,no,-122.2793325600675,37.82023156681036
744610.0,79.0,943.0,2.0,230.0,,no,-122.201219280859,37.76639934800916
744611.0,80.0,952.0,2.0,861.0,,no,-121.94043876512039,37.54464879864527
744612.0,81.0,965.0,2.0,892.0,,no,-121.95875650938659,37.516017530853574
744613.0,82.0,979.0,2.0,975.0,,no,-121.87588824216807,37.63781408103534
744614.0,83.0,999.0,2.0,51.0,,no,-122.306694911753,37.81263649315216
744615.0,84.0,1012.0,2.0,651.0,,no,-122.09019726864298,37.67697368793003
744616.0,85.0,1027.0,2.0,822.0,,no,-122.04820609208811,37.5639780839945
744617.0,86.0,1039.0,2.0,664.0,,no,-122.1316817774576,37.6798297845405
749261.0,87.0,1049.0,2.0,167.0,,no,-122.25712027079307,37.787027185388446
749264.0,88.0,1062.0,2.0,774.0,,no,-122.03926709978008,37.59107919746853
749265.0,89.0,1069.0,2.0,942.0,,no,-121.9262578374553,37.716402194936514
749267.0,90.0,1083.0,2.0,500.0,,no,-122.24303540051295,37.7587255858478
749269.0,91.0,1095.0,2.0,604.0,,no,-122.15684482720567,37.69932796492869
749273.0,92.0,1105.0,2.0,1031.0,,no,-121.75709499088128,37.67424995184008
749274.0,93.0,1118.0,2.0,376.0,,no,-122.29282177112526,37.880840822418946
751485.0,94.0,1132.0,2.0,599.0,,no,-122.15678148878037,37.713565468043704
751815.0,95.0,1147.0,2.0,342.0,,no,-122.3263604896256,37.890301816724396
752087.0,96.0,1162.0,2.0,879.0,,no,-122.00221225513666,37.53851438702062
752088.0,97.0,1171.0,2.0,462.0,,no,-122.23038368382079,37.762710831178836
752092.0,98.0,1184.0,2.0,726.0,,no,-122.06751756026378,37.63736967164398
752093.0,99.0,1193.0,2.0,479.0,,no,-122.287898112649,37.771160989529314
752094.0,100.0,1207.0,2.0,588.0,,no,-122.12811476545845,37.710792890129504
757288.0,101.0,1216.0,2.0,556.0,,no,-122.1433737940911,37.73955863045843
759450.0,102.0,1228.0,2.0,305.0,,no,-122.16891820258094,37.74965107476625
761295.0,103.0,1241.0,2.0,814.0,,no,-122.04999002273219,37.579079380260694
763665.0,104.0,1257.0,2.0,1034.0,,no,-121.77363082202933,37.669956419532234
763670.0,105.0,1265.0,2.0,286.0,,no,-122.20264754997041,37.73340348519769
763671.0,106.0,1279.0,2.0,319.0,,no,-122.1185613908884,37.74465630929303
764511.0,107.0,1293.0,2.0,140.0,,no,-122.25325769476761,37.80133585537667
765508.0,108.0,1305.0,2.0,651.0,,no,-122.09034146306716,37.67730758354514
765727.0,109.0,1322.0,2.0,241.0,,no,-122.1841896657152,37.78307592351803
766093.0,110.0,1333.0,2.0,549.0,,no,-122.06769798163947,37.69285525160344
766094.0,111.0,1347.0,2.0,990.0,,no,-121.86066402701029,37.67357805579091
766769.0,112.0,1361.0,2.0,693.0,,no,-122.07678458140221,37.65303765474187
766771.0,113.0,1369.0,2.0,494.0,,no,-122.23087404840128,37.759258784547434
766772.0,114.0,1378.0,2.0,577.0,,no,-122.14912086866954,37.72043861105917
766773.0,115.0,1393.0,2.0,251.0,,no,-122.13821309354812,37.77390072691727
766775.0,116.0,1404.0,2.0,620.0,,no,-122.1170201761534,37.686957235588096
766776.0,117.0,1417.0,2.0,60.0,,no,-122.28399147508094,37.80193540459474
766779.0,118.0,1434.0,2.0,205.0,,no,-122.19698975307627,37.79596236553681
766781.0,119.0,1451.0,2.0,829.0,,no,-122.02453221418044,37.563864943179965
766782.0,120.0,1462.0,2.0,103.0,,no,-122.23353201368268,37.83388492500425
766784.0,121.0,1472.0,2.0,495.0,,no,-122.23803675261492,37.75994369492682
766785.0,122.0,1484.0,2.0,830.0,,no,-122.01530006493022,37.5589294154357
766787.0,123.0,1491.0,2.0,469.0,,no,-122.26396237196704,37.7777992163924
766788.0,124.0,1504.0,2.0,909.0,,no,-121.92510843558152,37.486374538501536
766790.0,125.0,1511.0,2.0,544.0,,no,-122.06322904429156,37.70118671071612
766794.0,126.0,1523.0,2.0,619.0,,no,-122.1063952860564,37.68787044980615
766796.0,127.0,1536.0,2.0,857.0,,no,-121.9364425767769,37.54933472016698
778012.0,128.0,1551.0,2.0,132.0,,no,-122.24132852314412,37.81022960586207
778887.0,129.0,1561.0,2.0,928.0,,no,-122.01944384365703,37.536428309306935
778889.0,130.0,1576.0,2.0,502.0,,no,-122.23921013578526,37.733621881407515
783520.0,131.0,1595.0,2.0,916.0,,no,-122.04502847590715,37.55421671373448
792429.0,132.0,1611.0,2.0,842.0,,no,-121.96828914645815,37.54355965158268
792434.0,133.0,1619.0,2.0,256.0,,no,-122.17267545172739,37.77891436855174
792443.0,134.0,1630.0,2.0,101.0,,no,-122.2328292032021,37.83947049652403
792446.0,135.0,1639.0,2.0,244.0,,no,-122.18340329203988,37.791320432064715
795228.0,136.0,1654.0,2.0,64.0,,no,-122.27434445004394,37.80688116618804
801017.0,137.0,1661.0,2.0,270.0,,no,-122.18686226285712,37.76472755067135
801035.0,138.0,1672.0,2.0,300.0,,no,-122.18507950456295,37.75025018323553
801039.0,139.0,1687.0,2.0,720.0,,no,-122.09244976299664,37.645662900472495
801068.0,140.0,1696.0,2.0,217.0,,no,-122.21190654412064,37.779645001854966
818114.0,141.0,1702.0,2.0,186.0,,no,-122.22135129794941,37.79134767598674
818774.0,142.0,1713.0,2.0,119.0,,no,-122.20858298832148,37.81705765406399
820662.0,143.0,1735.0,2.0,568.0,,no,-122.15877144082306,37.71638645958801
820666.0,144.0,1751.0,2.0,202.0,,no,-122.1885495157778,37.800085641103266
824338.0,145.0,1761.0,2.0,583.0,,no,-122.13116640117616,37.72447276540903
831336.0,146.0,1777.0,2.0,801.0,,no,-122.01226847722612,37.563828510799674
831337.0,147.0,1793.0,2.0,162.0,,no,-122.23680659614547,37.78637412623829
831339.0,148.0,1801.0,2.0,52.0,,no,-122.2985627356867,37.811344348192115
831340.0,149.0,1812.0,2.0,888.0,,no,-121.97440346199612,37.517285642441905
832632.0,150.0,1824.0,2.0,99.0,,no,-122.25083790823774,37.8271925993594
844820.0,151.0,1838.0,2.0,473.0,,no,-122.276234189853,37.787497532923474
845200.0,152.0,1847.0,2.0,411.0,,no,-122.28507615656093,37.86025904225903
845208.0,153.0,1861.0,2.0,137.0,,no,-122.24174106591892,37.806265372436165
850935.0,154.0,1874.0,2.0,301.0,,no,-122.18230236713046,37.751614020147706
855813.0,155.0,1892.0,2.0,305.0,,no,-122.16947635467444,37.75114175241714
856406.0,156.0,1901.0,2.0,361.0,,no,-122.25854624062339,37.897063053406114
874303.0,157.0,1920.0,2.0,1034.0,,no,-121.77436735005509,37.67080917240382
889436.0,158.0,1931.0,2.0,908.0,,no,-121.91130871149315,37.46418956197363
896399.0,159.0,1947.0,2.0,453.0,,no,-122.23223079102974,37.81718791624868
905836.0,160.0,1961.0,2.0,776.0,,no,-122.02660253490431,37.5805703326052
905861.0,161.0,1973.0,2.0,434.0,,no,-122.25493164935534,37.85558471823727
905878.0,162.0,1986.0,2.0,330.0,,no,-122.16135040655162,37.743929847873225
920052.0,163.0,2000.0,2.0,669.0,,no,-122.14178430349524,37.675761036236395
920054.0,164.0,2015.0,2.0,533.0,,no,-122.10641800305372,37.70755614279544
920062.0,165.0,2023.0,2.0,540.0,,no,-122.08459543147072,37.708522072382614
920066.0,166.0,2031.0,2.0,779.0,,no,-122.02478053429813,37.58508110226703
920068.0,167.0,2042.0,2.0,446.0,,no,-122.29221987068406,37.83278958949502
920069.0,168.0,2062.0,2.0,883.0,,no,-122.00205002521565,37.53745129919004
920070.0,169.0,2075.0,2.0,57.0,,no,-122.28130030379052,37.81228777774606
920071.0,170.0,2086.0,2.0,343.0,,no,-122.3215745138442,37.88741601012868
920072.0,171.0,2101.0,2.0,906.0,,no,-121.89132541260534,37.47692759581068
920076.0,172.0,2111.0,2.0,824.0,,no,-122.05548584065296,37.565515114799865
920079.0,173.0,2119.0,2.0,1033.0,,no,-121.77279340369684,37.672661122413636
920080.0,174.0,2133.0,2.0,808.0,,no,-122.03804285677406,37.58531673557953
920083.0,175.0,2148.0,2.0,189.0,,no,-122.21880560424482,37.78293467714518
920088.0,176.0,2160.0,2.0,589.0,,no,-122.13320035450901,37.70419747843283
920094.0,177.0,2171.0,2.0,878.0,,no,-121.99825092942157,37.546020389300416
925070.0,178.0,2180.0,2.0,691.0,,no,-122.08043370151604,37.657888929898064
925073.0,179.0,2193.0,2.0,445.0,,no,-122.29694047127818,37.839706534361746
925076.0,180.0,2208.0,2.0,191.0,,no,-122.20570180656534,37.79196508368135
925080.0,181.0,2217.0,2.0,435.0,,no,-122.26077225223494,37.8543286622673
925089.0,182.0,2235.0,2.0,575.0,,no,-122.14882396422878,37.72878684480237
925092.0,183.0,2240.0,2.0,958.0,,no,-121.90548063078394,37.69117738832604
925098.0,184.0,2251.0,2.0,874.0,,no,-121.97794091984761,37.53521879619159
925099.0,185.0,2260.0,2.0,686.0,,no,-122.0722946038291,37.666143533306496
925100.0,186.0,2272.0,2.0,599.0,,no,-122.1447087481028,37.70130783194539
930515.0,187.0,2284.0,2.0,888.0,,no,-121.9767289720147,37.51493422730484
930516.0,188.0,2298.0,2.0,1013.0,,no,-121.76417318460571,37.68615817828245
930518.0,189.0,2314.0,2.0,185.0,,no,-122.21867717313877,37.79660329202265
930522.0,190.0,2323.0,2.0,658.0,,no,-122.11298828792367,37.67973910002175
930523.0,191.0,2339.0,2.0,652.0,,no,-122.10238599834454,37.670903714491104
930535.0,192.0,2350.0,2.0,340.0,,no,-122.30117389726759,37.890185491960196
930542.0,193.0,2362.0,2.0,803.0,,no,-122.0361398762682,37.57720775164198
936453.0,194.0,2372.0,2.0,241.0,,no,-122.18304530012638,37.78297978509557
936460.0,195.0,2382.0,2.0,829.0,,no,-122.0170623632531,37.56145720966992
936480.0,196.0,2392.0,2.0,659.0,,no,-122.12731768788194,37.68422809667201
942580.0,197.0,2403.0,2.0,814.0,,no,-122.05205704951828,37.573503969488165
945281.0,198.0,2408.0,2.0,284.0,,no,-122.18911236162624,37.756617067752686
946483.0,199.0,2422.0,2.0,568.0,,no,-122.16888890540501,37.712564118850395
946497.0,200.0,2431.0,2.0,30.0,,no,-122.27794035831187,37.829397322337925
946499.0,201.0,2448.0,2.0,573.0,,no,-122.16589938754602,37.723089076817075
946501.0,202.0,2455.0,2.0,853.0,,no,-121.97642850575525,37.540728685288755
946503.0,203.0,2468.0,2.0,593.0,,no,-122.1462941591998,37.71285549725274
946507.0,204.0,2478.0,2.0,780.0,,no,-122.0901747670036,37.604247092721
952290.0,205.0,2485.0,2.0,10.0,,no,-122.25945785948343,37.84884680587942
952295.0,206.0,2496.0,2.0,136.0,,no,-122.24671791803095,37.803877883911234
952304.0,207.0,2514.0,2.0,693.0,,no,-122.07516212870557,37.65539943359209
952305.0,208.0,2526.0,2.0,58.0,,no,-122.28258342123604,37.81047989616007
952307.0,209.0,2542.0,2.0,630.0,,no,-122.09984645575312,37.689919539504466
952309.0,210.0,2556.0,2.0,262.0,,no,-122.16815604170503,37.76565339017944
952310.0,211.0,2567.0,2.0,903.0,,no,-121.93601748587741,37.52166609978487
952316.0,212.0,2580.0,2.0,849.0,,no,-121.97190664180276,37.570454015179706
952320.0,213.0,2588.0,2.0,217.0,,no,-122.21232332210892,37.77856925751058
952323.0,214.0,2604.0,2.0,911.0,,no,-121.91639136721925,37.48428989004602
952327.0,215.0,2618.0,2.0,310.0,,no,-122.16777963402564,37.75619616328117
952350.0,216.0,2629.0,2.0,1014.0,,no,-121.78182023868548,37.693778620918025
952360.0,217.0,2641.0,2.0,329.0,,no,-122.16659379073334,37.74465375816032
952362.0,218.0,2655.0,2.0,994.0,,no,-121.8563509966219,37.73680570453819
952368.0,219.0,2671.0,2.0,604.0,,no,-122.15548390906358,37.69504198171822
952370.0,220.0,2683.0,2.0,826.0,,no,-122.03209972863438,37.56708474699273
952371.0,221.0,2692.0,2.0,832.0,,no,-122.0260168322987,37.55457152371801
952372.0,222.0,2701.0,2.0,1013.0,,no,-121.77220474648479,37.69014222455397
952378.0,223.0,2712.0,2.0,799.0,,no,-122.02777778646947,37.573503636786306
952390.0,224.0,2723.0,2.0,742.0,,no,-122.03149219842331,37.61032756005311
952397.0,225.0,2737.0,2.0,154.0,,no,-122.23892881711014,37.80262481942276
952405.0,226.0,2738.0,1.0,143.0,,no,-122.24848747710769,37.79822627736569
952405.0,227.0,2754.0,2.0,143.0,,no,-122.24848747710769,37.79822627736569
952406.0,228.0,2765.0,2.0,474.0,,no,-122.2792488020223,37.77906092271237
952411.0,229.0,2775.0,2.0,352.0,,no,-122.27676245330939,37.89341726514584
952413.0,230.0,2786.0,2.0,498.0,,no,-122.2414448008517,37.75328732575189
952421.0,231.0,2796.0,2.0,136.0,,no,-122.24777363035817,37.80393955650278
952423.0,232.0,2807.0,2.0,722.0,,no,-122.08223929776881,37.6404385089894
959813.0,233.0,2820.0,2.0,153.0,,no,-122.23752244357733,37.79964494222698
959819.0,234.0,2831.0,2.0,778.0,,no,-122.02868095155215,37.59774308998645
959833.0,235.0,2839.0,2.0,373.0,,no,-122.28541231797216,37.880873886161254
959834.0,236.0,2847.0,2.0,329.0,,no,-122.16900456341904,37.744561994316705
963921.0,237.0,2858.0,2.0,682.0,,no,-122.05897272889223,37.676568390711935
963922.0,238.0,2871.0,2.0,172.0,,no,-122.2325467005265,37.77480123868937
963929.0,239.0,2881.0,2.0,365.0,,no,-122.2512098977878,37.88394790040046
971449.0,240.0,2890.0,2.0,678.0,,no,-122.09365786617822,37.67321059548086
971450.0,241.0,2900.0,2.0,978.0,,no,-121.86786959054928,37.664698088736266
971458.0,242.0,2909.0,2.0,635.0,,no,-121.91855431713138,37.6028938673118
971463.0,243.0,2917.0,2.0,30.0,,no,-122.27544091550331,37.8296898408988
974148.0,244.0,2928.0,2.0,610.0,,no,-122.16105923715224,37.68001994539429
974161.0,245.0,2946.0,2.0,924.0,,no,-122.02937685104868,37.54029889221614
974171.0,246.0,2962.0,2.0,586.0,,no,-122.13832526870416,37.71405494534172
974174.0,247.0,2976.0,2.0,770.0,,no,-122.0794691719493,37.57621045662005
974181.0,248.0,2986.0,2.0,871.0,,no,-121.97605582366941,37.53627116637778
974184.0,249.0,3000.0,2.0,981.0,,no,-121.8548434395797,37.663532243570735
974190.0,250.0,3015.0,2.0,334.0,,no,-122.29575207510133,37.89880416960335
1006703.0,251.0,3025.0,2.0,879.0,,no,-121.99731394932358,37.544570539278716
1006704.0,252.0,3032.0,2.0,354.0,,no,-122.27794159071028,37.90303661266438
1006708.0,253.0,3048.0,2.0,581.0,,no,-122.14319820572439,37.723754411614514
1006711.0,254.0,3057.0,2.0,968.0,,no,-121.8921500608363,37.676650152928694
1006712.0,255.0,3069.0,2.0,547.0,,no,-122.07945073282623,37.695846917934084
1006713.0,256.0,3085.0,2.0,354.0,,no,-122.27472949574667,37.89906121294052
1006717.0,257.0,3102.0,2.0,196.0,,no,-122.2150167677815,37.79222387352003
1006718.0,258.0,3114.0,2.0,169.0,,no,-122.25798281054603,37.79520924615192
1006719.0,259.0,3121.0,2.0,477.0,,no,-122.27931355432848,37.77511227770733
1006720.0,260.0,3130.0,2.0,933.0,,no,-121.99357880883218,37.52488406346601
1006721.0,261.0,3144.0,2.0,564.0,,no,-122.16143625362469,37.73214090249992
1006726.0,262.0,3152.0,2.0,688.0,,no,-122.0320031952043,37.66012523786712
1006727.0,263.0,3161.0,2.0,606.0,,no,-122.17644759633929,37.69399792262705
1006728.0,264.0,3168.0,2.0,215.0,,no,-122.21395725933036,37.784066190310774
1006733.0,265.0,3181.0,2.0,443.0,,no,-122.30327572858357,37.83876697764541
1006739.0,266.0,3192.0,2.0,60.0,,no,-122.28482189005946,37.802238440311136
1006742.0,267.0,3205.0,2.0,521.0,,no,-121.9998669910183,37.721480555634216
1006743.0,268.0,3213.0,2.0,12.0,,no,-122.26765849658756,37.847013707862125
1006747.0,269.0,3224.0,2.0,231.0,,no,-122.20029690570611,37.77198551820006
1006748.0,270.0,3234.0,2.0,584.0,,no,-122.11432337032788,37.71729855330703
1006750.0,271.0,3242.0,2.0,390.0,,no,-122.25927813632038,37.87800777951981
1006751.0,272.0,3254.0,2.0,566.0,,no,-122.18158536221732,37.704067354357846
1011924.0,273.0,3262.0,2.0,759.0,,no,-122.02612954086732,37.60027882753438
1011925.0,274.0,3276.0,2.0,687.0,,no,-122.03372094693106,37.66676918505811
1011927.0,275.0,3286.0,2.0,778.0,,no,-122.03034022882943,37.59530709767376
1011928.0,276.0,3297.0,2.0,455.0,,no,-122.23622709298965,37.82155417323826
1011931.0,277.0,3308.0,2.0,331.0,,no,-122.15989852599535,37.73969756133882
1011937.0,278.0,3318.0,2.0,437.0,,no,-122.27813964323136,37.85133639636547
1011938.0,279.0,3337.0,2.0,56.0,,no,-122.29447826166763,37.80474115769799
1011939.0,280.0,3349.0,2.0,680.0,,no,-122.0866183701319,37.660660333516496
1011943.0,281.0,3361.0,2.0,758.0,,no,-122.02506886913471,37.59885152265936
1016693.0,282.0,3377.0,2.0,379.0,,no,-122.29975238352053,37.875786125425684
1016695.0,283.0,3392.0,2.0,279.0,,no,-122.19268399049213,37.75644167640206
1016696.0,284.0,3393.0,1.0,371.0,,no,-122.27859994796694,37.88170940948313
1016696.0,285.0,3408.0,2.0,371.0,,no,-122.27859994796694,37.88170940948313
1016698.0,286.0,3423.0,2.0,683.0,,no,-122.06436812187651,37.67239877184669
1016701.0,287.0,3440.0,2.0,281.0,,no,-122.1952033807779,37.7616459620726
1016702.0,288.0,3450.0,2.0,399.0,,no,-122.26449443846508,37.867918956560196
1016703.0,289.0,3462.0,2.0,809.0,,no,-122.02611240964389,37.57805054685739
1016706.0,290.0,3470.0,2.0,964.0,,no,-121.88045811400949,37.679411366205606
1016708.0,291.0,3485.0,2.0,703.0,,no,-122.1146587287716,37.66545623871575
1021358.0,292.0,3496.0,2.0,990.0,,no,-121.87128635952635,37.66776891536032
1021359.0,293.0,3511.0,2.0,680.0,,no,-122.08507287323495,37.66161585935803
1021361.0,294.0,3521.0,2.0,171.0,,no,-122.22041061744964,37.77012881515126
1035303.0,295.0,3541.0,2.0,557.0,,no,-122.1510086002378,37.73491323446175
1035360.0,296.0,3553.0,2.0,369.0,,no,-122.27088047208443,37.881219044339204
1035391.0,297.0,3562.0,2.0,701.0,,no,-122.10674341538176,37.65948225063486
1035397.0,298.0,3567.0,2.0,636.0,,no,-122.04078278299073,37.689839949487954
1035405.0,299.0,3577.0,2.0,284.0,,no,-122.19067558382402,37.755008261334225
1035408.0,300.0,3587.0,2.0,961.0,,no,-121.90648496065096,37.697953161263285
1058583.0,301.0,3601.0,2.0,864.0,,no,-121.96950812185123,37.53081993159838
1058599.0,302.0,3611.0,2.0,305.0,,no,-122.17014380037352,37.74920640986087
1072388.0,303.0,3625.0,2.0,298.0,,no,-122.18408998747667,37.742539732641404
1076697.0,304.0,3634.0,2.0,604.0,,no,-122.15641129959788,37.698181522469255
1076703.0,305.0,3647.0,2.0,420.0,,no,-122.26893174241854,37.85653216250949
1078992.0,306.0,3663.0,2.0,958.0,,no,-121.9052382152982,37.68846142689973
1078994.0,307.0,3679.0,2.0,907.0,,no,-121.918141554274,37.474317198050315
1079001.0,308.0,3692.0,2.0,171.0,,no,-122.22445410490249,37.765858593203845
1093358.0,309.0,3704.0,2.0,976.0,,no,-121.83441787176122,37.558291358985656
1093362.0,310.0,3717.0,2.0,1038.0,,no,-121.78436532550953,37.670248583813944
1093367.0,311.0,3729.0,2.0,123.0,,no,-122.2193086372045,37.807543656798764
1093371.0,312.0,3740.0,2.0,417.0,,no,-122.271389726262,37.85619711049554
1093372.0,313.0,3751.0,2.0,861.0,,no,-121.93416195727502,37.54274446394443
1093378.0,314.0,3760.0,2.0,724.0,,no,-122.07908105195789,37.635713784584645
1093394.0,315.0,3779.0,2.0,471.0,,no,-122.26674164073894,37.7771843673451
1093406.0,316.0,3792.0,2.0,105.0,,no,-122.23615844903568,37.84330093288197
1100865.0,317.0,3803.0,2.0,693.0,,no,-122.07189909516431,37.6529144688196
1100866.0,318.0,3817.0,2.0,728.0,,no,-122.07550173972005,37.636326084744844
1100867.0,319.0,3824.0,2.0,302.0,,no,-122.17788517496368,37.75128078863003
1102274.0,320.0,3832.0,2.0,118.0,,no,-122.18640812199045,37.81165665790868
1102275.0,321.0,3842.0,2.0,818.0,,no,-122.06037053979149,37.58270561036118
1102276.0,322.0,3853.0,2.0,150.0,,no,-122.24311382021473,37.799900542623476
1102277.0,323.0,3866.0,2.0,384.0,,no,-122.27593193292721,37.876836663768415
1102283.0,324.0,3874.0,2.0,69.0,,no,-122.27834970913226,37.7998854401394
1102285.0,325.0,3890.0,2.0,645.0,,no,-122.06241572655227,37.680918450260556
1102289.0,326.0,3897.0,2.0,954.0,,no,-121.92640503356691,37.689457608835134
1102292.0,327.0,3910.0,2.0,930.0,,no,-122.03114097345794,37.53129680981823
1102293.0,328.0,3922.0,2.0,551.0,,no,-122.0680708155283,37.68754064970819
1106707.0,329.0,3930.0,2.0,475.0,,no,-122.28066931986112,37.77665925957734
1106708.0,330.0,3937.0,2.0,873.0,,no,-121.97446728399544,37.53171251472694
1106714.0,331.0,3952.0,2.0,379.0,,no,-122.29849078095774,37.876800076729566
1106717.0,332.0,3962.0,2.0,695.0,,no,-122.08482507442677,37.6551641963408
1106722.0,333.0,3971.0,2.0,225.0,,no,-122.2192458689563,37.76041501206555
1106723.0,334.0,3983.0,2.0,789.0,,no,-122.01109754592667,37.5875870607824
1106728.0,335.0,3989.0,2.0,207.0,,no,-122.18629833186698,37.79505530761929
1106731.0,336.0,4006.0,2.0,700.0,,no,-122.10744336740134,37.663422905175146
1106732.0,337.0,4019.0,2.0,129.0,,no,-122.22726739673186,37.805749635074676
1117803.0,338.0,4036.0,2.0,556.0,,no,-122.14793436183018,37.73819887481036
1130921.0,339.0,4043.0,2.0,4.0,,no,-122.25111318978628,37.844635018328056
1137445.0,340.0,4057.0,2.0,594.0,,no,-122.14342410862245,37.71740546641586
1147886.0,341.0,4074.0,2.0,657.0,,no,-122.11633325360718,37.6843868698552
1147961.0,342.0,4084.0,2.0,639.0,,no,-122.05463070942956,37.63604817112434
1156299.0,343.0,4099.0,2.0,457.0,,no,-122.21629850216573,37.82052212739378
1161916.0,344.0,4110.0,2.0,512.0,,no,-122.2635724674158,37.759175666737406
1161918.0,345.0,4121.0,2.0,691.0,,no,-122.08342000643759,37.66034264300323
1161920.0,346.0,4131.0,2.0,1015.0,,no,-121.78580357471463,37.69074204889807
1161921.0,347.0,4140.0,2.0,514.0,,no,-122.2674933190723,37.76126741672492
1161922.0,348.0,4148.0,2.0,990.0,,no,-121.86709350159148,37.670161929932405
1161923.0,349.0,4160.0,2.0,73.0,,no,-122.26490291438719,37.803088591366276
1165021.0,350.0,4177.0,2.0,541.0,,no,-122.08043174571488,37.70434739702439
1165027.0,351.0,4190.0,2.0,468.0,,no,-122.24952346248068,37.78000092954477
1165035.0,352.0,4198.0,2.0,201.0,,no,-122.208002862582,37.80279741360692
1165036.0,353.0,4209.0,2.0,155.0,,no,-122.23233901608414,37.799947001004995
1165048.0,354.0,4226.0,2.0,604.0,,no,-122.15594031937056,37.693395336579506
1165049.0,355.0,4241.0,2.0,261.0,,no,-122.1741610301182,37.76422479276766
1172547.0,356.0,4242.0,1.0,860.0,,no,-121.94961844637749,37.53487247498248
1175907.0,357.0,4272.0,2.0,945.0,,no,-121.93203811111,37.715845011022445
1212220.0,358.0,4284.0,2.0,393.0,,no,-122.25142432159055,37.87508403110248
1212252.0,359.0,4300.0,2.0,578.0,,no,-122.15655680102486,37.71693278485061
1212286.0,360.0,4318.0,2.0,211.0,,no,-122.205537322132,37.78605659332097
1212293.0,361.0,4329.0,2.0,318.0,,no,-122.11962154250234,37.749854492792444
1212304.0,362.0,4340.0,2.0,184.0,,no,-122.22997808025832,37.78996083830227
1212319.0,363.0,4344.0,2.0,573.0,,no,-122.16708614280336,37.72471391664279
1212365.0,364.0,4356.0,2.0,776.0,,no,-122.0351012555107,37.589785181409695
1212392.0,365.0,4361.0,2.0,931.0,,no,-122.01281026253119,37.52683694824388
1212393.0,366.0,4371.0,2.0,372.0,,no,-122.27842802942959,37.87747537031669
1212416.0,367.0,4381.0,2.0,76.0,,no,-122.26311972551517,37.815199408248475
1212436.0,368.0,4393.0,2.0,150.0,,no,-122.24472424191991,37.79734495963073
6435235.0,369.0,4412.0,2.0,163.0,,no,-122.23443997980617,37.791466101107545
6436653.0,370.0,4425.0,2.0,554.0,,no,-122.08671734450893,37.68516191096397
6437377.0,371.0,4433.0,2.0,685.0,,no,-122.07723623840604,37.66804571697895
6438093.0,372.0,4444.0,2.0,864.0,,no,-121.96706207234281,37.526468331205585
6438098.0,373.0,4454.0,2.0,993.0,,no,-121.83326399494338,37.71773488344941
6440745.0,374.0,4466.0,2.0,1001.0,,no,-121.78821000828344,37.64779898729263
6440922.0,375.0,4484.0,2.0,506.0,,no,-122.25310233465738,37.74056069626099
6447115.0,376.0,4498.0,2.0,66.0,,no,-122.26815316392265,37.806665424657304
6447293.0,377.0,4509.0,2.0,472.0,,no,-122.27414189149124,37.77676431181883
6447294.0,378.0,4518.0,2.0,581.0,,no,-122.1438042922701,37.72707717718159
6447854.0,379.0,4527.0,2.0,388.0,,no,-122.2730397556689,37.87186269341862
6448213.0,380.0,4540.0,2.0,1013.0,,no,-121.75901082431915,37.6896073160732
6449100.0,381.0,4554.0,2.0,564.0,,no,-122.16162267878727,37.7301604162777
6449101.0,382.0,4560.0,2.0,106.0,,no,-122.23490012247132,37.84269850295215
6449104.0,383.0,4573.0,2.0,252.0,,no,-122.15391538673427,37.77922934545066
6449105.0,384.0,4589.0,2.0,645.0,,no,-122.06207873683891,37.67932212112747
6449106.0,385.0,4602.0,2.0,806.0,,no,-122.04036363697386,37.570361960732946
6449108.0,386.0,4615.0,2.0,1018.0,,no,-121.7712941575342,37.68467023436944
6449109.0,387.0,4631.0,2.0,945.0,,no,-121.92934414540453,37.71353604334963
6450957.0,388.0,4646.0,2.0,756.0,,no,-121.99219349135232,37.622046380153606
6450959.0,389.0,4654.0,2.0,639.0,,no,-122.05179400450393,37.632118036850024
6450960.0,390.0,4673.0,2.0,538.0,,no,-122.09381005218773,37.700909843128834
6450961.0,391.0,4688.0,2.0,478.0,,no,-122.2837004252349,37.77073291175109
6451314.0,392.0,4699.0,2.0,551.0,,no,-122.06144631748762,37.692666568610136
6451906.0,393.0,4710.0,2.0,232.0,,no,-122.19631469017698,37.78088837447072
6452175.0,394.0,4722.0,2.0,38.0,,no,-122.26610577032146,37.8197878709359
6452176.0,395.0,4732.0,2.0,734.0,,no,-122.06579989897442,37.648758826689736
6452177.0,396.0,4747.0,2.0,884.0,,no,-122.00329056884425,37.53212964421897
6452335.0,397.0,4763.0,2.0,641.0,,no,-122.05706916670596,37.684957538860566
6452336.0,398.0,4775.0,2.0,616.0,,no,-122.13830090621757,37.68656617437668
6453043.0,399.0,4783.0,2.0,531.0,,no,-122.0945708996553,37.71176000973065
6453174.0,400.0,4792.0,2.0,49.0,,no,-122.28884094772016,37.821399925953585
6453612.0,401.0,4806.0,2.0,765.0,,no,-122.07746555845787,37.58902565373351
6456102.0,402.0,4825.0,2.0,892.0,,no,-121.96446038066011,37.51661521177402
6456103.0,403.0,4836.0,2.0,1040.0,,no,-121.80464208582892,37.665577962368616
6456317.0,404.0,4850.0,2.0,651.0,,no,-122.09354797356082,37.675129239036316
6457249.0,405.0,4862.0,2.0,551.0,,no,-122.06624979300341,37.689997359842465
6457251.0,406.0,4871.0,2.0,551.0,,no,-122.06755951766347,37.68970201744664
6457380.0,407.0,4888.0,2.0,554.0,,no,-122.0840112753224,37.6798181634426
6457744.0,408.0,4896.0,2.0,102.0,,no,-122.22380902825614,37.83544270844854
6458375.0,409.0,4907.0,2.0,548.0,,no,-122.08765211448001,37.70098010959154
6458376.0,410.0,4918.0,2.0,712.0,,no,-122.1020691827367,37.63264313116307
6458378.0,411.0,4931.0,2.0,249.0,,no,-122.16347326931977,37.78773027443055
6458888.0,412.0,4942.0,2.0,343.0,,no,-122.30618596707714,37.88552826202779
6459280.0,413.0,4943.0,1.0,154.0,,no,-122.23782179125025,37.800890372820625
6459281.0,414.0,4960.0,2.0,573.0,,no,-122.16630779576559,37.72213989216927
6459282.0,415.0,4978.0,2.0,406.0,,no,-122.28253118502761,37.86707949251022
6459283.0,416.0,4990.0,2.0,975.0,,no,-121.88174052447626,37.64153413992803
6459285.0,417.0,5005.0,2.0,171.0,,no,-122.22232423725315,37.77051333045331
6459290.0,418.0,5015.0,2.0,615.0,,no,-122.1483074601082,37.68741076803534
6459291.0,419.0,5027.0,2.0,836.0,,no,-122.01043843544382,37.55485875682698
6459292.0,420.0,5037.0,2.0,436.0,,no,-122.2730464997983,37.854003317712106
6459293.0,421.0,5052.0,2.0,665.0,,no,-122.13656631602508,37.68190397849841
6462159.0,422.0,5062.0,2.0,1017.0,,no,-121.7819811419002,37.681772056350496
6463878.0,423.0,5070.0,2.0,981.0,,no,-121.85373012892833,37.66390390378576
6466783.0,424.0,5079.0,2.0,58.0,,no,-122.28325278116417,37.809747516478666
6469789.0,425.0,5093.0,2.0,163.0,,no,-122.23752790330653,37.7895992883185
6469793.0,426.0,5107.0,2.0,901.0,,no,-121.91949961359909,37.52704533523553
6469794.0,427.0,5122.0,2.0,99.0,,no,-122.24968892785779,37.82800489713114
6472416.0,428.0,5137.0,2.0,921.0,,no,-122.05467683045191,37.53992829844284
6476799.0,429.0,5147.0,2.0,390.0,,no,-122.25771993131512,37.87862236299374
6476803.0,430.0,5163.0,2.0,942.0,,no,-121.9268158230516,37.72552449115179
6478190.0,431.0,5170.0,2.0,774.0,,no,-122.03590095318084,37.59084021286528
6480716.0,432.0,5180.0,2.0,787.0,,no,-122.06649229944976,37.59799140797443
6480717.0,433.0,5195.0,2.0,299.0,,no,-122.17491605556032,37.74717966572357
6485896.0,434.0,5207.0,2.0,903.0,,no,-121.92948688041334,37.52489847547296
6486346.0,435.0,5218.0,2.0,618.0,,no,-122.14088205008552,37.687792426100856
6486348.0,436.0,5229.0,2.0,360.0,,no,-122.27411910568064,37.888760272831135
6486692.0,437.0,5236.0,2.0,754.0,,no,-122.08709210220431,37.622500097945796
6491440.0,438.0,5243.0,2.0,7.0,,no,-122.25581406884628,37.83864364622252
6500250.0,439.0,5251.0,2.0,930.0,,no,-122.03365395496303,37.53278409248718
6502611.0,440.0,5262.0,2.0,280.0,,no,-122.19669564705562,37.75440943106597
6502612.0,441.0,5275.0,2.0,227.0,,no,-122.20775181068952,37.77013765820692
6502613.0,442.0,5288.0,2.0,944.0,,no,-121.93664660778023,37.720427605239465
6502614.0,443.0,5299.0,2.0,897.0,,no,-121.93147177178552,37.51392482546968
6503252.0,444.0,5313.0,2.0,169.0,,no,-122.25597696350634,37.79683018067857
6503254.0,445.0,5323.0,2.0,862.0,,no,-121.93917972032702,37.53823612264632
6503255.0,446.0,5333.0,2.0,184.0,,no,-122.22833628181661,37.789032329684815
6503256.0,447.0,5344.0,2.0,572.0,,no,-122.17507913798283,37.721721706861935
6503258.0,448.0,5354.0,2.0,475.0,,no,-122.28528267909276,37.77775366483873
6504064.0,449.0,5362.0,2.0,43.0,,no,-122.2709220320214,37.81945614143299
6504066.0,450.0,5374.0,2.0,757.0,,no,-122.01801758026726,37.59914399933545
6506548.0,451.0,5383.0,2.0,977.0,,no,-121.80569507812146,37.636089982521156
6506552.0,452.0,5394.0,2.0,585.0,,no,-122.14212386971226,37.72200719340944
6506554.0,453.0,5409.0,2.0,388.0,,no,-122.26905841567104,37.87297916391309
6506559.0,454.0,5422.0,2.0,632.0,,no,-122.11828427433628,37.69773481328439
6506560.0,455.0,5435.0,2.0,324.0,,no,-122.1617585850706,37.75101961059683
6507765.0,456.0,5441.0,2.0,553.0,,no,-122.07889926178811,37.68630590036032
6507767.0,457.0,5455.0,2.0,155.0,,no,-122.22823833520751,37.79989358929685
6507769.0,458.0,5461.0,2.0,525.0,,no,-122.07008385024079,37.70803673752444
6507773.0,459.0,5471.0,2.0,579.0,,no,-122.14848392592378,37.72940852787826
6507775.0,460.0,5478.0,2.0,222.0,,no,-122.21945315227856,37.78199566091665
6507779.0,461.0,5489.0,2.0,1015.0,,no,-121.78576989133897,37.689579627894695
6507780.0,462.0,5495.0,2.0,913.0,,no,-122.0301891091004,37.54777946841462
6507783.0,463.0,5506.0,2.0,814.0,,no,-122.05039790878091,37.57374511874873
6507785.0,464.0,5515.0,2.0,874.0,,no,-121.98304484937044,37.53281197726592
6507786.0,465.0,5526.0,2.0,644.0,,no,-122.06575229568114,37.68219648744571
6507789.0,466.0,5538.0,2.0,330.0,,no,-122.15839000276603,37.742892784364685
6507790.0,467.0,5553.0,2.0,74.0,,no,-122.26188261509378,37.80316128852844
6507793.0,468.0,5564.0,2.0,913.0,,no,-122.03991428904465,37.558821656510744
6508988.0,469.0,5578.0,2.0,391.0,,no,-122.25735018731687,37.87819914235997
6509553.0,470.0,5591.0,2.0,143.0,,no,-122.24731198822796,37.798762730272585
6509556.0,471.0,5596.0,2.0,74.0,,no,-122.26357638279816,37.80170105309011
6510717.0,472.0,5602.0,2.0,164.0,,no,-122.23592501524102,37.78774384729456
6510718.0,473.0,5611.0,2.0,929.0,,no,-122.02865137590535,37.531908867986324
6511158.0,474.0,5625.0,2.0,407.0,,no,-122.2860361549399,37.86516831077044
6511163.0,475.0,5628.0,2.0,404.0,,no,-122.27802705844472,37.86740251286457
6511168.0,476.0,5639.0,2.0,305.0,,no,-122.16822861809143,37.749351612253015
6516549.0,477.0,5660.0,2.0,148.0,,no,-122.24104329042606,37.794670887164116
6516551.0,478.0,5669.0,2.0,887.0,,no,-121.97049688867956,37.51131761544619
6516553.0,479.0,5683.0,2.0,294.0,,no,-122.16747586286448,37.73908113280661
6517293.0,480.0,5690.0,2.0,774.0,,no,-122.05191212166974,37.59340780157332
6517298.0,481.0,5715.0,2.0,832.0,,no,-122.02548432434375,37.5591940554259
6517299.0,482.0,5726.0,2.0,317.0,,no,-122.13304051279924,37.7599815881721
6517301.0,483.0,5737.0,2.0,710.0,,no,-122.0988924505902,37.628914788407954
6518423.0,484.0,5751.0,2.0,63.0,,no,-122.27903785118718,37.81075290494178
6518424.0,485.0,5762.0,2.0,578.0,,no,-122.15511062222807,37.71888189583349
6524368.0,486.0,5774.0,2.0,750.0,,no,-122.05738473647294,37.62874114457224
6526494.0,487.0,5785.0,2.0,100.0,,no,-122.25202896098628,37.82596888273059
6526821.0,488.0,5801.0,2.0,586.0,,no,-122.13953466252872,37.715078599382664
6526822.0,489.0,5808.0,2.0,628.0,,no,-122.11229536247174,37.69834544020903
6526828.0,490.0,5815.0,2.0,324.0,,no,-122.16175792826245,37.751843464116476
6526829.0,491.0,5829.0,2.0,511.0,,no,-122.25236517534128,37.76517962826903
6528959.0,492.0,5839.0,2.0,430.0,,no,-122.2486409001289,37.85295935191033
6528960.0,493.0,5840.0,1.0,483.0,,no,-122.27135184892515,37.771702443841434
6528960.0,494.0,5851.0,2.0,483.0,,no,-122.27135184892515,37.771702443841434
6528961.0,495.0,5868.0,2.0,719.0,,no,-122.09615817150524,37.63126652373411
6529209.0,496.0,5879.0,2.0,475.0,,no,-122.28507379545171,37.77830399291948
6529211.0,497.0,5896.0,2.0,186.0,,no,-122.21925810588068,37.79754580030476
6529826.0,498.0,5912.0,2.0,552.0,,no,-122.06508687328018,37.68630929048557
6529827.0,499.0,5931.0,2.0,173.0,,no,-122.23359566716046,37.77940550169564
6529828.0,500.0,5937.0,2.0,646.0,,no,-122.07885934605562,37.673585933067756
6532547.0,501.0,5950.0,2.0,567.0,,no,-122.19257305020278,37.71634217529333
6533294.0,502.0,5966.0,2.0,57.0,,no,-122.28334746023754,37.81222131280483
6536945.0,503.0,5983.0,2.0,233.0,,no,-122.20305762921582,37.7785108811485
6539592.0,504.0,5999.0,2.0,277.0,,no,-122.19119000969748,37.7689182137226
6539983.0,505.0,6009.0,2.0,581.0,,no,-122.14356465571758,37.726664291462804
6539984.0,506.0,6023.0,2.0,525.0,,no,-122.06719253368995,37.70866589636388
6539986.0,507.0,6036.0,2.0,509.0,,no,-122.25107394888242,37.760271302205005
6541910.0,508.0,6051.0,2.0,403.0,,no,-122.27656932157088,37.86443301942388
6546155.0,509.0,6066.0,2.0,10.0,,no,-122.25953037608674,37.847693003387654
7211338.0,510.0,6089.0,2.0,1012.0,,no,-121.76965542388122,37.69391724933873
7211383.0,511.0,6099.0,2.0,579.0,,no,-122.14537122009261,37.73048404871268
7211741.0,512.0,6109.0,2.0,391.0,,no,-122.25756376244594,37.87631640787444
7212016.0,513.0,6125.0,2.0,566.0,,no,-122.17105155133989,37.70242289083257
7212017.0,514.0,6136.0,2.0,990.0,,no,-121.86851387330233,37.676835195154524
7213587.0,515.0,6148.0,2.0,902.0,,no,-121.92313241774224,37.53733742828895
7213589.0,516.0,6163.0,2.0,686.0,,no,-122.07039272958535,37.665879493739624
7214324.0,517.0,6172.0,2.0,781.0,,no,-122.08071168764899,37.600847091258444
7214845.0,518.0,6186.0,2.0,887.0,,no,-121.96933699319294,37.516435206384166
7216139.0,519.0,6202.0,2.0,71.0,,no,-122.26853841876724,37.79888894244619
7216660.0,520.0,6215.0,2.0,747.0,,no,-122.06625987948989,37.63020354637972
7216661.0,521.0,6228.0,2.0,246.0,,no,-122.18605739277784,37.78923103354043
7217563.0,522.0,6245.0,2.0,705.0,,no,-122.10149770842277,37.64019202189531
7219043.0,523.0,6255.0,2.0,139.0,,no,-122.25040234294642,37.80423801451733
7219163.0,524.0,6264.0,2.0,857.0,,no,-121.92487046419426,37.54176617178999
7220320.0,525.0,6277.0,2.0,516.0,,no,-122.26733530387239,37.76524162942244
7222206.0,526.0,6297.0,2.0,1038.0,,no,-121.7816117812364,37.66929059194515
7226419.0,527.0,6304.0,2.0,673.0,,no,-122.12634838341486,37.66831193547488
7226420.0,528.0,6317.0,2.0,754.0,,no,-122.08944464878235,37.620973216066794
7226424.0,529.0,6321.0,2.0,682.0,,no,-122.05956421203533,37.67907024384847
7226673.0,530.0,6335.0,2.0,334.0,,no,-122.29133009708063,37.89601484919606
7226856.0,531.0,6350.0,2.0,18.0,,no,-122.27615021121376,37.83960772404884
7226884.0,532.0,6364.0,2.0,578.0,,no,-122.15918708703593,37.72000782252921
7228383.0,533.0,6381.0,2.0,693.0,,no,-122.07776020477722,37.65245472119531
7228384.0,534.0,6393.0,2.0,205.0,,no,-122.19937858481295,37.79781832303675
7229281.0,535.0,6405.0,2.0,993.0,,no,-121.83846331990266,37.71374098627571
7323705.0,536.0,6422.0,2.0,840.0,,no,-121.98908771347352,37.5629248668865
7323706.0,537.0,6439.0,2.0,876.0,,no,-121.9871962851275,37.54255944237136
7323965.0,538.0,6450.0,2.0,901.0,,no,-121.92462100275364,37.53096635909751
7325171.0,539.0,6463.0,2.0,173.0,,no,-122.2327467615133,37.78011720957782
7325393.0,540.0,6479.0,2.0,196.0,,no,-122.21435528847914,37.794198176199345
7325421.0,541.0,6490.0,2.0,681.0,,no,-122.09069696459302,37.66145758004806
7328070.0,542.0,6499.0,2.0,385.0,,no,-122.27756824205346,37.87329191750956
7328489.0,543.0,6508.0,2.0,943.0,,no,-121.90449679017028,37.7032483908745
7352932.0,544.0,6524.0,2.0,723.0,,no,-122.07941957735437,37.64397408157774
7353137.0,545.0,6540.0,2.0,334.0,,no,-122.29280191223083,37.89370582720904
7362215.0,546.0,6558.0,2.0,173.0,,no,-122.2362268920702,37.77866246616421
2248090.0,547.0,6571.0,2.0,9314.0,5626.0,9314.0,-121.79641712216684,38.069073468722785
2248259.0,548.0,6581.0,2.0,406.0,,no,-122.2887791977516,37.86546149642163
2248260.0,549.0,6590.0,2.0,159.0,,no,-122.2326429166594,37.793062448504344
2248261.0,550.0,6602.0,2.0,780.0,,no,-122.08685010331294,37.60347885614397
2248262.0,551.0,6612.0,2.0,949.0,,no,-121.95028066954306,37.714493258684875
2248263.0,552.0,6626.0,2.0,617.0,,no,-122.14826631159642,37.68233025020935
2248264.0,553.0,6637.0,2.0,367.0,,no,-122.2644804327659,37.87966818637143
2248265.0,554.0,6646.0,2.0,902.0,,no,-121.92908692223881,37.53535113754618
2248266.0,555.0,6657.0,2.0,208.0,,no,-122.19271047297951,37.79029148039289
2248267.0,556.0,6666.0,2.0,1003.0,,no,-121.74614129802117,37.71377429368414
2248268.0,557.0,6675.0,2.0,76.0,,no,-122.26214946547712,37.816380409139285
2248269.0,558.0,6693.0,2.0,639.0,,no,-122.05393152892852,37.63325509064802
2248270.0,559.0,6707.0,2.0,147.0,,no,-122.24417967451045,37.79446874475887
2248271.0,560.0,6717.0,2.0,549.0,,no,-122.06675509981102,37.69262276318439
2248272.0,561.0,6731.0,2.0,860.0,,no,-121.95272224824785,37.53508876035438
2248273.0,562.0,6739.0,2.0,861.0,,no,-121.94429512744794,37.54141721734164
2248274.0,563.0,6757.0,2.0,686.0,,no,-122.07405474349724,37.66647591143898
2248275.0,564.0,6772.0,2.0,276.0,,no,-122.19600144863809,37.764063328357835
2248276.0,565.0,6785.0,2.0,834.0,,no,-122.00854610960978,37.55577739571304
2248277.0,566.0,6800.0,2.0,320.0,,no,-122.13890212991195,37.74681138346561
2248278.0,567.0,6809.0,2.0,457.0,,no,-122.21963289903317,37.82006756690977
2248279.0,568.0,6819.0,2.0,624.0,,no,-122.12055165332463,37.69433914720525
2248280.0,569.0,6832.0,2.0,387.0,,no,-122.26829751383073,37.87666309837853
2248281.0,570.0,6846.0,2.0,832.0,,no,-122.02604523721224,37.55404002156209
2248282.0,571.0,6858.0,2.0,336.0,,no,-122.29159484202965,37.89475845913707
2248283.0,572.0,6863.0,2.0,602.0,,no,-122.15756424493618,37.69598308572487
2248285.0,573.0,6878.0,2.0,347.0,,no,-122.28750872284775,37.89013710157911
2248286.0,574.0,6891.0,2.0,901.0,,no,-121.92032898958736,37.532532147508235
2248287.0,575.0,6903.0,2.0,292.0,,no,-122.17910492737049,37.73054394828527
2248288.0,576.0,6915.0,2.0,997.0,,no,-121.61593687208945,37.673596822866266
2248289.0,577.0,6932.0,2.0,933.0,,no,-122.0046114701436,37.524384885761904
2248290.0,578.0,6947.0,2.0,261.0,,no,-122.17356083302478,37.76471055326302
2248291.0,579.0,6964.0,2.0,607.0,,no,-122.18266873263448,37.69293905905631
2248292.0,580.0,6972.0,2.0,294.0,,no,-122.17015631964912,37.736451867610924
2248293.0,581.0,6985.0,2.0,212.0,,no,-122.20607568474716,37.78905084026114
2248294.0,582.0,6995.0,2.0,353.0,,no,-122.27785405514673,37.8952034067461
2248295.0,583.0,7005.0,2.0,332.0,,no,-122.1671169615899,37.74159594634172
2248296.0,584.0,7014.0,2.0,834.0,,no,-122.01019229030082,37.55141322090035
2248297.0,585.0,7022.0,2.0,837.0,,no,-121.99926682441702,37.55509598974511
2248298.0,586.0,7038.0,2.0,453.0,,no,-122.22575119105403,37.81806364845148
2248299.0,587.0,7050.0,2.0,901.0,,no,-121.92297482819514,37.52944025290424
2248300.0,588.0,7063.0,2.0,710.0,,no,-122.09663190046673,37.62965819419624
2248301.0,589.0,7076.0,2.0,222.0,,no,-122.22091194150137,37.7789455074352
2248302.0,590.0,7087.0,2.0,619.0,,no,-122.10330560456114,37.689142541649524
2248303.0,591.0,7104.0,2.0,325.0,,no,-122.15557771994196,37.742829442744906
2248304.0,592.0,7114.0,2.0,478.0,,no,-122.28028340539245,37.772996965137445
2248305.0,593.0,7128.0,2.0,737.0,,no,-122.04708454961948,37.62234656356521
2248306.0,594.0,7146.0,2.0,266.0,,no,-122.17791514866784,37.75830939061547
2248307.0,595.0,7147.0,1.0,358.0,,no,-122.27928426280025,37.88853472426808
2248310.0,596.0,7172.0,2.0,936.0,,no,-121.89949801142174,37.711526894880166
2248311.0,597.0,7188.0,2.0,251.0,,no,-122.13671954357686,37.777313227068966
2248312.0,598.0,7195.0,2.0,179.0,,no,-122.22660269545725,37.779188395557
2248313.0,599.0,7205.0,2.0,230.0,,no,-122.19830151670057,37.767625357385256
2248314.0,600.0,7219.0,2.0,618.0,,no,-122.14398431107008,37.686913025142594
2248315.0,601.0,7229.0,2.0,691.0,,no,-122.08232202685049,37.66285245682467
2248316.0,602.0,7242.0,2.0,713.0,,no,-122.1158438327008,37.64807612782546
2248317.0,603.0,7252.0,2.0,879.0,,no,-121.99826420749609,37.545060214992056
2248318.0,604.0,7263.0,2.0,1765.0,,no,-121.95201141600332,37.940256522162656
2248319.0,605.0,7270.0,2.0,1340.0,,no,-121.73179475439039,37.97718168984294
2248320.0,606.0,7281.0,2.0,1759.0,,no,-121.89005872971207,37.75667460875258
2248321.0,607.0,7292.0,2.0,1619.0,,no,-122.08255907257903,37.920120316020586
2248322.0,608.0,7297.0,2.0,1568.0,,no,-122.05051357799879,37.959098463961276
2248323.0,609.0,7309.0,2.0,1435.0,,no,-121.90017475700508,38.037371109954236
2248324.0,610.0,7319.0,2.0,1717.0,,no,-122.13793497849689,37.81356504589901
2248325.0,611.0,7337.0,2.0,1899.0,,no,-122.35733615662107,37.931822388002054
2248326.0,612.0,7348.0,2.0,1672.0,,no,-121.99771618292483,37.818015148047714
2248327.0,613.0,7357.0,2.0,1642.0,,no,-121.92519262608187,37.731172944058436
2248329.0,614.0,7366.0,2.0,1710.0,,no,-122.0713340466253,37.8633582607684
2248330.0,615.0,7373.0,2.0,1470.0,,no,-122.09822973993536,37.98690100989061
2248331.0,616.0,7388.0,2.0,1543.0,,no,-121.99579130882252,37.970191654024134
2248332.0,617.0,7398.0,2.0,1589.0,,no,-122.03865179946497,37.948597013296244
2248333.0,618.0,7409.0,2.0,1660.0,,no,-121.97051959647563,37.791698236849996
2248334.0,619.0,7418.0,2.0,1704.0,,no,-122.05863575678568,37.851973720238185
2248335.0,620.0,7438.0,2.0,1389.0,,no,-121.85063151996088,37.99878821477963
2248336.0,621.0,7449.0,2.0,1888.0,,no,-122.34372186333381,37.93846328107977
2248337.0,622.0,7463.0,2.0,1845.0,,no,-122.35326726038244,37.965809572341975
2248338.0,623.0,7475.0,2.0,1528.0,,no,-121.99160725309032,37.97981435506925
2248339.0,624.0,7486.0,2.0,1595.0,,no,-122.03191302636274,37.928766899813375
2248340.0,625.0,7498.0,2.0,1923.0,,no,-122.30008191628286,37.93446859780072
2248341.0,626.0,7503.0,2.0,1794.0,,no,-122.303327040117,38.003086164744055
2248342.0,627.0,7516.0,2.0,1655.0,,no,-121.95501766577597,37.75184002661445
2248343.0,628.0,7532.0,2.0,1892.0,,no,-122.35532275722366,37.94316025276824
2248344.0,629.0,7548.0,2.0,1651.0,,no,-121.94310633074555,37.75975764561915
2248345.0,630.0,7557.0,2.0,1435.0,,no,-121.92145591102239,38.03319597537106
2248346.0,631.0,7568.0,2.0,1769.0,,no,-121.92729827472638,37.948827058344065
2248347.0,632.0,7576.0,2.0,1366.0,,no,-121.60266240525299,37.8909580065592
2248349.0,633.0,7586.0,2.0,1717.0,,no,-122.12569996705956,37.80948693045667
2248350.0,634.0,7599.0,2.0,1643.0,,no,-121.92881271306246,37.73167334183047
2248351.0,635.0,7608.0,2.0,1365.0,,no,-121.59283491636555,37.917461720383066
2248352.0,636.0,7619.0,2.0,1897.0,,no,-122.35012213233765,37.931917528550265
2248354.0,637.0,7644.0,2.0,1916.0,,no,-122.3277255180776,37.92342200063328
2248355.0,638.0,7656.0,2.0,1500.0,,no,-122.07353125628188,37.92755429931148
2248357.0,639.0,7671.0,2.0,3759.0,,no,-122.5052980502794,37.888548639616964
2248358.0,640.0,7679.0,2.0,3759.0,,no,-122.50540072804638,37.88707207838662
2248359.0,641.0,7692.0,2.0,3682.0,,no,-122.54164617508754,37.978268384365045
2248360.0,642.0,7706.0,2.0,3653.0,,no,-122.5451781392608,38.05161701943794
2248361.0,643.0,7722.0,2.0,3727.0,,no,-122.53085764732842,37.94940252086737
2248365.0,644.0,7739.0,2.0,4305.0,,no,-122.295889053689,38.29362381829937
2248381.0,645.0,7751.0,2.0,6113.0,,no,-122.49240111773685,37.75558071824029
2248382.0,646.0,7763.0,2.0,5769.0,,no,-122.44333326423978,37.788452983006465
2248383.0,647.0,7771.0,2.0,5838.0,,no,-122.44679414851866,37.767075127834985
2248384.0,648.0,7786.0,2.0,6233.0,,no,-122.4063408346439,37.79529807534794
2248385.0,649.0,7804.0,2.0,6074.0,,no,-122.46826274024374,37.72681394128256
2248386.0,650.0,7812.0,2.0,5849.0,,no,-122.40739855727571,37.76638822847933
2248387.0,651.0,7822.0,2.0,5871.0,,no,-122.44584151154827,37.75338944496845
2248388.0,652.0,7835.0,2.0,5673.0,,no,-122.40794680885118,37.80633124023659
2248389.0,653.0,7851.0,2.0,5859.0,,no,-122.42045678830071,37.76612304884515
2248390.0,654.0,7871.0,2.0,5784.0,,no,-122.45508900280012,37.782858972975
2248391.0,655.0,7880.0,2.0,5985.0,,no,-122.41951074670767,37.72544189056424
2248392.0,656.0,7890.0,2.0,5956.0,,no,-122.3946051405408,37.71968568349184
2248393.0,657.0,7906.0,2.0,5900.0,,no,-122.43975704576657,37.75223033841483
2248394.0,658.0,7919.0,2.0,6013.0,,no,-122.45561082862605,37.70961328616723
2248395.0,659.0,7928.0,2.0,6131.0,,no,-122.47985444644952,37.73638080579073
2248396.0,660.0,7937.0,2.0,5824.0,,no,-122.43276941462575,37.769352528976455
2248398.0,661.0,7949.0,2.0,1325.0,6493.0,1325.0,-121.60272190639876,38.064908006546936
2248399.0,662.0,7963.0,2.0,997.0,6634.0,997.0,-121.6576091018183,37.54918998789048
2248411.0,663.0,7976.0,2.0,1362.0,6337.0,1362.0,-121.60414574292615,37.84069576786999
2248414.0,664.0,8009.0,2.0,1325.0,6476.0,1325.0,-121.63938601798937,37.981169605554115
2248427.0,665.0,8026.0,2.0,1362.0,6555.0,1362.0,-121.65116381221726,37.83194443100852
2248435.0,666.0,8034.0,2.0,1325.0,6367.0,1325.0,-121.66482574688686,38.05352545543029
2248440.0,667.0,8040.0,2.0,997.0,6623.0,997.0,-121.62660202715433,37.76766330713784
2248441.0,668.0,8051.0,2.0,1362.0,6463.0,1362.0,-121.64670830761105,37.87585402545764
2248444.0,669.0,8059.0,2.0,997.0,6621.0,997.0,-121.67865446620931,37.63106585262025
2248462.0,670.0,8099.0,2.0,6932.0,,no,-122.4510931067079,37.59419095711972
2248464.0,671.0,8110.0,2.0,7266.0,,no,-122.15491309269967,37.45726420636786
2248467.0,672.0,8136.0,2.0,6991.0,,no,-122.35119531812707,37.59109324884744
2248468.0,673.0,8147.0,2.0,6841.0,,no,-122.49275588563268,37.67984793577698
2248469.0,674.0,8156.0,2.0,7113.0,,no,-122.25496831436018,37.49553406850098
2248471.0,675.0,8172.0,2.0,6844.0,,no,-122.48966837901493,37.69822335380236
2248473.0,676.0,8184.0,2.0,6834.0,,no,-122.48480104219689,37.69906163665105
2248474.0,677.0,8197.0,2.0,7264.0,,no,-122.1564379907814,37.463946111802215
2248475.0,678.0,8208.0,2.0,7125.0,,no,-122.28960182988378,37.485179380846525
2248477.0,679.0,8221.0,2.0,6998.0,,no,-122.37436311776688,37.55062155684107
2248478.0,680.0,8233.0,2.0,7088.0,,no,-122.28489744657044,37.53850527297181
2248479.0,681.0,8247.0,2.0,7038.0,,no,-122.32712457160851,37.530403195114154
2248480.0,682.0,8256.0,2.0,8456.0,,no,-122.13024765875113,37.429153398642306
2248481.0,683.0,8270.0,2.0,8031.0,,no,-121.9451223974222,37.3945646073945
2248482.0,684.0,8281.0,2.0,7762.0,,no,-121.84855462113698,37.2791628545902
2248483.0,685.0,8296.0,2.0,8544.0,,no,-121.82300450303443,37.2622812880632
2248484.0,686.0,8307.0,2.0,8317.0,,no,-122.04252594816327,37.361002110063204
2248485.0,687.0,8315.0,2.0,7708.0,,no,-121.91694127962235,37.25408004014841
2248486.0,688.0,8326.0,2.0,7889.0,,no,-121.85010366316783,37.35566187941682
2248488.0,689.0,8342.0,2.0,8240.0,,no,-122.04489852644214,37.318942163977056
2248490.0,690.0,8354.0,2.0,8522.0,,no,-121.88509607176259,37.24322009042985
2248491.0,691.0,8364.0,2.0,7664.0,,no,-121.92204564972073,37.3142654677163
2248492.0,692.0,8373.0,2.0,8177.0,,no,-121.96656663189786,37.23570914203505
2248493.0,693.0,8388.0,2.0,7763.0,,no,-121.85504909290393,37.327714318859414
2248494.0,694.0,8399.0,2.0,8126.0,,no,-121.95629115652955,37.32021149817327
2248495.0,695.0,8409.0,2.0,8372.0,,no,-122.06846791571384,37.39027193525794
2248498.0,696.0,8419.0,2.0,8117.0,,no,-121.99120136727832,37.32236180243696
2248499.0,697.0,8432.0,2.0,8337.0,,no,-122.026658805739,37.37391316493561
2248500.0,698.0,8443.0,2.0,7621.0,,no,-121.88860476117242,37.35100249001577
2248502.0,699.0,8454.0,2.0,8131.0,,no,-121.97682446655755,37.309607424210384
2248505.0,700.0,8471.0,2.0,8435.0,,no,-122.108758613734,37.397075261436385
2248506.0,701.0,8486.0,2.0,8483.0,,no,-122.1503988637607,37.41732422668747
2248507.0,702.0,8501.0,2.0,7749.0,,no,-121.87585889022536,37.27697949795911
2248509.0,703.0,8521.0,2.0,8104.0,,no,-121.97839879731636,37.3374391339493
2248510.0,704.0,8534.0,2.0,7771.0,,no,-121.84874289659976,37.32000741421431
2248511.0,705.0,8548.0,2.0,8325.0,,no,-122.01174772099665,37.3611500177731
2248512.0,706.0,8568.0,2.0,8324.0,,no,-122.02189848951438,37.36154518503841
2248513.0,707.0,8577.0,2.0,7925.0,,no,-121.82152723599492,37.37241008882371
2248514.0,708.0,8586.0,2.0,7648.0,,no,-121.90328454933257,37.316426916194985
2248517.0,709.0,8597.0,2.0,8121.0,,no,-121.98702958466654,37.31321220505375
2248518.0,710.0,8612.0,2.0,8154.0,,no,-121.9844868295204,37.29055955150873
2248519.0,711.0,8620.0,2.0,8352.0,,no,-122.00120070977442,37.39249588164215
2248520.0,712.0,8636.0,2.0,8481.0,,no,-122.14425671069924,37.42673983482273
2248521.0,713.0,8647.0,2.0,7881.0,,no,-121.8625754982746,37.35340261647678
2248522.0,714.0,8653.0,2.0,8325.0,,no,-122.01076683403281,37.36500111195556
2248523.0,715.0,8668.0,2.0,7924.0,,no,-121.83608947347145,37.35377848722305
2248527.0,716.0,8678.0,2.0,8360.0,,no,-122.06560729543345,37.37866602077117
2248531.0,717.0,8688.0,2.0,8312.0,,no,-122.04387503805793,37.35773790296984
2248537.0,718.0,8699.0,2.0,8608.0,8835.0,8608.0,-121.68711293943147,37.05826999629066
2248542.0,719.0,8708.0,2.0,8608.0,8713.0,8608.0,-121.77274964164461,37.057243521279155
2248547.0,720.0,8720.0,2.0,9164.0,,no,-121.96344207353835,38.28801099620424
2248548.0,721.0,8726.0,2.0,9269.0,,no,-121.9731805873117,38.35331014159104
2248549.0,722.0,8737.0,2.0,9080.0,,no,-122.23338966049803,38.120667445704605
2248553.0,723.0,8747.0,2.0,9191.0,,no,-122.01297070565968,38.26721715951026
2248554.0,724.0,8765.0,2.0,9210.0,,no,-121.99207949747769,38.24898108762693
2248555.0,725.0,8778.0,2.0,9292.0,,no,-121.97371178494662,38.38251475061309
2248558.0,726.0,8794.0,2.0,9145.0,,no,-122.0709257619463,38.29095965082782
2248560.0,727.0,8813.0,2.0,9203.0,,no,-122.0179271229811,38.251697376113675
2248561.0,728.0,8825.0,2.0,9128.0,,no,-122.1560001693673,38.06795221291328
2248565.0,729.0,8840.0,2.0,9123.0,,no,-122.17922006483774,38.08391791664457
2248567.0,730.0,8857.0,2.0,9073.0,,no,-122.23110036058614,38.098950554129125
2248570.0,731.0,8866.0,2.0,9457.0,,no,-122.7143782522325,38.38982391615474
2248574.0,732.0,8878.0,2.0,9613.0,,no,-122.81182003922349,38.39128364947471
2248575.0,733.0,8889.0,2.0,9367.0,,no,-122.63628460024059,38.26901003821911
2248612.0,734.0,8899.0,2.0,9393.0,,no,-122.6367166096239,38.24039979790749
2249026.0,735.0,8918.0,2.0,997.0,9784.0,997.0,-121.63907803804696,37.529906618503034
2249032.0,736.0,8936.0,2.0,8661.0,9857.0,8661.0,-121.43192700109101,37.14168569902764
2273238.0,737.0,8944.0,2.0,553.0,,no,-122.07369077529255,37.68745209006585
2273239.0,738.0,8953.0,2.0,1008.0,,no,-121.79168035828248,37.69261860984946
2273240.0,739.0,8962.0,2.0,125.0,,no,-122.22295220419863,37.800100366363566
2273241.0,740.0,8977.0,2.0,747.0,,no,-122.06783241051221,37.628122556197034
2273242.0,741.0,8988.0,2.0,826.0,,no,-122.03122426105223,37.56764619760788
2273243.0,742.0,8997.0,2.0,24.0,,no,-122.28369685971153,37.837615513398426
2273244.0,743.0,9012.0,2.0,680.0,,no,-122.09066108339054,37.65857248773373
2273246.0,744.0,9021.0,2.0,627.0,,no,-122.11170106707145,37.70097293379577
2273247.0,745.0,9033.0,2.0,9.0,,no,-122.2574515793074,37.844028520664594
2273248.0,746.0,9043.0,2.0,462.0,,no,-122.22831075053922,37.76401220811579
2273249.0,747.0,9048.0,2.0,688.0,,no,-122.04117354444567,37.660064980109205
2273250.0,748.0,9058.0,2.0,946.0,,no,-121.9356826970154,37.711771574266386
2273251.0,749.0,9066.0,2.0,923.0,,no,-122.04134637290237,37.50631804024954
2273252.0,750.0,9079.0,2.0,42.0,,no,-122.27221330331538,37.82131013748183
2273253.0,751.0,9100.0,2.0,213.0,,no,-122.2051464390921,37.790388124754216
2273254.0,752.0,9109.0,2.0,862.0,,no,-121.94272767310443,37.53678431871289
2273255.0,753.0,9123.0,2.0,261.0,,no,-122.17553142942748,37.76488871572166
2273256.0,754.0,9137.0,2.0,536.0,,no,-122.09697515119437,37.71142660349342
2273257.0,755.0,9147.0,2.0,518.0,,no,-122.30010193424434,37.774087215154225
2273258.0,756.0,9156.0,2.0,218.0,,no,-122.21486263542792,37.77961345990732
2273259.0,757.0,9166.0,2.0,563.0,,no,-122.16450132126398,37.73213750372863
2273260.0,758.0,9182.0,2.0,653.0,,no,-122.09688126773668,37.679661051939114
2273262.0,759.0,9194.0,2.0,1692.0,,no,-122.14613637670212,37.931263911880244
2273263.0,760.0,9205.0,2.0,1901.0,,no,-122.37468112313309,37.93144096675674
2273264.0,761.0,9220.0,2.0,1463.0,,no,-122.1099906672704,38.00291330466077
2273265.0,762.0,9233.0,2.0,1604.0,,no,-122.02526023166136,37.91734632533772
2273267.0,763.0,9243.0,2.0,1555.0,,no,-122.05645192868838,37.87880977087081
2273268.0,764.0,9254.0,2.0,1374.0,,no,-121.82417316207447,38.01471387967397
2273269.0,765.0,9269.0,2.0,1372.0,,no,-121.85225996980627,38.017937117329936
2273271.0,766.0,9287.0,1.0,1572.0,,no,-122.04477837398068,37.95550738872643
2273272.0,767.0,9305.0,2.0,1734.0,,no,-122.16807490672522,37.9054553709644
2273275.0,768.0,9314.0,2.0,1651.0,,no,-121.94933617971289,37.76409600037564
2273276.0,769.0,9320.0,2.0,1517.0,,no,-122.02846367249052,37.990473529786115
2273277.0,770.0,9328.0,2.0,1768.0,,no,-121.99450008114425,37.930656073951916
2273278.0,771.0,9338.0,2.0,3791.0,,no,-122.59220886838932,37.93134609420513
2273280.0,772.0,9375.0,2.0,3678.0,,no,-122.53200224095973,37.98541436571204
2273282.0,773.0,9386.0,2.0,6191.0,,no,-122.46312528949079,37.774687518610456
2273284.0,774.0,9400.0,2.0,6244.0,,no,-122.39344276981747,37.78262631069411
2273285.0,775.0,9411.0,2.0,5914.0,,no,-122.43645742448233,37.741474632957136
2273286.0,776.0,9422.0,2.0,6211.0,,no,-122.49547857156477,37.78060043023964
2273287.0,777.0,9437.0,2.0,6055.0,,no,-122.47189682134092,37.745686739514426
2273288.0,778.0,9449.0,2.0,997.0,6615.0,997.0,-121.62898407890088,37.6030911254873
2273289.0,779.0,9462.0,2.0,997.0,6637.0,997.0,-121.68510256510075,37.64333177391134
2273292.0,780.0,9478.0,2.0,997.0,6631.0,997.0,-121.57215737078134,37.50956512355075
2273295.0,781.0,9487.0,2.0,1325.0,6387.0,1325.0,-121.63516505492014,38.04643727333762
2273296.0,782.0,9503.0,2.0,1362.0,6599.0,1362.0,-121.66636492148251,37.88297169417072
2273298.0,783.0,9511.0,2.0,1325.0,6373.0,1325.0,-121.68623609168986,38.02711394708785
2273300.0,784.0,9518.0,2.0,1362.0,6275.0,1362.0,-121.61437642341932,37.86174630591
2273305.0,785.0,9540.0,2.0,1362.0,6329.0,1362.0,-121.58837097412588,37.83148198914385
2273311.0,786.0,9556.0,2.0,1362.0,6326.0,1362.0,-121.6383005632834,37.79736899805984
2273319.0,787.0,9571.0,2.0,7162.0,,no,-122.2116402253706,37.47353719637417
2273321.0,788.0,9583.0,2.0,6862.0,,no,-122.48189140387976,37.67059335457729
2273322.0,789.0,9595.0,2.0,6958.0,,no,-122.37977774523878,37.6018303041351
2273324.0,790.0,9606.0,2.0,7041.0,,no,-122.29657074558762,37.52726307218079
2273325.0,791.0,9621.0,2.0,7035.0,,no,-122.33788154693296,37.53778677083612
2273326.0,792.0,9638.0,2.0,6890.0,,no,-122.4227632806298,37.660452871077986
2273327.0,793.0,9645.0,2.0,7675.0,,no,-121.91115333254349,37.30571027852663
2273328.0,794.0,9653.0,2.0,7624.0,,no,-121.87644689339538,37.35054535731404
2273329.0,795.0,9666.0,2.0,8073.0,,no,-121.995120070444,37.346269470999836
2273333.0,796.0,9687.0,2.0,8389.0,,no,-122.11568474621531,37.41133732723259
2273334.0,797.0,9696.0,2.0,7998.0,,no,-121.84344699909845,37.45588319073241
2273336.0,798.0,9706.0,2.0,7809.0,,no,-121.79626718527699,37.35059446774606
2273339.0,799.0,9721.0,2.0,7890.0,,no,-121.85757327597311,37.35485287632611
2273341.0,800.0,9736.0,2.0,8094.0,,no,-121.94676248257544,37.33777370141771
2273345.0,801.0,9746.0,2.0,8500.0,8663.0,8500.0,-121.91173383059383,37.14991524250346
2273346.0,802.0,9757.0,2.0,9184.0,,no,-122.02665452597155,38.260825095301385
2273347.0,803.0,9766.0,2.0,9039.0,,no,-122.17529782228068,38.15220521652644
2273351.0,804.0,9791.0,2.0,9095.0,,no,-122.256076231919,38.1535694773086
2273352.0,805.0,9808.0,2.0,9143.0,,no,-122.07409672596499,38.264989009726364
2273354.0,806.0,9821.0,2.0,9066.0,,no,-122.24344227330008,38.08423609141373
2273355.0,807.0,9834.0,2.0,9061.0,,no,-122.20988339855265,38.078903940943576
2273356.0,808.0,9843.0,2.0,9363.0,,no,-122.62156595261995,38.249239210330344
2273361.0,809.0,9856.0,2.0,9342.0,,no,-122.47776607482872,38.312981558678985
6665956.0,810.0,9872.0,2.0,894.0,,no,-121.92190509909553,37.51148803959929
6665957.0,811.0,9885.0,2.0,448.0,,no,-122.28935038546973,37.84833045811096
6665958.0,812.0,9894.0,2.0,10.0,,no,-122.25746513733016,37.84913859144993
6665959.0,813.0,9908.0,2.0,362.0,,no,-122.26314382110252,37.895118053390604
6665960.0,814.0,9922.0,2.0,771.0,,no,-122.06733387493964,37.588498039962005
6665961.0,815.0,9932.0,2.0,798.0,,no,-122.00621036467062,37.56836724278182
6665964.0,816.0,9945.0,2.0,299.0,,no,-122.17867637726853,37.748289273494436
6665965.0,817.0,9958.0,2.0,219.0,,no,-122.21104532213913,37.77692583847827
6665966.0,818.0,9964.0,2.0,584.0,,no,-122.12227879182609,37.71194392498075
6665967.0,819.0,9975.0,2.0,183.0,,no,-122.2240468696537,37.79155825425791
6665971.0,820.0,9993.0,2.0,4360.0,,no,-122.24534124974568,38.19102746529199
6665973.0,821.0,10003.0,2.0,4383.0,,no,-122.25843623380993,38.33057216701674
6665974.0,822.0,10018.0,2.0,5829.0,,no,-122.42796466041978,37.769743147448935
6665975.0,823.0,10036.0,2.0,5718.0,,no,-122.41883291427972,37.78728862602397
6665979.0,824.0,10042.0,2.0,1325.0,6410.0,1325.0,-121.65478885261356,38.05358667257265
6665980.0,825.0,10050.0,2.0,997.0,6638.0,997.0,-121.59031467155192,37.552428123946015
6665982.0,826.0,10064.0,2.0,997.0,6646.0,997.0,-121.56048382134423,37.72682553369945
6665983.0,827.0,10074.0,2.0,1362.0,6546.0,1362.0,-121.63798167206221,37.88225413641534
6665986.0,828.0,10091.0,2.0,997.0,6605.0,997.0,-121.62666089970165,37.69588294135012
6665990.0,829.0,10103.0,2.0,6949.0,,no,-122.42234508129509,37.62015753493613
6665991.0,830.0,10113.0,2.0,7139.0,,no,-122.2415356033024,37.491196684215275
6665992.0,831.0,10123.0,2.0,7043.0,,no,-122.30219950108012,37.53214353822069
6665994.0,832.0,10135.0,2.0,7150.0,,no,-122.24623848947014,37.52706514587153
6665995.0,833.0,10144.0,2.0,8255.0,,no,-122.03283488121546,37.31121817389854
6665996.0,834.0,10162.0,2.0,8269.0,,no,-122.01816537486437,37.30572158920812
6665997.0,835.0,10172.0,2.0,8172.0,,no,-121.96593054304992,37.27133920128051
6665998.0,836.0,10182.0,2.0,7967.0,,no,-121.86702654571339,37.39108773771554
6666003.0,837.0,10194.0,2.0,9333.0,,no,-122.48837519645872,38.279938492180506
6667675.0,838.0,10201.0,2.0,772.0,,no,-122.07123433341704,37.584427292222614
6667676.0,839.0,10210.0,2.0,625.0,,no,-122.1290042683808,37.695064223131766
6667677.0,840.0,10219.0,2.0,387.0,,no,-122.26646195054047,37.87400911151937
6667678.0,841.0,10230.0,2.0,392.0,,no,-122.26443915193622,37.87596292276505
6667679.0,842.0,10241.0,2.0,155.0,,no,-122.22887029368552,37.79955453015663
6667680.0,843.0,10250.0,2.0,203.0,,no,-122.19380064673156,37.800557163390934
6667681.0,844.0,10257.0,2.0,577.0,,no,-122.1476420518409,37.72228805645392
6667682.0,845.0,10265.0,2.0,1669.0,,no,-121.98209164887751,37.778447290355096
6667683.0,846.0,10281.0,2.0,1448.0,,no,-122.08570075809921,38.03745612910492
6667684.0,847.0,10297.0,2.0,1703.0,,no,-122.15152519899597,37.87621097631635
6667686.0,848.0,10306.0,2.0,1362.0,6598.0,1362.0,-121.60560635491491,37.870311498355484
6667695.0,849.0,10317.0,2.0,1362.0,6456.0,1362.0,-121.66133104994935,37.8869869566875
6667698.0,850.0,10330.0,2.0,1362.0,6463.0,1362.0,-121.58793064653783,37.86707488059079
6667700.0,851.0,10348.0,2.0,997.0,6628.0,997.0,-121.71011964466406,37.64767410040754
6670605.0,852.0,10370.0,2.0,31.0,,no,-122.26325611185776,37.83294131726333
6670606.0,853.0,10379.0,2.0,211.0,,no,-122.20443527123078,37.78297387168435
6670607.0,854.0,10401.0,2.0,532.0,,no,-122.0921498992742,37.72096348147639
6670608.0,855.0,10410.0,2.0,155.0,,no,-122.22973035282463,37.79990638033184
6670609.0,856.0,10425.0,2.0,16.0,,no,-122.27620144048527,37.844282043105636
6670610.0,857.0,10443.0,2.0,641.0,,no,-122.05064414928796,37.69000699249768
6670611.0,858.0,10459.0,2.0,245.0,,no,-122.18338975363883,37.786347841205895
6670612.0,859.0,10467.0,2.0,198.0,,no,-122.19882814271918,37.80164287294576
6670613.0,860.0,10483.0,2.0,1023.0,,no,-121.75299449237315,37.68041362004361
6670614.0,861.0,10489.0,2.0,650.0,,no,-122.08934270666589,37.677499959227895
6670615.0,862.0,10499.0,2.0,956.0,,no,-121.92123970494032,37.67933884741082
6670616.0,863.0,10514.0,2.0,951.0,,no,-121.9271182572636,37.635080224465824
6670617.0,864.0,10526.0,2.0,15.0,,no,-122.26376156921599,37.84189464000691
6670618.0,865.0,10535.0,2.0,728.0,,no,-122.072514791126,37.63179635292591
6670624.0,866.0,10542.0,2.0,1325.0,6533.0,1325.0,-121.5888283863419,38.03955802418185
6670630.0,867.0,10556.0,2.0,7655.0,,no,-121.93740707058033,37.32643887265836
6670631.0,868.0,10569.0,2.0,8204.0,,no,-121.98429772323148,37.235882160133805
6670632.0,869.0,10574.0,2.0,8493.0,,no,-122.15334669815292,37.3737079455548
6670633.0,870.0,10581.0,2.0,8409.0,,no,-122.08892525057561,37.37558208720709
6670636.0,871.0,10600.0,2.0,8483.0,,no,-122.15357090429859,37.414450326709186
6670637.0,872.0,10613.0,2.0,8200.0,,no,-121.97252991213963,37.22801689474567
6670639.0,873.0,10628.0,2.0,8533.0,,no,-121.85874858561074,37.269287395789966
6672565.0,874.0,10649.0,2.0,142.0,,no,-122.25288416555425,37.796636054525706
6672566.0,875.0,10665.0,2.0,846.0,,no,-121.97706344320626,37.55745270541032
6672567.0,876.0,10677.0,2.0,667.0,,no,-122.14159077870703,37.674419509194564
6672568.0,877.0,10691.0,2.0,858.0,,no,-121.94770199000469,37.550883352810395
6672569.0,878.0,10707.0,2.0,760.0,,no,-122.02100832025936,37.60484700612485
6672570.0,879.0,10720.0,2.0,486.0,,no,-122.25469333142982,37.76766766258251
6672571.0,880.0,10736.0,2.0,756.0,,no,-122.01444059097585,37.63042562007799
6672572.0,881.0,10752.0,2.0,279.0,,no,-122.18993355737824,37.758387084175226
6672573.0,882.0,10766.0,2.0,758.0,,no,-122.0228507066678,37.596944665617066
6672574.0,883.0,10779.0,2.0,1361.0,,no,-121.73410646779791,37.91115734062702
6672576.0,884.0,10795.0,2.0,3678.0,,no,-122.54116714127083,37.98635052825396
6672577.0,885.0,10818.0,2.0,6006.0,,no,-122.43915347437112,37.720288172643315
6672579.0,886.0,10830.0,2.0,5741.0,,no,-122.44189178224205,37.80268105240183
6672580.0,887.0,10845.0,2.0,5744.0,,no,-122.44149403060197,37.795540166764034
6672584.0,888.0,10856.0,2.0,8214.0,,no,-122.00672771778308,37.27377148063147
6672586.0,889.0,10869.0,2.0,7836.0,,no,-121.76684389120034,37.31108699105796
6672589.0,890.0,10893.0,2.0,8322.0,,no,-122.01931676772735,37.366691097863225
6672590.0,891.0,10903.0,2.0,8479.0,,no,-122.13501684889408,37.433872951792516
6672591.0,892.0,10913.0,2.0,7938.0,,no,-121.84726931256537,37.40152803857935
6672592.0,893.0,10927.0,2.0,9112.0,9113.0,9112.0,-122.16543944508356,38.04150583373424
6672593.0,894.0,10938.0,2.0,9126.0,,no,-122.17374716332554,38.07372103633996
6673716.0,895.0,10946.0,2.0,349.0,,no,-122.26105961604254,37.8992778456915
6673717.0,896.0,10960.0,2.0,747.0,,no,-122.07022299470894,37.62797077647063
6673718.0,897.0,10969.0,2.0,496.0,,no,-122.23685261605159,37.76208481352335
6673719.0,898.0,10978.0,2.0,689.0,,no,-122.07775456112978,37.66048479782555
6673720.0,899.0,10992.0,2.0,318.0,,no,-122.12289560305689,37.75440034549816
6673721.0,900.0,10998.0,2.0,1369.0,,no,-121.60515807818614,37.944628192208704
6673723.0,901.0,11011.0,2.0,5712.0,,no,-122.40738432490247,37.79328247596178
6673728.0,902.0,11021.0,2.0,997.0,6544.0,997.0,-121.59370109260101,37.66321002994486
6673736.0,903.0,11035.0,2.0,7200.0,,no,-122.1652756058222,37.48985114061588
6673737.0,904.0,11051.0,2.0,7045.0,,no,-122.32253899786893,37.53135888676985
6673740.0,905.0,11062.0,2.0,8141.0,,no,-121.94581166176536,37.29947388552374
6673741.0,906.0,11077.0,2.0,8198.0,,no,-121.9908094440821,37.22684040626345
6673742.0,907.0,11088.0,2.0,8538.0,,no,-121.84705624736121,37.274400945651024
6673743.0,908.0,11098.0,2.0,9127.0,,no,-122.1674069934418,38.067920419131774
6673746.0,909.0,11117.0,2.0,9524.0,,no,-122.6553625380053,38.47460704464474
6675506.0,910.0,11126.0,2.0,85.0,,no,-122.2584856816911,37.81101902441565
6675507.0,911.0,11134.0,2.0,542.0,,no,-122.0887182200021,37.70617274199778
6675508.0,912.0,11147.0,2.0,184.0,,no,-122.22926539775358,37.7893327683928
6675509.0,913.0,11155.0,2.0,1018.0,,no,-121.77853198560594,37.68603404790215
6675510.0,914.0,11169.0,2.0,544.0,,no,-122.0628638739062,37.70196005203412
6675511.0,915.0,11178.0,2.0,984.0,,no,-121.8966349520981,37.69992314564659
6675512.0,916.0,11186.0,2.0,1446.0,,no,-121.96643188161892,38.030299296426726
6675513.0,917.0,11206.0,2.0,1801.0,,no,-122.28385135334057,38.01348695948987
6675514.0,918.0,11220.0,2.0,1699.0,,no,-122.11161723464816,37.89181248855294
6675515.0,919.0,11237.0,2.0,1928.0,,no,-122.28874414166316,37.92444838217662
6675516.0,920.0,11254.0,2.0,5886.0,,no,-122.41853104527137,37.75753681667969
6675517.0,921.0,11268.0,2.0,5782.0,,no,-122.44880934321634,37.78307451807692
6675525.0,922.0,11282.0,2.0,7210.0,,no,-122.14878910179792,37.46702483316534
6675526.0,923.0,11292.0,2.0,7238.0,,no,-122.21990715334279,37.341550537401474
6675527.0,924.0,11303.0,2.0,6974.0,,no,-122.38416033165466,37.5801918471049
6675528.0,925.0,11315.0,2.0,8377.0,,no,-122.07619828313936,37.40991754703764
6675529.0,926.0,11326.0,2.0,8234.0,,no,-122.05306636155066,37.27890387390696
6675531.0,927.0,11337.0,2.0,8422.0,,no,-122.08521606546819,37.364780685020854
6675532.0,928.0,11349.0,2.0,8483.0,,no,-122.15701027106202,37.41492496656045
6675533.0,929.0,11363.0,2.0,8608.0,8836.0,8608.0,-121.60042828782089,36.95789728377889
6675534.0,930.0,11371.0,2.0,9039.0,,no,-122.196110743301,38.137700814323246
6675535.0,931.0,11372.0,1.0,9255.0,,no,-121.95653126951808,38.33051298689426
6675536.0,932.0,11397.0,2.0,9073.0,,no,-122.23220515598719,38.097390945833375
7252986.0,933.0,11406.0,2.0,979.0,,no,-121.8717085284843,37.65841462986719
7252987.0,934.0,11414.0,2.0,65.0,,no,-122.26975017491989,37.80847649237032
7252990.0,935.0,11432.0,2.0,9249.0,,no,-121.96677344506443,38.333509846639075
7253120.0,936.0,11438.0,2.0,1362.0,6596.0,1362.0,-121.63282232010374,37.80147354980849
7253127.0,937.0,11449.0,2.0,8203.0,,no,-121.96818313915927,37.21376573592667
7253130.0,938.0,11460.0,2.0,8661.0,9947.0,8661.0,-121.68274865286591,37.23048053842779
7253632.0,939.0,11475.0,2.0,682.0,,no,-122.0575860217355,37.677112737513035
7253633.0,940.0,11488.0,2.0,961.0,,no,-121.9130708758711,37.69254724250913
7254001.0,941.0,11517.0,2.0,15.0,,no,-122.26566104679603,37.83983485532534
7254002.0,942.0,11533.0,2.0,6017.0,,no,-122.43815555623021,37.712886441559164
7254004.0,943.0,11547.0,2.0,8465.0,,no,-122.13310388954478,37.44089132308903
7254075.0,944.0,11564.0,2.0,1362.0,6461.0,1362.0,-121.5851537038255,37.86612789925307
7254190.0,945.0,11576.0,2.0,1369.0,6468.0,1369.0,-121.61079801826898,37.97577496705208
7333959.0,946.0,11587.0,2.0,850.0,,no,-121.9769348892226,37.55216479754101
7353673.0,947.0,11600.0,2.0,1325.0,6496.0,1325.0,-121.6151141434263,38.04235008603029
